Participant,Trial,Environment,Environment_Type,Chosen_Island,Probability,Random_Value,Reward,Score,Response_Time,Win-Stay,Lose-Shift,Exploration,Exploitation,ss1_score,ss1_group
FG001,151,1,High-Fast,1,60,0.3,1,1,5.72,0,0,0,0,0,low ss1
FG001,152,1,High-Fast,3,15,0.87,-1,0,3.43,0,0,1,0,0,low ss1
FG001,153,1,High-Fast,2,25,0.37,-1,-1,1.85,0,1,1,0,0,low ss1
FG001,154,1,High-Fast,1,60,0.02,1,0,0.78,0,1,1,0,0,low ss1
FG001,155,1,High-Fast,1,60,0.32,1,1,0.54,1,0,0,1,0,low ss1
FG001,156,1,High-Fast,1,60,0.92,-1,0,0.48,1,0,0,1,0,low ss1
FG001,157,1,High-Fast,2,25,0.18,1,1,1.16,0,1,1,0,0,low ss1
FG001,158,1,High-Fast,2,25,0.25,1,2,0.6,1,0,0,1,0,low ss1
FG001,159,1,High-Fast,2,25,0.95,-1,1,1.08,1,0,0,1,0,low ss1
FG001,160,1,High-Fast,3,15,0.85,-1,0,1.12,0,1,1,0,0,low ss1
FG001,161,1,High-Fast,1,25,0.9,-1,-1,0.76,0,1,1,0,0,low ss1
FG001,162,1,High-Fast,2,15,0.81,-1,-2,0.98,0,1,1,0,0,low ss1
FG001,163,1,High-Fast,3,60,0.16,1,-1,0.61,0,1,1,0,0,low ss1
FG001,164,1,High-Fast,3,60,0.6,-1,-2,1.36,1,0,0,1,0,low ss1
FG001,165,1,High-Fast,1,25,0.77,-1,-3,0.57,0,1,1,0,0,low ss1
FG001,166,1,High-Fast,2,15,0.21,-1,-4,1.02,0,1,1,0,0,low ss1
FG001,167,1,High-Fast,1,25,0.97,-1,-5,6.88,0,1,1,0,0,low ss1
FG001,168,1,High-Fast,3,60,0.43,1,-4,0.5,0,1,1,0,0,low ss1
FG001,169,1,High-Fast,2,15,0.18,-1,-5,0.79,0,0,1,0,0,low ss1
FG001,170,1,High-Fast,3,60,0.39,1,-4,0.7,0,1,1,0,0,low ss1
FG001,171,1,High-Fast,3,25,0.01,1,-3,0.38,1,0,0,1,0,low ss1
FG001,172,1,High-Fast,3,25,0.74,-1,-4,0.27,1,0,0,1,0,low ss1
FG001,173,1,High-Fast,1,15,0.78,-1,-5,0.65,0,1,1,0,0,low ss1
FG001,174,1,High-Fast,2,60,0.65,-1,-6,0.36,0,1,1,0,0,low ss1
FG001,175,1,High-Fast,2,60,0.54,1,-5,0.92,0,0,0,1,0,low ss1
FG001,176,1,High-Fast,2,60,0.31,1,-4,0.52,1,0,0,1,0,low ss1
FG001,177,1,High-Fast,2,60,0.67,-1,-5,0.43,1,0,0,1,0,low ss1
FG001,178,1,High-Fast,1,15,0.64,-1,-6,1.24,0,1,1,0,0,low ss1
FG001,179,1,High-Fast,1,15,0.06,1,-5,0.37,0,0,0,1,0,low ss1
FG001,180,1,High-Fast,1,15,0.29,-1,-6,0.42,1,0,0,1,0,low ss1
FG001,181,1,High-Fast,3,25,0.33,-1,-7,0.64,0,1,1,0,0,low ss1
FG001,182,1,High-Fast,2,15,1.0,-1,-8,2.38,0,1,1,0,0,low ss1
FG001,183,1,High-Fast,2,15,0.15,1,-7,0.77,0,0,0,1,0,low ss1
FG001,184,1,High-Fast,2,15,0.1,1,-6,0.47,1,0,0,1,0,low ss1
FG001,185,1,High-Fast,1,60,0.93,-1,-7,1.2,0,0,1,0,0,low ss1
FG001,186,1,High-Fast,3,25,0.54,-1,-8,0.62,0,1,1,0,0,low ss1
FG001,187,1,High-Fast,3,25,0.34,-1,-9,0.68,0,0,0,1,0,low ss1
FG001,188,1,High-Fast,3,25,0.96,-1,-10,0.46,0,0,0,1,0,low ss1
FG001,189,1,High-Fast,1,60,0.13,1,-9,0.52,0,1,1,0,0,low ss1
FG001,190,1,High-Fast,1,60,0.62,-1,-10,0.47,1,0,0,1,0,low ss1
FG001,191,1,High-Fast,2,25,0.27,-1,-11,1.19,0,1,1,0,0,low ss1
FG001,192,1,High-Fast,2,25,0.8,-1,-12,0.46,0,0,0,1,0,low ss1
FG001,193,1,High-Fast,2,25,0.07,1,-11,0.48,0,0,0,1,0,low ss1
FG001,194,1,High-Fast,2,25,0.33,-1,-12,1.71,1,0,0,1,0,low ss1
FG001,195,1,High-Fast,3,60,0.17,1,-11,1.37,0,1,1,0,0,low ss1
FG001,196,1,High-Fast,3,60,0.49,1,-10,0.65,1,0,0,1,0,low ss1
FG001,197,1,High-Fast,1,15,0.45,-1,-11,1.39,0,0,1,0,0,low ss1
FG001,198,1,High-Fast,2,25,0.47,-1,-12,0.71,0,1,1,0,0,low ss1
FG001,199,1,High-Fast,1,15,0.9,-1,-13,0.22,0,1,1,0,0,low ss1
FG001,200,1,High-Fast,1,15,0.07,1,-12,0.33,0,0,0,1,0,low ss1
FG001,1,2,Low-Slow,3,5,0.14,-1,-13,2.13,0,0,1,0,0,low ss1
FG001,2,2,Low-Slow,2,15,0.34,-1,-14,1.4,0,1,1,0,0,low ss1
FG001,3,2,Low-Slow,2,15,0.79,-1,-15,0.44,0,0,0,1,0,low ss1
FG001,4,2,Low-Slow,1,80,0.1,1,-14,0.55,0,1,1,0,0,low ss1
FG001,5,2,Low-Slow,1,80,0.35,1,-13,0.43,1,0,0,1,0,low ss1
FG001,6,2,Low-Slow,1,80,0.1,1,-12,0.41,1,0,0,1,0,low ss1
FG001,7,2,Low-Slow,3,5,0.65,-1,-13,1.16,0,0,1,0,0,low ss1
FG001,8,2,Low-Slow,2,15,0.34,-1,-14,0.68,0,1,1,0,0,low ss1
FG001,9,2,Low-Slow,2,15,0.52,-1,-15,1.54,0,0,0,1,0,low ss1
FG001,10,2,Low-Slow,3,5,0.93,-1,-16,1.36,0,1,1,0,0,low ss1
FG001,11,2,Low-Slow,3,5,0.24,-1,-17,1.3,0,0,0,1,0,low ss1
FG001,12,2,Low-Slow,3,5,0.0,1,-16,0.44,0,0,0,1,0,low ss1
FG001,13,2,Low-Slow,3,5,0.3,-1,-17,2.33,1,0,0,1,0,low ss1
FG001,14,2,Low-Slow,2,15,0.32,-1,-18,1.83,0,1,1,0,0,low ss1
FG001,15,2,Low-Slow,2,15,0.43,-1,-19,1.01,0,0,0,1,0,low ss1
FG001,16,2,Low-Slow,2,15,0.82,-1,-20,0.79,0,0,0,1,0,low ss1
FG001,17,2,Low-Slow,1,80,0.38,1,-19,0.53,0,1,1,0,0,low ss1
FG001,18,2,Low-Slow,1,80,0.82,-1,-20,0.46,1,0,0,1,0,low ss1
FG001,19,2,Low-Slow,3,5,0.53,-1,-21,0.63,0,1,1,0,0,low ss1
FG001,20,2,Low-Slow,2,15,0.55,-1,-22,0.36,0,1,1,0,0,low ss1
FG001,21,2,Low-Slow,2,15,0.53,-1,-23,0.64,0,0,0,1,0,low ss1
FG001,22,2,Low-Slow,3,5,0.04,1,-22,0.67,0,1,1,0,0,low ss1
FG001,23,2,Low-Slow,3,5,0.81,-1,-23,1.02,1,0,0,1,0,low ss1
FG001,24,2,Low-Slow,3,5,0.99,-1,-24,0.39,0,0,0,1,0,low ss1
FG001,25,2,Low-Slow,3,80,0.24,1,-23,0.29,0,0,0,1,0,low ss1
FG001,26,2,Low-Slow,1,15,0.49,-1,-24,0.83,0,0,1,0,0,low ss1
FG001,27,2,Low-Slow,1,15,0.02,1,-23,2.11,0,0,0,1,0,low ss1
FG001,28,2,Low-Slow,1,15,0.49,-1,-24,0.74,1,0,0,1,0,low ss1
FG001,29,2,Low-Slow,2,5,0.74,-1,-25,0.65,0,1,1,0,0,low ss1
FG001,30,2,Low-Slow,2,5,0.51,-1,-26,0.83,0,0,0,1,0,low ss1
FG001,31,2,Low-Slow,2,5,0.6,-1,-27,0.18,0,0,0,1,0,low ss1
FG001,32,2,Low-Slow,3,80,0.25,1,-26,0.3,0,1,1,0,0,low ss1
FG001,33,2,Low-Slow,3,80,0.66,1,-25,0.68,1,0,0,1,0,low ss1
FG001,34,2,Low-Slow,3,80,0.64,1,-24,0.31,1,0,0,1,0,low ss1
FG001,35,2,Low-Slow,3,80,0.71,1,-23,0.26,1,0,0,1,0,low ss1
FG001,36,2,Low-Slow,3,80,0.48,1,-22,0.19,1,0,0,1,0,low ss1
FG001,37,2,Low-Slow,3,80,0.65,1,-21,0.13,1,0,0,1,0,low ss1
FG001,38,2,Low-Slow,3,80,0.85,-1,-22,0.03,1,0,0,1,0,low ss1
FG001,39,2,Low-Slow,2,5,0.57,-1,-23,1.14,0,1,1,0,0,low ss1
FG001,40,2,Low-Slow,2,5,0.99,-1,-24,0.18,0,0,0,1,0,low ss1
FG001,41,2,Low-Slow,2,5,0.67,-1,-25,0.12,0,0,0,1,0,low ss1
FG001,42,2,Low-Slow,1,15,0.64,-1,-26,0.67,0,1,1,0,0,low ss1
FG001,43,2,Low-Slow,1,15,0.84,-1,-27,0.11,0,0,0,1,0,low ss1
FG001,44,2,Low-Slow,1,15,0.91,-1,-28,0.12,0,0,0,1,0,low ss1
FG001,45,2,Low-Slow,3,80,0.67,1,-27,1.88,0,1,1,0,0,low ss1
FG001,46,2,Low-Slow,3,80,0.78,1,-26,0.27,1,0,0,1,0,low ss1
FG001,47,2,Low-Slow,3,80,0.03,1,-25,0.29,1,0,0,1,0,low ss1
FG001,48,2,Low-Slow,3,80,0.9,-1,-26,0.51,1,0,0,1,0,low ss1
FG001,49,2,Low-Slow,2,5,0.04,1,-25,0.91,0,1,1,0,0,low ss1
FG001,50,2,Low-Slow,2,5,0.89,-1,-26,0.1,1,0,0,1,0,low ss1
FG001,101,3,High-Slow,3,15,0.56,-1,-27,1.95,0,1,1,0,0,low ss1
FG001,102,3,High-Slow,3,15,0.35,-1,-28,0.2,0,0,0,1,0,low ss1
FG001,103,3,High-Slow,2,25,0.39,-1,-29,0.87,0,1,1,0,0,low ss1
FG001,104,3,High-Slow,1,60,0.45,1,-28,0.21,0,1,1,0,0,low ss1
FG001,105,3,High-Slow,1,60,0.95,-1,-29,0.05,1,0,0,1,0,low ss1
FG001,106,3,High-Slow,2,25,0.61,-1,-30,0.26,0,1,1,0,0,low ss1
FG001,107,3,High-Slow,3,15,0.92,-1,-31,0.1,0,1,1,0,0,low ss1
FG001,108,3,High-Slow,1,60,0.9,-1,-32,0.27,0,1,1,0,0,low ss1
FG001,109,3,High-Slow,2,25,0.48,-1,-33,0.15,0,1,1,0,0,low ss1
FG001,110,3,High-Slow,3,15,0.75,-1,-34,0.13,0,1,1,0,0,low ss1
FG001,111,3,High-Slow,1,60,0.96,-1,-35,0.19,0,1,1,0,0,low ss1
FG001,112,3,High-Slow,2,25,0.54,-1,-36,0.06,0,1,1,0,0,low ss1
FG001,113,3,High-Slow,2,25,0.51,-1,-37,0.97,0,0,0,1,0,low ss1
FG001,114,3,High-Slow,2,25,0.22,1,-36,0.23,0,0,0,1,0,low ss1
FG001,115,3,High-Slow,2,25,0.3,-1,-37,0.02,1,0,0,1,0,low ss1
FG001,116,3,High-Slow,3,15,0.43,-1,-38,0.49,0,1,1,0,0,low ss1
FG001,117,3,High-Slow,1,60,0.2,1,-37,0.19,0,1,1,0,0,low ss1
FG001,118,3,High-Slow,1,60,0.87,-1,-38,0.5,1,0,0,1,0,low ss1
FG001,119,3,High-Slow,2,25,0.91,-1,-39,0.35,0,1,1,0,0,low ss1
FG001,120,3,High-Slow,3,15,0.03,1,-38,1.21,0,1,1,0,0,low ss1
FG001,121,3,High-Slow,1,60,0.86,-1,-39,0.65,0,0,1,0,0,low ss1
FG001,122,3,High-Slow,2,25,0.7,-1,-40,0.03,0,1,1,0,0,low ss1
FG001,123,3,High-Slow,3,15,0.55,-1,-41,0.22,0,1,1,0,0,low ss1
FG001,124,3,High-Slow,1,60,0.61,-1,-42,0.37,0,1,1,0,0,low ss1
FG001,125,3,High-Slow,2,25,0.22,1,-41,0.09,0,1,1,0,0,low ss1
FG001,126,3,High-Slow,3,25,0.07,1,-40,0.5,0,0,1,0,0,low ss1
FG001,127,3,High-Slow,1,15,0.17,-1,-41,0.77,0,0,1,0,0,low ss1
FG001,128,3,High-Slow,2,60,0.45,1,-40,0.35,0,1,1,0,0,low ss1
FG001,129,3,High-Slow,3,25,0.55,-1,-41,0.19,0,0,1,0,0,low ss1
FG001,130,3,High-Slow,1,15,0.84,-1,-42,0.17,0,1,1,0,0,low ss1
FG001,131,3,High-Slow,3,25,0.65,-1,-43,1.01,0,1,1,0,0,low ss1
FG001,132,3,High-Slow,2,60,0.01,1,-42,0.4,0,1,1,0,0,low ss1
FG001,133,3,High-Slow,1,15,0.31,-1,-43,0.99,0,0,1,0,0,low ss1
FG001,134,3,High-Slow,3,25,0.35,-1,-44,0.29,0,1,1,0,0,low ss1
FG001,135,3,High-Slow,2,60,0.89,-1,-45,0.05,0,1,1,0,0,low ss1
FG001,136,3,High-Slow,1,15,0.89,-1,-46,0.61,0,1,1,0,0,low ss1
FG001,137,3,High-Slow,3,25,0.07,1,-45,0.23,0,1,1,0,0,low ss1
FG001,138,3,High-Slow,1,15,0.24,-1,-46,1.39,0,0,1,0,0,low ss1
FG001,139,3,High-Slow,2,60,0.08,1,-45,0.3,0,1,1,0,0,low ss1
FG001,140,3,High-Slow,1,15,0.39,-1,-46,0.26,0,0,1,0,0,low ss1
FG001,141,3,High-Slow,2,60,0.58,1,-45,0.09,0,1,1,0,0,low ss1
FG001,142,3,High-Slow,3,25,0.25,1,-44,0.37,0,0,1,0,0,low ss1
FG001,143,3,High-Slow,1,15,0.7,-1,-45,0.46,0,0,1,0,0,low ss1
FG001,144,3,High-Slow,2,60,0.84,-1,-46,0.66,0,1,1,0,0,low ss1
FG001,145,3,High-Slow,3,25,0.56,-1,-47,0.72,0,1,1,0,0,low ss1
FG001,146,3,High-Slow,1,15,0.02,1,-46,0.33,0,1,1,0,0,low ss1
FG001,147,3,High-Slow,2,60,0.31,1,-45,0.1,0,0,1,0,0,low ss1
FG001,148,3,High-Slow,3,25,0.44,-1,-46,0.62,0,0,1,0,0,low ss1
FG001,149,3,High-Slow,1,15,0.48,-1,-47,0.4,0,1,1,0,0,low ss1
FG001,150,3,High-Slow,2,60,0.19,1,-46,0.27,0,1,1,0,0,low ss1
FG001,51,4,Low-Fast,1,80,0.11,1,-45,1.8,0,0,1,0,0,low ss1
FG001,52,4,Low-Fast,1,80,0.79,1,-44,1.49,1,0,0,1,0,low ss1
FG001,53,4,Low-Fast,1,80,0.36,1,-43,0.43,1,0,0,1,0,low ss1
FG001,54,4,Low-Fast,1,80,0.66,1,-42,0.16,1,0,0,1,0,low ss1
FG001,55,4,Low-Fast,1,80,0.02,1,-41,0.09,1,0,0,1,0,low ss1
FG001,56,4,Low-Fast,1,80,0.28,1,-40,0.1,1,0,0,1,0,low ss1
FG001,57,4,Low-Fast,1,80,0.27,1,-39,0.16,1,0,0,1,0,low ss1
FG001,58,4,Low-Fast,1,80,0.48,1,-38,0.11,1,0,0,1,0,low ss1
FG001,59,4,Low-Fast,1,80,0.28,1,-37,0.01,1,0,0,1,0,low ss1
FG001,60,4,Low-Fast,1,80,0.68,1,-36,0.05,1,0,0,1,0,low ss1
FG001,61,4,Low-Fast,1,15,0.07,1,-35,0.19,1,0,0,1,0,low ss1
FG001,62,4,Low-Fast,1,15,0.04,1,-34,0.11,1,0,0,1,0,low ss1
FG001,63,4,Low-Fast,1,15,0.2,-1,-35,0.04,1,0,0,1,0,low ss1
FG001,64,4,Low-Fast,3,80,0.29,1,-34,0.94,0,1,1,0,0,low ss1
FG001,65,4,Low-Fast,3,80,0.42,1,-33,0.33,1,0,0,1,0,low ss1
FG001,66,4,Low-Fast,3,80,0.57,1,-32,0.16,1,0,0,1,0,low ss1
FG001,67,4,Low-Fast,3,80,0.09,1,-31,0.13,1,0,0,1,0,low ss1
FG001,68,4,Low-Fast,3,80,0.54,1,-30,0.14,1,0,0,1,0,low ss1
FG001,69,4,Low-Fast,3,80,0.03,1,-29,0.14,1,0,0,1,0,low ss1
FG001,70,4,Low-Fast,3,80,0.63,1,-28,0.04,1,0,0,1,0,low ss1
FG001,71,4,Low-Fast,3,15,0.9,-1,-29,0.42,1,0,0,1,0,low ss1
FG001,72,4,Low-Fast,2,80,0.17,1,-28,0.21,0,1,1,0,0,low ss1
FG001,73,4,Low-Fast,2,80,0.56,1,-27,0.22,1,0,0,1,0,low ss1
FG001,74,4,Low-Fast,2,80,0.87,-1,-28,0.16,1,0,0,1,0,low ss1
FG001,75,4,Low-Fast,1,5,0.58,-1,-29,0.66,0,1,1,0,0,low ss1
FG001,76,4,Low-Fast,3,15,0.48,-1,-30,0.62,0,1,1,0,0,low ss1
FG001,77,4,Low-Fast,2,80,0.78,1,-29,0.05,0,1,1,0,0,low ss1
FG001,78,4,Low-Fast,2,80,0.02,1,-28,0.14,1,0,0,1,0,low ss1
FG001,79,4,Low-Fast,2,80,0.96,-1,-29,0.16,1,0,0,1,0,low ss1
FG001,80,4,Low-Fast,2,80,0.58,1,-28,0.96,0,0,0,1,0,low ss1
FG001,81,4,Low-Fast,2,5,0.67,-1,-29,0.18,1,0,0,1,0,low ss1
FG001,82,4,Low-Fast,1,80,0.78,1,-28,2.58,0,1,1,0,0,low ss1
FG001,83,4,Low-Fast,1,80,0.22,1,-27,0.03,1,0,0,1,0,low ss1
FG001,84,4,Low-Fast,1,80,0.6,1,-26,0.01,1,0,0,1,0,low ss1
FG001,85,4,Low-Fast,1,80,0.37,1,-25,0.26,1,0,0,1,0,low ss1
FG001,86,4,Low-Fast,1,80,0.13,1,-24,0.1,1,0,0,1,0,low ss1
FG001,87,4,Low-Fast,1,80,0.59,1,-23,0.07,1,0,0,1,0,low ss1
FG001,88,4,Low-Fast,1,80,0.1,1,-22,0.09,1,0,0,1,0,low ss1
FG001,89,4,Low-Fast,1,80,0.95,-1,-23,0.88,1,0,0,1,0,low ss1
FG001,90,4,Low-Fast,3,15,0.27,-1,-24,0.79,0,1,1,0,0,low ss1
FG001,91,4,Low-Fast,2,80,0.68,1,-23,0.28,0,1,1,0,0,low ss1
FG001,92,4,Low-Fast,2,80,0.09,1,-22,0.02,1,0,0,1,0,low ss1
FG001,93,4,Low-Fast,2,80,0.13,1,-21,0.09,1,0,0,1,0,low ss1
FG001,94,4,Low-Fast,2,80,0.95,-1,-22,0.11,1,0,0,1,0,low ss1
FG001,95,4,Low-Fast,3,5,0.65,-1,-23,0.51,0,1,1,0,0,low ss1
FG001,96,4,Low-Fast,1,15,0.19,-1,-24,0.02,0,1,1,0,0,low ss1
FG001,97,4,Low-Fast,2,80,0.45,1,-23,0.28,0,1,1,0,0,low ss1
FG001,98,4,Low-Fast,2,80,0.71,1,-22,0.52,1,0,0,1,0,low ss1
FG001,99,4,Low-Fast,2,80,0.92,-1,-23,0.07,1,0,0,1,0,low ss1
FG001,100,4,Low-Fast,2,80,0.79,1,-22,1.13,0,0,0,1,0,low ss1
FG002,101,1,High-Slow,2,25,0.19,1,1,7.65,0,0,0,0,8,high ss1
FG002,102,1,High-Slow,3,15,0.79,-1,0,6.47,0,0,1,0,8,high ss1
FG002,103,1,High-Slow,1,60,0.79,-1,-1,0.43,0,1,1,0,8,high ss1
FG002,104,1,High-Slow,1,60,0.83,-1,-2,0.7,0,0,0,1,8,high ss1
FG002,105,1,High-Slow,2,25,0.74,-1,-3,0.16,0,1,1,0,8,high ss1
FG002,106,1,High-Slow,1,60,0.69,-1,-4,0.73,0,1,1,0,8,high ss1
FG002,107,1,High-Slow,3,15,0.29,-1,-5,0.21,0,1,1,0,8,high ss1
FG002,108,1,High-Slow,2,25,0.45,-1,-6,0.09,0,1,1,0,8,high ss1
FG002,109,1,High-Slow,1,60,0.08,1,-5,0.03,0,1,1,0,8,high ss1
FG002,110,1,High-Slow,1,60,0.04,1,-4,0.76,1,0,0,1,8,high ss1
FG002,111,1,High-Slow,1,60,0.08,1,-3,0.3,1,0,0,1,8,high ss1
FG002,112,1,High-Slow,1,60,0.67,-1,-4,0.62,1,0,0,1,8,high ss1
FG002,113,1,High-Slow,1,60,0.49,1,-3,1.31,0,0,0,1,8,high ss1
FG002,114,1,High-Slow,1,60,0.21,1,-2,0.27,1,0,0,1,8,high ss1
FG002,115,1,High-Slow,1,60,0.55,1,-1,0.35,1,0,0,1,8,high ss1
FG002,116,1,High-Slow,1,60,0.72,-1,-2,0.43,1,0,0,1,8,high ss1
FG002,117,1,High-Slow,1,60,0.97,-1,-3,0.54,0,0,0,1,8,high ss1
FG002,118,1,High-Slow,1,60,0.93,-1,-4,0.33,0,0,0,1,8,high ss1
FG002,119,1,High-Slow,1,60,0.93,-1,-5,0.02,0,0,0,1,8,high ss1
FG002,120,1,High-Slow,2,25,0.54,-1,-6,0.26,0,1,1,0,8,high ss1
FG002,121,1,High-Slow,2,25,0.6,-1,-7,0.47,0,0,0,1,8,high ss1
FG002,122,1,High-Slow,1,60,0.51,1,-6,0.46,0,1,1,0,8,high ss1
FG002,123,1,High-Slow,1,60,0.85,-1,-7,0.19,1,0,0,1,8,high ss1
FG002,124,1,High-Slow,2,25,0.4,-1,-8,0.04,0,1,1,0,8,high ss1
FG002,125,1,High-Slow,2,25,0.94,-1,-9,0.3,0,0,0,1,8,high ss1
FG002,126,1,High-Slow,2,60,0.66,-1,-10,0.39,0,0,0,1,8,high ss1
FG002,127,1,High-Slow,2,60,0.15,1,-9,0.01,0,0,0,1,8,high ss1
FG002,128,1,High-Slow,2,60,0.39,1,-8,0.07,1,0,0,1,8,high ss1
FG002,129,1,High-Slow,2,60,0.73,-1,-9,0.03,1,0,0,1,8,high ss1
FG002,130,1,High-Slow,1,15,0.48,-1,-10,0.31,0,1,1,0,8,high ss1
FG002,131,1,High-Slow,3,25,0.07,1,-9,0.26,0,1,1,0,8,high ss1
FG002,132,1,High-Slow,3,25,0.25,-1,-10,0.01,1,0,0,1,8,high ss1
FG002,133,1,High-Slow,3,25,0.68,-1,-11,0.36,0,0,0,1,8,high ss1
FG002,134,1,High-Slow,3,25,0.33,-1,-12,0.48,0,0,0,1,8,high ss1
FG002,135,1,High-Slow,1,15,0.07,1,-11,0.73,0,1,1,0,8,high ss1
FG002,136,1,High-Slow,1,15,0.49,-1,-12,0.16,1,0,0,1,8,high ss1
FG002,137,1,High-Slow,1,15,0.16,-1,-13,0.21,0,0,0,1,8,high ss1
FG002,138,1,High-Slow,1,15,0.08,1,-12,0.34,0,0,0,1,8,high ss1
FG002,139,1,High-Slow,1,15,0.49,-1,-13,0.1,1,0,0,1,8,high ss1
FG002,140,1,High-Slow,2,60,0.42,1,-12,0.07,0,1,1,0,8,high ss1
FG002,141,1,High-Slow,2,60,0.95,-1,-13,0.11,1,0,0,1,8,high ss1
FG002,142,1,High-Slow,1,15,0.08,1,-12,0.61,0,1,1,0,8,high ss1
FG002,143,1,High-Slow,3,25,0.65,-1,-13,0.69,0,0,1,0,8,high ss1
FG002,144,1,High-Slow,1,15,0.23,-1,-14,0.01,0,1,1,0,8,high ss1
FG002,145,1,High-Slow,1,15,0.87,-1,-15,0.22,0,0,0,1,8,high ss1
FG002,146,1,High-Slow,2,60,0.49,1,-14,0.03,0,1,1,0,8,high ss1
FG002,147,1,High-Slow,2,60,0.14,1,-13,3.73,1,0,0,1,8,high ss1
FG002,148,1,High-Slow,2,60,0.95,-1,-14,1.08,1,0,0,1,8,high ss1
FG002,149,1,High-Slow,1,15,0.24,-1,-15,0.74,0,1,1,0,8,high ss1
FG002,150,1,High-Slow,3,25,0.9,-1,-16,0.24,0,1,1,0,8,high ss1
FG002,1,2,Low-Slow,1,80,0.68,1,-15,1.27,0,1,1,0,8,high ss1
FG002,2,2,Low-Slow,1,80,0.18,1,-14,0.17,1,0,0,1,8,high ss1
FG002,3,2,Low-Slow,1,80,0.55,1,-13,0.15,1,0,0,1,8,high ss1
FG002,4,2,Low-Slow,2,15,0.53,-1,-14,0.94,0,0,1,0,8,high ss1
FG002,5,2,Low-Slow,3,5,0.22,-1,-15,0.56,0,1,1,0,8,high ss1
FG002,6,2,Low-Slow,1,80,0.08,1,-14,0.13,0,1,1,0,8,high ss1
FG002,7,2,Low-Slow,1,80,0.24,1,-13,0.17,1,0,0,1,8,high ss1
FG002,8,2,Low-Slow,1,80,0.21,1,-12,0.21,1,0,0,1,8,high ss1
FG002,9,2,Low-Slow,1,80,0.55,1,-11,0.16,1,0,0,1,8,high ss1
FG002,10,2,Low-Slow,3,5,0.26,-1,-12,0.53,0,0,1,0,8,high ss1
FG002,11,2,Low-Slow,2,15,0.69,-1,-13,0.1,0,1,1,0,8,high ss1
FG002,12,2,Low-Slow,1,80,0.01,1,-12,0.35,0,1,1,0,8,high ss1
FG002,13,2,Low-Slow,1,80,0.31,1,-11,0.3,1,0,0,1,8,high ss1
FG002,14,2,Low-Slow,1,80,0.43,1,-10,0.26,1,0,0,1,8,high ss1
FG002,15,2,Low-Slow,3,5,0.88,-1,-11,0.25,0,0,1,0,8,high ss1
FG002,16,2,Low-Slow,2,15,0.3,-1,-12,0.14,0,1,1,0,8,high ss1
FG002,17,2,Low-Slow,1,80,0.23,1,-11,0.34,0,1,1,0,8,high ss1
FG002,18,2,Low-Slow,1,80,0.02,1,-10,0.27,1,0,0,1,8,high ss1
FG002,19,2,Low-Slow,1,80,0.57,1,-9,0.11,1,0,0,1,8,high ss1
FG002,20,2,Low-Slow,3,5,0.03,1,-8,0.92,0,0,1,0,8,high ss1
FG002,21,2,Low-Slow,3,5,0.37,-1,-9,1.25,1,0,0,1,8,high ss1
FG002,22,2,Low-Slow,2,15,0.52,-1,-10,0.15,0,1,1,0,8,high ss1
FG002,23,2,Low-Slow,1,80,0.52,1,-9,0.01,0,1,1,0,8,high ss1
FG002,24,2,Low-Slow,1,80,0.55,1,-8,0.14,1,0,0,1,8,high ss1
FG002,25,2,Low-Slow,1,15,0.43,-1,-9,0.3,1,0,0,1,8,high ss1
FG002,26,2,Low-Slow,3,80,0.73,1,-8,0.56,0,1,1,0,8,high ss1
FG002,27,2,Low-Slow,3,80,0.34,1,-7,0.18,1,0,0,1,8,high ss1
FG002,28,2,Low-Slow,3,80,0.07,1,-6,0.17,1,0,0,1,8,high ss1
FG002,29,2,Low-Slow,3,80,0.85,-1,-7,0.2,1,0,0,1,8,high ss1
FG002,30,2,Low-Slow,2,5,0.23,-1,-8,0.12,0,1,1,0,8,high ss1
FG002,31,2,Low-Slow,1,15,0.72,-1,-9,0.04,0,1,1,0,8,high ss1
FG002,32,2,Low-Slow,3,80,0.58,1,-8,0.01,0,1,1,0,8,high ss1
FG002,33,2,Low-Slow,3,80,0.69,1,-7,0.14,1,0,0,1,8,high ss1
FG002,34,2,Low-Slow,3,80,0.27,1,-6,0.2,1,0,0,1,8,high ss1
FG002,35,2,Low-Slow,1,15,0.58,-1,-7,0.33,0,0,1,0,8,high ss1
FG002,36,2,Low-Slow,2,5,0.72,-1,-8,0.05,0,1,1,0,8,high ss1
FG002,37,2,Low-Slow,3,80,0.19,1,-7,0.37,0,1,1,0,8,high ss1
FG002,38,2,Low-Slow,3,80,0.44,1,-6,0.2,1,0,0,1,8,high ss1
FG002,39,2,Low-Slow,3,80,0.21,1,-5,0.21,1,0,0,1,8,high ss1
FG002,40,2,Low-Slow,1,15,0.16,-1,-6,0.45,0,0,1,0,8,high ss1
FG002,41,2,Low-Slow,2,5,0.05,-1,-7,0.37,0,1,1,0,8,high ss1
FG002,42,2,Low-Slow,3,80,0.54,1,-6,0.7,0,1,1,0,8,high ss1
FG002,43,2,Low-Slow,3,80,0.4,1,-5,0.1,1,0,0,1,8,high ss1
FG002,44,2,Low-Slow,3,80,0.06,1,-4,0.14,1,0,0,1,8,high ss1
FG002,45,2,Low-Slow,3,80,0.36,1,-3,3.04,1,0,0,1,8,high ss1
FG002,46,2,Low-Slow,3,80,0.32,1,-2,0.41,1,0,0,1,8,high ss1
FG002,47,2,Low-Slow,3,80,0.59,1,-1,0.01,1,0,0,1,8,high ss1
FG002,48,2,Low-Slow,3,80,0.94,-1,-2,0.04,1,0,0,1,8,high ss1
FG002,49,2,Low-Slow,2,5,0.84,-1,-3,0.26,0,1,1,0,8,high ss1
FG002,50,2,Low-Slow,1,15,0.6,-1,-4,0.01,0,1,1,0,8,high ss1
FG002,151,3,High-Fast,1,60,0.17,1,-3,2.02,0,0,0,1,8,high ss1
FG002,152,3,High-Fast,1,60,0.82,-1,-4,0.17,1,0,0,1,8,high ss1
FG002,153,3,High-Fast,3,15,0.64,-1,-5,0.21,0,1,1,0,8,high ss1
FG002,154,3,High-Fast,2,25,0.71,-1,-6,0.1,0,1,1,0,8,high ss1
FG002,155,3,High-Fast,1,60,0.66,-1,-7,0.59,0,1,1,0,8,high ss1
FG002,156,3,High-Fast,1,60,0.83,-1,-8,0.89,0,0,0,1,8,high ss1
FG002,157,3,High-Fast,3,15,0.19,-1,-9,0.11,0,1,1,0,8,high ss1
FG002,158,3,High-Fast,3,15,0.23,-1,-10,0.3,0,0,0,1,8,high ss1
FG002,159,3,High-Fast,2,25,0.09,1,-9,0.19,0,1,1,0,8,high ss1
FG002,160,3,High-Fast,2,25,0.21,1,-8,0.14,1,0,0,1,8,high ss1
FG002,161,3,High-Fast,2,15,0.08,1,-7,0.12,1,0,0,1,8,high ss1
FG002,162,3,High-Fast,2,15,0.96,-1,-8,0.26,1,0,0,1,8,high ss1
FG002,163,3,High-Fast,1,25,0.75,-1,-9,0.28,0,1,1,0,8,high ss1
FG002,164,3,High-Fast,2,15,0.41,-1,-10,0.01,0,1,1,0,8,high ss1
FG002,165,3,High-Fast,3,60,0.84,-1,-11,0.12,0,1,1,0,8,high ss1
FG002,166,3,High-Fast,2,15,0.9,-1,-12,0.56,0,1,1,0,8,high ss1
FG002,167,3,High-Fast,1,25,0.32,-1,-13,0.81,0,1,1,0,8,high ss1
FG002,168,3,High-Fast,3,60,0.47,1,-12,0.3,0,1,1,0,8,high ss1
FG002,169,3,High-Fast,3,60,0.99,-1,-13,0.33,1,0,0,1,8,high ss1
FG002,170,3,High-Fast,1,25,0.94,-1,-14,1.38,0,1,1,0,8,high ss1
FG002,171,3,High-Fast,2,60,0.26,1,-13,0.04,0,1,1,0,8,high ss1
FG002,172,3,High-Fast,2,60,0.69,-1,-14,0.22,1,0,0,1,8,high ss1
FG002,173,3,High-Fast,1,15,0.61,-1,-15,0.47,0,1,1,0,8,high ss1
FG002,174,3,High-Fast,3,25,0.62,-1,-16,0.13,0,1,1,0,8,high ss1
FG002,175,3,High-Fast,2,60,0.83,-1,-17,0.4,0,1,1,0,8,high ss1
FG002,176,3,High-Fast,1,15,0.02,1,-16,0.47,0,1,1,0,8,high ss1
FG002,177,3,High-Fast,1,15,0.08,1,-15,0.23,1,0,0,1,8,high ss1
FG002,178,3,High-Fast,1,15,0.3,-1,-16,0.12,1,0,0,1,8,high ss1
FG002,179,3,High-Fast,2,60,0.58,1,-15,0.24,0,1,1,0,8,high ss1
FG002,180,3,High-Fast,2,60,0.78,-1,-16,0.34,1,0,0,1,8,high ss1
FG002,181,3,High-Fast,3,25,0.62,-1,-17,0.31,0,1,1,0,8,high ss1
FG002,182,3,High-Fast,1,60,0.58,1,-16,0.25,0,1,1,0,8,high ss1
FG002,183,3,High-Fast,1,60,0.9,-1,-17,0.17,1,0,0,1,8,high ss1
FG002,184,3,High-Fast,2,15,0.85,-1,-18,0.43,0,1,1,0,8,high ss1
FG002,185,3,High-Fast,3,25,0.42,-1,-19,0.01,0,1,1,0,8,high ss1
FG002,186,3,High-Fast,2,15,0.95,-1,-20,2.38,0,1,1,0,8,high ss1
FG002,187,3,High-Fast,1,60,0.11,1,-19,0.42,0,1,1,0,8,high ss1
FG002,188,3,High-Fast,1,60,0.58,1,-18,0.3,1,0,0,1,8,high ss1
FG002,189,3,High-Fast,1,60,0.97,-1,-19,0.33,1,0,0,1,8,high ss1
FG002,190,3,High-Fast,3,25,0.11,1,-18,0.3,0,1,1,0,8,high ss1
FG002,191,3,High-Fast,3,60,0.3,1,-17,0.43,1,0,0,1,8,high ss1
FG002,192,3,High-Fast,3,60,0.28,1,-16,0.36,1,0,0,1,8,high ss1
FG002,193,3,High-Fast,3,60,0.47,1,-15,0.3,1,0,0,1,8,high ss1
FG002,194,3,High-Fast,3,60,0.83,-1,-16,0.23,1,0,0,1,8,high ss1
FG002,195,3,High-Fast,2,25,0.68,-1,-17,0.81,0,1,1,0,8,high ss1
FG002,196,3,High-Fast,1,15,0.9,-1,-18,0.13,0,1,1,0,8,high ss1
FG002,197,3,High-Fast,3,60,0.48,1,-17,0.88,0,1,1,0,8,high ss1
FG002,198,3,High-Fast,3,60,0.14,1,-16,0.36,1,0,0,1,8,high ss1
FG002,199,3,High-Fast,3,60,0.21,1,-15,0.14,1,0,0,1,8,high ss1
FG002,200,3,High-Fast,3,60,0.33,1,-14,0.32,1,0,0,1,8,high ss1
FG002,51,4,Low-Fast,1,80,0.44,1,-13,1.34,0,0,1,0,8,high ss1
FG002,52,4,Low-Fast,1,80,0.89,-1,-14,0.33,1,0,0,1,8,high ss1
FG002,53,4,Low-Fast,3,5,0.89,-1,-15,0.25,0,1,1,0,8,high ss1
FG002,54,4,Low-Fast,2,15,0.15,-1,-16,0.02,0,1,1,0,8,high ss1
FG002,55,4,Low-Fast,1,80,0.45,1,-15,0.05,0,1,1,0,8,high ss1
FG002,56,4,Low-Fast,1,80,0.16,1,-14,0.18,1,0,0,1,8,high ss1
FG002,57,4,Low-Fast,1,80,0.17,1,-13,0.2,1,0,0,1,8,high ss1
FG002,58,4,Low-Fast,1,80,0.9,-1,-14,0.19,1,0,0,1,8,high ss1
FG002,59,4,Low-Fast,3,5,0.43,-1,-15,0.26,0,1,1,0,8,high ss1
FG002,60,4,Low-Fast,2,15,0.74,-1,-16,0.07,0,1,1,0,8,high ss1
FG002,61,4,Low-Fast,1,15,0.54,-1,-17,0.22,0,1,1,0,8,high ss1
FG002,62,4,Low-Fast,3,80,0.85,-1,-18,0.3,0,1,1,0,8,high ss1
FG002,63,4,Low-Fast,2,5,0.15,-1,-19,0.07,0,1,1,0,8,high ss1
FG002,64,4,Low-Fast,1,15,0.43,-1,-20,0.26,0,1,1,0,8,high ss1
FG002,65,4,Low-Fast,3,80,0.62,1,-19,0.3,0,1,1,0,8,high ss1
FG002,66,4,Low-Fast,3,80,0.31,1,-18,0.26,1,0,0,1,8,high ss1
FG002,67,4,Low-Fast,3,80,0.96,-1,-19,0.28,1,0,0,1,8,high ss1
FG002,68,4,Low-Fast,3,80,0.02,1,-18,2.17,0,0,0,1,8,high ss1
FG002,69,4,Low-Fast,3,80,0.5,1,-17,0.3,1,0,0,1,8,high ss1
FG002,70,4,Low-Fast,3,80,0.29,1,-16,0.16,1,0,0,1,8,high ss1
FG002,71,4,Low-Fast,3,15,0.1,1,-15,0.24,1,0,0,1,8,high ss1
FG002,72,4,Low-Fast,3,15,0.59,-1,-16,0.1,1,0,0,1,8,high ss1
FG002,73,4,Low-Fast,3,15,0.96,-1,-17,0.51,0,0,0,1,8,high ss1
FG002,74,4,Low-Fast,3,15,0.42,-1,-18,0.27,0,0,0,1,8,high ss1
FG002,75,4,Low-Fast,2,80,0.77,1,-17,0.71,0,1,1,0,8,high ss1
FG002,76,4,Low-Fast,2,80,0.59,1,-16,0.12,1,0,0,1,8,high ss1
FG002,77,4,Low-Fast,2,80,0.98,-1,-17,0.16,1,0,0,1,8,high ss1
FG002,78,4,Low-Fast,1,5,0.42,-1,-18,0.13,0,1,1,0,8,high ss1
FG002,79,4,Low-Fast,3,15,0.1,1,-17,0.05,0,1,1,0,8,high ss1
FG002,80,4,Low-Fast,3,15,0.54,-1,-18,0.13,1,0,0,1,8,high ss1
FG002,81,4,Low-Fast,2,5,0.51,-1,-19,0.07,0,1,1,0,8,high ss1
FG002,82,4,Low-Fast,1,80,0.38,1,-18,0.45,0,1,1,0,8,high ss1
FG002,83,4,Low-Fast,1,80,0.56,1,-17,0.13,1,0,0,1,8,high ss1
FG002,84,4,Low-Fast,1,80,0.4,1,-16,0.32,1,0,0,1,8,high ss1
FG002,85,4,Low-Fast,1,80,0.42,1,-15,0.32,1,0,0,1,8,high ss1
FG002,86,4,Low-Fast,1,80,0.25,1,-14,0.7,1,0,0,1,8,high ss1
FG002,87,4,Low-Fast,1,80,0.91,-1,-15,0.32,1,0,0,1,8,high ss1
FG002,88,4,Low-Fast,3,15,0.16,-1,-16,0.09,0,1,1,0,8,high ss1
FG002,89,4,Low-Fast,2,5,0.24,-1,-17,0.19,0,1,1,0,8,high ss1
FG002,90,4,Low-Fast,1,80,0.45,1,-16,0.1,0,1,1,0,8,high ss1
FG002,91,4,Low-Fast,1,15,0.02,1,-15,0.23,1,0,0,1,8,high ss1
FG002,92,4,Low-Fast,1,15,0.19,-1,-16,0.08,1,0,0,1,8,high ss1
FG002,93,4,Low-Fast,3,5,0.56,-1,-17,0.06,0,1,1,0,8,high ss1
FG002,94,4,Low-Fast,2,80,0.96,-1,-18,0.64,0,1,1,0,8,high ss1
FG002,95,4,Low-Fast,1,15,0.86,-1,-19,0.24,0,1,1,0,8,high ss1
FG002,96,4,Low-Fast,1,15,0.59,-1,-20,0.21,0,0,0,1,8,high ss1
FG002,97,4,Low-Fast,1,15,0.54,-1,-21,0.55,0,0,0,1,8,high ss1
FG002,98,4,Low-Fast,3,5,0.78,-1,-22,0.01,0,1,1,0,8,high ss1
FG002,99,4,Low-Fast,2,80,0.33,1,-21,0.06,0,1,1,0,8,high ss1
FG002,100,4,Low-Fast,2,80,0.47,1,-20,0.1,1,0,0,1,8,high ss1
FG003,101,1,High-Slow,1,60,0.97,-1,-1,5.81,0,0,0,0,9,high ss1
FG003,102,1,High-Slow,1,60,0.47,1,0,2.66,0,0,0,1,9,high ss1
FG003,103,1,High-Slow,2,25,0.52,-1,-1,1.55,0,0,1,0,9,high ss1
FG003,104,1,High-Slow,2,25,0.81,-1,-2,3.89,0,0,0,1,9,high ss1
FG003,105,1,High-Slow,2,25,0.74,-1,-3,1.0,0,0,0,1,9,high ss1
FG003,106,1,High-Slow,1,60,0.24,1,-2,0.31,0,1,1,0,9,high ss1
FG003,107,1,High-Slow,1,60,0.52,1,-1,0.45,1,0,0,1,9,high ss1
FG003,108,1,High-Slow,3,15,0.84,-1,-2,1.48,0,0,1,0,9,high ss1
FG003,109,1,High-Slow,2,25,0.69,-1,-3,0.32,0,1,1,0,9,high ss1
FG003,110,1,High-Slow,1,60,0.93,-1,-4,2.02,0,1,1,0,9,high ss1
FG003,111,1,High-Slow,1,60,0.37,1,-3,1.88,0,0,0,1,9,high ss1
FG003,112,1,High-Slow,1,60,0.35,1,-2,0.13,1,0,0,1,9,high ss1
FG003,113,1,High-Slow,1,60,0.98,-1,-3,0.09,1,0,0,1,9,high ss1
FG003,114,1,High-Slow,2,25,0.35,-1,-4,2.06,0,1,1,0,9,high ss1
FG003,115,1,High-Slow,2,25,0.96,-1,-5,0.01,0,0,0,1,9,high ss1
FG003,116,1,High-Slow,2,25,0.74,-1,-6,0.32,0,0,0,1,9,high ss1
FG003,117,1,High-Slow,1,60,0.24,1,-5,1.89,0,1,1,0,9,high ss1
FG003,118,1,High-Slow,1,60,0.97,-1,-6,0.11,1,0,0,1,9,high ss1
FG003,119,1,High-Slow,3,15,0.18,-1,-7,0.96,0,1,1,0,9,high ss1
FG003,120,1,High-Slow,3,15,0.25,-1,-8,2.1,0,0,0,1,9,high ss1
FG003,121,1,High-Slow,1,60,0.26,1,-7,0.27,0,1,1,0,9,high ss1
FG003,122,1,High-Slow,1,60,0.57,1,-6,1.08,1,0,0,1,9,high ss1
FG003,123,1,High-Slow,3,15,0.22,-1,-7,2.89,0,0,1,0,9,high ss1
FG003,124,1,High-Slow,2,25,0.24,1,-6,3.12,0,1,1,0,9,high ss1
FG003,125,1,High-Slow,2,25,0.66,-1,-7,1.52,1,0,0,1,9,high ss1
FG003,126,1,High-Slow,1,15,0.84,-1,-8,0.16,0,1,1,0,9,high ss1
FG003,127,1,High-Slow,1,15,0.47,-1,-9,0.81,0,0,0,1,9,high ss1
FG003,128,1,High-Slow,1,15,0.61,-1,-10,1.21,0,0,0,1,9,high ss1
FG003,129,1,High-Slow,2,60,0.72,-1,-11,0.23,0,1,1,0,9,high ss1
FG003,130,1,High-Slow,3,25,0.18,1,-10,0.92,0,1,1,0,9,high ss1
FG003,131,1,High-Slow,3,25,0.85,-1,-11,0.2,1,0,0,1,9,high ss1
FG003,132,1,High-Slow,3,25,0.38,-1,-12,0.34,0,0,0,1,9,high ss1
FG003,133,1,High-Slow,1,15,0.73,-1,-13,0.49,0,1,1,0,9,high ss1
FG003,134,1,High-Slow,2,60,0.63,-1,-14,0.23,0,1,1,0,9,high ss1
FG003,135,1,High-Slow,1,15,0.63,-1,-15,0.46,0,1,1,0,9,high ss1
FG003,136,1,High-Slow,1,15,0.1,1,-14,0.03,0,0,0,1,9,high ss1
FG003,137,1,High-Slow,1,15,0.74,-1,-15,0.46,1,0,0,1,9,high ss1
FG003,138,1,High-Slow,1,15,0.27,-1,-16,1.57,0,0,0,1,9,high ss1
FG003,139,1,High-Slow,3,25,0.59,-1,-17,0.58,0,1,1,0,9,high ss1
FG003,140,1,High-Slow,3,25,0.41,-1,-18,0.73,0,0,0,1,9,high ss1
FG003,141,1,High-Slow,2,60,0.32,1,-17,0.94,0,1,1,0,9,high ss1
FG003,142,1,High-Slow,2,60,0.28,1,-16,0.58,1,0,0,1,9,high ss1
FG003,143,1,High-Slow,2,60,0.01,1,-15,0.88,1,0,0,1,9,high ss1
FG003,144,1,High-Slow,2,60,0.18,1,-14,0.31,1,0,0,1,9,high ss1
FG003,145,1,High-Slow,2,60,0.93,-1,-15,0.26,1,0,0,1,9,high ss1
FG003,146,1,High-Slow,1,15,0.04,1,-14,1.51,0,1,1,0,9,high ss1
FG003,147,1,High-Slow,1,15,0.94,-1,-15,0.31,1,0,0,1,9,high ss1
FG003,148,1,High-Slow,3,25,0.92,-1,-16,0.55,0,1,1,0,9,high ss1
FG003,149,1,High-Slow,2,60,0.26,1,-15,0.16,0,1,1,0,9,high ss1
FG003,150,1,High-Slow,2,60,0.97,-1,-16,0.09,1,0,0,1,9,high ss1
FG003,51,2,Low-Fast,2,15,0.27,-1,-17,8.12,0,0,0,1,9,high ss1
FG003,52,2,Low-Fast,1,80,0.17,1,-16,0.2,0,1,1,0,9,high ss1
FG003,53,2,Low-Fast,1,80,0.4,1,-15,0.61,1,0,0,1,9,high ss1
FG003,54,2,Low-Fast,1,80,0.27,1,-14,1.32,1,0,0,1,9,high ss1
FG003,55,2,Low-Fast,1,80,0.06,1,-13,0.41,1,0,0,1,9,high ss1
FG003,56,2,Low-Fast,1,80,0.89,-1,-14,0.23,1,0,0,1,9,high ss1
FG003,57,2,Low-Fast,3,5,0.81,-1,-15,1.2,0,1,1,0,9,high ss1
FG003,58,2,Low-Fast,3,5,0.97,-1,-16,0.36,0,0,0,1,9,high ss1
FG003,59,2,Low-Fast,2,15,0.93,-1,-17,0.16,0,1,1,0,9,high ss1
FG003,60,2,Low-Fast,1,80,0.94,-1,-18,0.5,0,1,1,0,9,high ss1
FG003,61,2,Low-Fast,2,5,0.01,1,-17,0.13,0,1,1,0,9,high ss1
FG003,62,2,Low-Fast,2,5,0.18,-1,-18,0.08,1,0,0,1,9,high ss1
FG003,63,2,Low-Fast,3,80,0.82,-1,-19,0.58,0,1,1,0,9,high ss1
FG003,64,2,Low-Fast,1,15,0.73,-1,-20,0.62,0,1,1,0,9,high ss1
FG003,65,2,Low-Fast,2,5,0.04,1,-19,0.22,0,1,1,0,9,high ss1
FG003,66,2,Low-Fast,2,5,0.54,-1,-20,1.04,1,0,0,1,9,high ss1
FG003,67,2,Low-Fast,1,15,0.87,-1,-21,1.59,0,1,1,0,9,high ss1
FG003,68,2,Low-Fast,1,15,0.0,1,-20,0.32,0,0,0,1,9,high ss1
FG003,69,2,Low-Fast,1,15,0.42,-1,-21,0.66,1,0,0,1,9,high ss1
FG003,70,2,Low-Fast,3,80,0.96,-1,-22,1.07,0,1,1,0,9,high ss1
FG003,71,2,Low-Fast,2,80,0.3,1,-21,0.11,0,1,1,0,9,high ss1
FG003,72,2,Low-Fast,2,80,0.9,-1,-22,0.07,1,0,0,1,9,high ss1
FG003,73,2,Low-Fast,1,5,0.29,-1,-23,0.02,0,1,1,0,9,high ss1
FG003,74,2,Low-Fast,3,15,0.17,-1,-24,0.61,0,1,1,0,9,high ss1
FG003,75,2,Low-Fast,2,80,0.2,1,-23,0.92,0,1,1,0,9,high ss1
FG003,76,2,Low-Fast,2,80,0.6,1,-22,0.44,1,0,0,1,9,high ss1
FG003,77,2,Low-Fast,2,80,0.61,1,-21,0.39,1,0,0,1,9,high ss1
FG003,78,2,Low-Fast,2,80,0.55,1,-20,0.19,1,0,0,1,9,high ss1
FG003,79,2,Low-Fast,2,80,1.0,-1,-21,0.32,1,0,0,1,9,high ss1
FG003,80,2,Low-Fast,1,5,0.52,-1,-22,0.69,0,1,1,0,9,high ss1
FG003,81,2,Low-Fast,3,15,0.28,-1,-23,0.39,0,1,1,0,9,high ss1
FG003,82,2,Low-Fast,1,80,0.36,1,-22,0.42,0,1,1,0,9,high ss1
FG003,83,2,Low-Fast,1,80,0.39,1,-21,0.1,1,0,0,1,9,high ss1
FG003,84,2,Low-Fast,1,80,0.74,1,-20,0.29,1,0,0,1,9,high ss1
FG003,85,2,Low-Fast,1,80,0.64,1,-19,0.02,1,0,0,1,9,high ss1
FG003,86,2,Low-Fast,1,80,0.49,1,-18,0.07,1,0,0,1,9,high ss1
FG003,87,2,Low-Fast,1,80,0.32,1,-17,0.3,1,0,0,1,9,high ss1
FG003,88,2,Low-Fast,1,80,0.09,1,-16,0.12,1,0,0,1,9,high ss1
FG003,89,2,Low-Fast,1,80,0.04,1,-15,0.21,1,0,0,1,9,high ss1
FG003,90,2,Low-Fast,1,80,0.56,1,-14,0.19,1,0,0,1,9,high ss1
FG003,91,2,Low-Fast,1,15,0.38,-1,-15,0.02,1,0,0,1,9,high ss1
FG003,92,2,Low-Fast,1,15,0.58,-1,-16,0.15,0,0,0,1,9,high ss1
FG003,93,2,Low-Fast,1,15,0.72,-1,-17,0.08,0,0,0,1,9,high ss1
FG003,94,2,Low-Fast,3,5,0.01,1,-16,0.13,0,1,1,0,9,high ss1
FG003,95,2,Low-Fast,3,5,0.09,-1,-17,0.28,1,0,0,1,9,high ss1
FG003,96,2,Low-Fast,2,80,0.32,1,-16,0.16,0,1,1,0,9,high ss1
FG003,97,2,Low-Fast,2,80,0.93,-1,-17,0.94,1,0,0,1,9,high ss1
FG003,98,2,Low-Fast,1,15,0.95,-1,-18,0.52,0,1,1,0,9,high ss1
FG003,99,2,Low-Fast,3,5,0.58,-1,-19,0.27,0,1,1,0,9,high ss1
FG003,100,2,Low-Fast,2,80,0.46,1,-18,0.41,0,1,1,0,9,high ss1
FG003,1,3,Low-Slow,2,15,0.71,-1,-19,2.96,1,0,0,1,9,high ss1
FG003,2,3,Low-Slow,1,80,0.59,1,-18,1.61,0,1,1,0,9,high ss1
FG003,3,3,Low-Slow,1,80,0.45,1,-17,0.52,1,0,0,1,9,high ss1
FG003,4,3,Low-Slow,1,80,0.48,1,-16,0.38,1,0,0,1,9,high ss1
FG003,5,3,Low-Slow,1,80,0.41,1,-15,0.12,1,0,0,1,9,high ss1
FG003,6,3,Low-Slow,1,80,0.93,-1,-16,0.6,1,0,0,1,9,high ss1
FG003,7,3,Low-Slow,3,5,0.79,-1,-17,0.81,0,1,1,0,9,high ss1
FG003,8,3,Low-Slow,2,15,0.47,-1,-18,0.68,0,1,1,0,9,high ss1
FG003,9,3,Low-Slow,1,80,0.62,1,-17,0.87,0,1,1,0,9,high ss1
FG003,10,3,Low-Slow,1,80,0.57,1,-16,0.19,1,0,0,1,9,high ss1
FG003,11,3,Low-Slow,1,80,0.75,1,-15,0.13,1,0,0,1,9,high ss1
FG003,12,3,Low-Slow,1,80,0.27,1,-14,0.01,1,0,0,1,9,high ss1
FG003,13,3,Low-Slow,1,80,0.11,1,-13,0.01,1,0,0,1,9,high ss1
FG003,14,3,Low-Slow,1,80,0.63,1,-12,0.56,1,0,0,1,9,high ss1
FG003,15,3,Low-Slow,1,80,0.78,1,-11,0.24,1,0,0,1,9,high ss1
FG003,16,3,Low-Slow,1,80,0.93,-1,-12,0.3,1,0,0,1,9,high ss1
FG003,17,3,Low-Slow,3,5,0.26,-1,-13,1.53,0,1,1,0,9,high ss1
FG003,18,3,Low-Slow,2,15,0.61,-1,-14,0.38,0,1,1,0,9,high ss1
FG003,19,3,Low-Slow,1,80,0.5,1,-13,0.29,0,1,1,0,9,high ss1
FG003,20,3,Low-Slow,1,80,0.82,-1,-14,0.13,1,0,0,1,9,high ss1
FG003,21,3,Low-Slow,1,80,0.88,-1,-15,0.03,0,0,0,1,9,high ss1
FG003,22,3,Low-Slow,3,5,0.95,-1,-16,0.37,0,1,1,0,9,high ss1
FG003,23,3,Low-Slow,2,15,0.54,-1,-17,0.88,0,1,1,0,9,high ss1
FG003,24,3,Low-Slow,3,5,0.11,-1,-18,0.2,0,1,1,0,9,high ss1
FG003,25,3,Low-Slow,1,15,0.73,-1,-19,0.06,0,1,1,0,9,high ss1
FG003,26,3,Low-Slow,1,15,0.88,-1,-20,0.08,0,0,0,1,9,high ss1
FG003,27,3,Low-Slow,2,5,0.27,-1,-21,0.49,0,1,1,0,9,high ss1
FG003,28,3,Low-Slow,3,80,0.32,1,-20,0.12,0,1,1,0,9,high ss1
FG003,29,3,Low-Slow,3,80,0.22,1,-19,0.05,1,0,0,1,9,high ss1
FG003,30,3,Low-Slow,3,80,0.54,1,-18,0.19,1,0,0,1,9,high ss1
FG003,31,3,Low-Slow,3,80,0.25,1,-17,0.1,1,0,0,1,9,high ss1
FG003,32,3,Low-Slow,3,80,0.23,1,-16,0.1,1,0,0,1,9,high ss1
FG003,33,3,Low-Slow,3,80,0.55,1,-15,0.13,1,0,0,1,9,high ss1
FG003,34,3,Low-Slow,3,80,0.18,1,-14,0.36,1,0,0,1,9,high ss1
FG003,35,3,Low-Slow,3,80,0.56,1,-13,0.07,1,0,0,1,9,high ss1
FG003,36,3,Low-Slow,3,80,0.6,1,-12,0.66,1,0,0,1,9,high ss1
FG003,37,3,Low-Slow,3,80,0.8,1,-11,0.02,1,0,0,1,9,high ss1
FG003,38,3,Low-Slow,3,80,0.15,1,-10,0.16,1,0,0,1,9,high ss1
FG003,39,3,Low-Slow,3,80,0.13,1,-9,1.26,1,0,0,1,9,high ss1
FG003,40,3,Low-Slow,3,80,0.71,1,-8,0.2,1,0,0,1,9,high ss1
FG003,41,3,Low-Slow,3,80,0.64,1,-7,0.13,1,0,0,1,9,high ss1
FG003,42,3,Low-Slow,3,80,0.85,-1,-8,0.09,1,0,0,1,9,high ss1
FG003,43,3,Low-Slow,3,80,0.93,-1,-9,0.15,0,0,0,1,9,high ss1
FG003,44,3,Low-Slow,1,15,0.58,-1,-10,0.92,0,1,1,0,9,high ss1
FG003,45,3,Low-Slow,1,15,0.69,-1,-11,0.31,0,0,0,1,9,high ss1
FG003,46,3,Low-Slow,2,5,0.25,-1,-12,0.55,0,1,1,0,9,high ss1
FG003,47,3,Low-Slow,1,15,0.35,-1,-13,0.21,0,1,1,0,9,high ss1
FG003,48,3,Low-Slow,3,80,0.54,1,-12,0.69,0,1,1,0,9,high ss1
FG003,49,3,Low-Slow,3,80,0.31,1,-11,0.09,1,0,0,1,9,high ss1
FG003,50,3,Low-Slow,3,80,0.93,-1,-12,0.12,1,0,0,1,9,high ss1
FG003,151,4,High-Fast,3,15,0.97,-1,-13,2.18,0,0,0,1,9,high ss1
FG003,152,4,High-Fast,1,60,0.29,1,-12,0.06,0,1,1,0,9,high ss1
FG003,153,4,High-Fast,1,60,0.45,1,-11,0.72,1,0,0,1,9,high ss1
FG003,154,4,High-Fast,1,60,0.87,-1,-12,0.19,1,0,0,1,9,high ss1
FG003,155,4,High-Fast,2,25,0.64,-1,-13,1.69,0,1,1,0,9,high ss1
FG003,156,4,High-Fast,3,15,0.91,-1,-14,2.23,0,1,1,0,9,high ss1
FG003,157,4,High-Fast,1,60,0.13,1,-13,0.93,0,1,1,0,9,high ss1
FG003,158,4,High-Fast,1,60,0.93,-1,-14,0.11,1,0,0,1,9,high ss1
FG003,159,4,High-Fast,1,60,0.67,-1,-15,0.12,0,0,0,1,9,high ss1
FG003,160,4,High-Fast,2,25,0.03,1,-14,0.11,0,1,1,0,9,high ss1
FG003,161,4,High-Fast,2,15,0.39,-1,-15,0.77,1,0,0,1,9,high ss1
FG003,162,4,High-Fast,3,60,0.76,-1,-16,0.27,0,1,1,0,9,high ss1
FG003,163,4,High-Fast,3,60,0.43,1,-15,0.13,0,0,0,1,9,high ss1
FG003,164,4,High-Fast,3,60,0.56,1,-14,0.03,1,0,0,1,9,high ss1
FG003,165,4,High-Fast,3,60,0.34,1,-13,0.37,1,0,0,1,9,high ss1
FG003,166,4,High-Fast,3,60,0.14,1,-12,0.48,1,0,0,1,9,high ss1
FG003,167,4,High-Fast,3,60,0.51,1,-11,0.22,1,0,0,1,9,high ss1
FG003,168,4,High-Fast,3,60,0.63,-1,-12,1.2,1,0,0,1,9,high ss1
FG003,169,4,High-Fast,1,25,0.64,-1,-13,2.05,0,1,1,0,9,high ss1
FG003,170,4,High-Fast,2,15,0.51,-1,-14,0.36,0,1,1,0,9,high ss1
FG003,171,4,High-Fast,1,15,0.62,-1,-15,1.45,0,1,1,0,9,high ss1
FG003,172,4,High-Fast,3,25,0.58,-1,-16,0.33,0,1,1,0,9,high ss1
FG003,173,4,High-Fast,1,15,0.18,-1,-17,0.46,0,1,1,0,9,high ss1
FG003,174,4,High-Fast,2,60,0.72,-1,-18,0.03,0,1,1,0,9,high ss1
FG003,175,4,High-Fast,3,25,0.7,-1,-19,0.32,0,1,1,0,9,high ss1
FG003,176,4,High-Fast,1,15,0.71,-1,-20,0.21,0,1,1,0,9,high ss1
FG003,177,4,High-Fast,2,60,0.46,1,-19,0.24,0,1,1,0,9,high ss1
FG003,178,4,High-Fast,2,60,0.75,-1,-20,0.19,1,0,0,1,9,high ss1
FG003,179,4,High-Fast,2,60,0.55,1,-19,0.06,0,0,0,1,9,high ss1
FG003,180,4,High-Fast,2,60,0.33,1,-18,0.09,1,0,0,1,9,high ss1
FG003,181,4,High-Fast,2,15,0.12,1,-17,1.77,1,0,0,1,9,high ss1
FG003,182,4,High-Fast,2,15,0.21,-1,-18,0.53,1,0,0,1,9,high ss1
FG003,183,4,High-Fast,2,15,0.63,-1,-19,0.26,0,0,0,1,9,high ss1
FG003,184,4,High-Fast,2,15,0.53,-1,-20,0.1,0,0,0,1,9,high ss1
FG003,185,4,High-Fast,3,25,0.97,-1,-21,0.27,0,1,1,0,9,high ss1
FG003,186,4,High-Fast,3,25,0.71,-1,-22,1.23,0,0,0,1,9,high ss1
FG003,187,4,High-Fast,1,60,0.38,1,-21,0.79,0,1,1,0,9,high ss1
FG003,188,4,High-Fast,1,60,0.71,-1,-22,0.35,1,0,0,1,9,high ss1
FG003,189,4,High-Fast,1,60,0.04,1,-21,0.45,0,0,0,1,9,high ss1
FG003,190,4,High-Fast,1,60,0.43,1,-20,0.34,1,0,0,1,9,high ss1
FG003,191,4,High-Fast,1,15,0.45,-1,-21,0.96,1,0,0,1,9,high ss1
FG003,192,4,High-Fast,1,15,0.71,-1,-22,1.35,0,0,0,1,9,high ss1
FG003,193,4,High-Fast,1,15,0.22,-1,-23,0.48,0,0,0,1,9,high ss1
FG003,194,4,High-Fast,3,60,0.43,1,-22,0.21,0,1,1,0,9,high ss1
FG003,195,4,High-Fast,3,60,0.09,1,-21,0.01,1,0,0,1,9,high ss1
FG003,196,4,High-Fast,3,60,0.12,1,-20,0.41,1,0,0,1,9,high ss1
FG003,197,4,High-Fast,3,60,0.82,-1,-21,0.27,1,0,0,1,9,high ss1
FG003,198,4,High-Fast,3,60,0.59,1,-20,0.32,0,0,0,1,9,high ss1
FG003,199,4,High-Fast,3,60,0.75,-1,-21,0.72,1,0,0,1,9,high ss1
FG003,200,4,High-Fast,2,25,0.94,-1,-22,0.4,0,1,1,0,9,high ss1
FG016,51,1,Low-Fast,1,80,0.34,1,1,2.32,0,0,0,0,4,high ss1
FG016,52,1,Low-Fast,1,80,0.43,1,2,2.13,1,0,0,1,4,high ss1
FG016,53,1,Low-Fast,1,80,0.6,1,3,0.29,1,0,0,1,4,high ss1
FG016,54,1,Low-Fast,1,80,0.13,1,4,0.67,1,0,0,1,4,high ss1
FG016,55,1,Low-Fast,1,80,0.67,1,5,0.13,1,0,0,1,4,high ss1
FG016,56,1,Low-Fast,2,15,0.84,-1,4,0.7,0,0,1,0,4,high ss1
FG016,57,1,Low-Fast,2,15,0.62,-1,3,1.76,0,0,0,1,4,high ss1
FG016,58,1,Low-Fast,3,5,0.48,-1,2,0.41,0,1,1,0,4,high ss1
FG016,59,1,Low-Fast,1,80,0.16,1,3,0.02,0,1,1,0,4,high ss1
FG016,60,1,Low-Fast,1,80,0.63,1,4,0.39,1,0,0,1,4,high ss1
FG016,61,1,Low-Fast,1,15,0.61,-1,3,0.1,1,0,0,1,4,high ss1
FG016,62,1,Low-Fast,3,80,0.42,1,4,1.54,0,1,1,0,4,high ss1
FG016,63,1,Low-Fast,3,80,0.66,1,5,0.5,1,0,0,1,4,high ss1
FG016,64,1,Low-Fast,3,80,0.27,1,6,0.02,1,0,0,1,4,high ss1
FG016,65,1,Low-Fast,3,80,0.67,1,7,0.38,1,0,0,1,4,high ss1
FG016,66,1,Low-Fast,3,80,0.08,1,8,0.02,1,0,0,1,4,high ss1
FG016,67,1,Low-Fast,2,5,0.93,-1,7,0.99,0,0,1,0,4,high ss1
FG016,68,1,Low-Fast,3,80,0.64,1,8,0.73,0,1,1,0,4,high ss1
FG016,69,1,Low-Fast,3,80,0.27,1,9,0.06,1,0,0,1,4,high ss1
FG016,70,1,Low-Fast,3,80,0.82,-1,8,0.75,1,0,0,1,4,high ss1
FG016,71,1,Low-Fast,2,80,0.26,1,9,0.55,0,1,1,0,4,high ss1
FG016,72,1,Low-Fast,2,80,0.39,1,10,0.04,1,0,0,1,4,high ss1
FG016,73,1,Low-Fast,2,80,0.56,1,11,0.19,1,0,0,1,4,high ss1
FG016,74,1,Low-Fast,2,80,0.45,1,12,0.83,1,0,0,1,4,high ss1
FG016,75,1,Low-Fast,2,80,0.56,1,13,0.29,1,0,0,1,4,high ss1
FG016,76,1,Low-Fast,2,80,0.28,1,14,0.26,1,0,0,1,4,high ss1
FG016,77,1,Low-Fast,2,80,0.85,-1,13,0.33,1,0,0,1,4,high ss1
FG016,78,1,Low-Fast,1,5,0.08,-1,12,2.19,0,1,1,0,4,high ss1
FG016,79,1,Low-Fast,3,15,0.35,-1,11,0.4,0,1,1,0,4,high ss1
FG016,80,1,Low-Fast,3,15,0.38,-1,10,2.26,0,0,0,1,4,high ss1
FG016,81,1,Low-Fast,1,80,0.67,1,11,0.02,0,1,1,0,4,high ss1
FG016,82,1,Low-Fast,1,80,0.42,1,12,0.08,1,0,0,1,4,high ss1
FG016,83,1,Low-Fast,1,80,0.92,-1,11,0.02,1,0,0,1,4,high ss1
FG016,84,1,Low-Fast,2,5,0.8,-1,10,0.24,0,1,1,0,4,high ss1
FG016,85,1,Low-Fast,3,15,0.02,1,11,1.01,0,1,1,0,4,high ss1
FG016,86,1,Low-Fast,3,15,0.62,-1,10,0.29,1,0,0,1,4,high ss1
FG016,87,1,Low-Fast,3,15,0.74,-1,9,7.65,0,0,0,1,4,high ss1
FG016,88,1,Low-Fast,3,15,0.78,-1,8,0.45,0,0,0,1,4,high ss1
FG016,89,1,Low-Fast,2,5,0.07,-1,7,0.38,0,1,1,0,4,high ss1
FG016,90,1,Low-Fast,1,80,0.43,1,8,0.24,0,1,1,0,4,high ss1
FG016,91,1,Low-Fast,1,15,0.77,-1,7,0.06,1,0,0,1,4,high ss1
FG016,92,1,Low-Fast,2,80,0.73,1,8,2.43,0,1,1,0,4,high ss1
FG016,93,1,Low-Fast,3,5,0.29,-1,7,0.68,0,0,1,0,4,high ss1
FG016,94,1,Low-Fast,1,15,0.65,-1,6,0.56,0,1,1,0,4,high ss1
FG016,95,1,Low-Fast,2,80,0.19,1,7,0.51,0,1,1,0,4,high ss1
FG016,96,1,Low-Fast,2,80,0.37,1,8,0.22,1,0,0,1,4,high ss1
FG016,97,1,Low-Fast,2,80,0.94,-1,7,0.19,1,0,0,1,4,high ss1
FG016,98,1,Low-Fast,3,5,0.5,-1,6,1.34,0,1,1,0,4,high ss1
FG016,99,1,Low-Fast,1,15,1.0,-1,5,0.21,0,1,1,0,4,high ss1
FG016,100,1,Low-Fast,2,80,0.25,1,6,0.16,0,1,1,0,4,high ss1
FG016,151,2,High-Fast,1,60,0.11,1,7,2.12,0,0,1,0,4,high ss1
FG016,152,2,High-Fast,1,60,0.82,-1,6,0.01,1,0,0,1,4,high ss1
FG016,153,2,High-Fast,1,60,0.99,-1,5,1.64,0,0,0,1,4,high ss1
FG016,154,2,High-Fast,3,15,0.42,-1,4,0.33,0,1,1,0,4,high ss1
FG016,155,2,High-Fast,2,25,0.75,-1,3,0.37,0,1,1,0,4,high ss1
FG016,156,2,High-Fast,1,60,0.7,-1,2,0.21,0,1,1,0,4,high ss1
FG016,157,2,High-Fast,3,15,0.64,-1,1,0.48,0,1,1,0,4,high ss1
FG016,158,2,High-Fast,3,15,0.58,-1,0,0.19,0,0,0,1,4,high ss1
FG016,159,2,High-Fast,2,25,0.96,-1,-1,0.19,0,1,1,0,4,high ss1
FG016,160,2,High-Fast,2,25,0.71,-1,-2,0.02,0,0,0,1,4,high ss1
FG016,161,2,High-Fast,2,15,0.94,-1,-3,0.13,0,0,0,1,4,high ss1
FG016,162,2,High-Fast,2,15,0.04,1,-2,0.02,0,0,0,1,4,high ss1
FG016,163,2,High-Fast,2,15,0.01,1,-1,1.71,1,0,0,1,4,high ss1
FG016,164,2,High-Fast,2,15,0.61,-1,-2,0.33,1,0,0,1,4,high ss1
FG016,165,2,High-Fast,1,25,0.08,1,-1,1.99,0,1,1,0,4,high ss1
FG016,166,2,High-Fast,3,60,0.96,-1,-2,0.46,0,0,1,0,4,high ss1
FG016,167,2,High-Fast,1,25,0.01,1,-1,0.56,0,1,1,0,4,high ss1
FG016,168,2,High-Fast,1,25,0.84,-1,-2,0.02,1,0,0,1,4,high ss1
FG016,169,2,High-Fast,3,60,0.12,1,-1,1.85,0,1,1,0,4,high ss1
FG016,170,2,High-Fast,3,60,0.56,1,0,0.23,1,0,0,1,4,high ss1
FG016,171,2,High-Fast,3,25,0.22,1,1,1.06,1,0,0,1,4,high ss1
FG016,172,2,High-Fast,2,60,0.79,-1,0,0.32,0,0,1,0,4,high ss1
FG016,173,2,High-Fast,3,25,0.53,-1,-1,0.4,0,1,1,0,4,high ss1
FG016,174,2,High-Fast,1,15,0.63,-1,-2,1.08,0,1,1,0,4,high ss1
FG016,175,2,High-Fast,2,60,0.99,-1,-3,0.02,0,1,1,0,4,high ss1
FG016,176,2,High-Fast,3,25,0.37,-1,-4,0.72,0,1,1,0,4,high ss1
FG016,177,2,High-Fast,3,25,0.56,-1,-5,0.29,0,0,0,1,4,high ss1
FG016,178,2,High-Fast,1,15,0.52,-1,-6,3.17,0,1,1,0,4,high ss1
FG016,179,2,High-Fast,1,15,0.19,-1,-7,1.23,0,0,0,1,4,high ss1
FG016,180,2,High-Fast,2,60,0.55,1,-6,0.36,0,1,1,0,4,high ss1
FG016,181,2,High-Fast,2,15,0.57,-1,-7,0.36,1,0,0,1,4,high ss1
FG016,182,2,High-Fast,1,60,0.17,1,-6,0.6,0,1,1,0,4,high ss1
FG016,183,2,High-Fast,1,60,0.93,-1,-7,0.23,1,0,0,1,4,high ss1
FG016,184,2,High-Fast,3,25,0.3,-1,-8,0.51,0,1,1,0,4,high ss1
FG016,185,2,High-Fast,1,60,0.77,-1,-9,1.9,0,1,1,0,4,high ss1
FG016,186,2,High-Fast,2,15,0.22,-1,-10,0.02,0,1,1,0,4,high ss1
FG016,187,2,High-Fast,1,60,0.79,-1,-11,0.75,0,1,1,0,4,high ss1
FG016,188,2,High-Fast,3,25,0.02,1,-10,0.57,0,1,1,0,4,high ss1
FG016,189,2,High-Fast,3,25,0.22,1,-9,0.06,1,0,0,1,4,high ss1
FG016,190,2,High-Fast,3,25,0.1,1,-8,0.19,1,0,0,1,4,high ss1
FG016,191,2,High-Fast,3,60,0.65,-1,-9,0.02,1,0,0,1,4,high ss1
FG016,192,2,High-Fast,1,15,0.26,-1,-10,1.41,0,1,1,0,4,high ss1
FG016,193,2,High-Fast,3,60,0.73,-1,-11,1.04,0,1,1,0,4,high ss1
FG016,194,2,High-Fast,2,25,0.69,-1,-12,0.29,0,1,1,0,4,high ss1
FG016,195,2,High-Fast,3,60,0.21,1,-11,0.79,0,1,1,0,4,high ss1
FG016,196,2,High-Fast,3,60,0.4,1,-10,0.02,1,0,0,1,4,high ss1
FG016,197,2,High-Fast,3,60,0.72,-1,-11,0.1,1,0,0,1,4,high ss1
FG016,198,2,High-Fast,2,25,0.52,-1,-12,1.06,0,1,1,0,4,high ss1
FG016,199,2,High-Fast,3,60,0.11,1,-11,0.83,0,1,1,0,4,high ss1
FG016,200,2,High-Fast,3,60,0.79,-1,-12,0.13,1,0,0,1,4,high ss1
FG016,101,3,High-Slow,2,25,0.81,-1,-13,3.09,0,1,1,0,4,high ss1
FG016,102,3,High-Slow,1,60,0.69,-1,-14,0.02,0,1,1,0,4,high ss1
FG016,103,3,High-Slow,3,15,0.0,1,-13,0.02,0,1,1,0,4,high ss1
FG016,104,3,High-Slow,3,15,0.8,-1,-14,0.02,1,0,0,1,4,high ss1
FG016,105,3,High-Slow,2,25,0.98,-1,-15,0.63,0,1,1,0,4,high ss1
FG016,106,3,High-Slow,1,60,0.79,-1,-16,0.48,0,1,1,0,4,high ss1
FG016,107,3,High-Slow,3,15,0.4,-1,-17,1.48,0,1,1,0,4,high ss1
FG016,108,3,High-Slow,3,15,0.58,-1,-18,0.25,0,0,0,1,4,high ss1
FG016,109,3,High-Slow,3,15,0.84,-1,-19,0.4,0,0,0,1,4,high ss1
FG016,110,3,High-Slow,1,60,0.38,1,-18,1.35,0,1,1,0,4,high ss1
FG016,111,3,High-Slow,1,60,0.67,-1,-19,0.31,1,0,0,1,4,high ss1
FG016,112,3,High-Slow,2,25,0.12,1,-18,3.24,0,1,1,0,4,high ss1
FG016,113,3,High-Slow,1,60,0.95,-1,-19,0.75,0,0,1,0,4,high ss1
FG016,114,3,High-Slow,2,25,0.57,-1,-20,0.53,0,1,1,0,4,high ss1
FG016,115,3,High-Slow,2,25,0.06,1,-19,1.87,0,0,0,1,4,high ss1
FG016,116,3,High-Slow,3,15,0.47,-1,-20,1.36,0,0,1,0,4,high ss1
FG016,117,3,High-Slow,3,15,0.16,-1,-21,4.85,0,0,0,1,4,high ss1
FG016,118,3,High-Slow,1,60,0.8,-1,-22,0.37,0,1,1,0,4,high ss1
FG016,119,3,High-Slow,2,25,0.47,-1,-23,0.33,0,1,1,0,4,high ss1
FG016,120,3,High-Slow,1,60,0.51,1,-22,0.61,0,1,1,0,4,high ss1
FG016,121,3,High-Slow,1,60,0.31,1,-21,1.85,1,0,0,1,4,high ss1
FG016,122,3,High-Slow,3,15,0.62,-1,-22,1.49,0,0,1,0,4,high ss1
FG016,123,3,High-Slow,1,60,0.82,-1,-23,0.5,0,1,1,0,4,high ss1
FG016,124,3,High-Slow,2,25,0.38,-1,-24,0.37,0,1,1,0,4,high ss1
FG016,125,3,High-Slow,3,15,0.63,-1,-25,0.52,0,1,1,0,4,high ss1
FG016,126,3,High-Slow,1,15,0.92,-1,-26,1.11,0,1,1,0,4,high ss1
FG016,127,3,High-Slow,3,25,0.78,-1,-27,0.15,0,1,1,0,4,high ss1
FG016,128,3,High-Slow,2,60,0.37,1,-26,0.97,0,1,1,0,4,high ss1
FG016,129,3,High-Slow,2,60,0.07,1,-25,0.37,1,0,0,1,4,high ss1
FG016,130,3,High-Slow,2,60,0.88,-1,-26,0.38,1,0,0,1,4,high ss1
FG016,131,3,High-Slow,3,25,0.58,-1,-27,3.86,0,1,1,0,4,high ss1
FG016,132,3,High-Slow,3,25,0.68,-1,-28,0.7,0,0,0,1,4,high ss1
FG016,133,3,High-Slow,3,25,0.47,-1,-29,0.11,0,0,0,1,4,high ss1
FG016,134,3,High-Slow,1,15,0.51,-1,-30,0.03,0,1,1,0,4,high ss1
FG016,135,3,High-Slow,2,60,0.98,-1,-31,0.37,0,1,1,0,4,high ss1
FG016,136,3,High-Slow,1,15,0.44,-1,-32,0.87,0,1,1,0,4,high ss1
FG016,137,3,High-Slow,3,25,0.68,-1,-33,5.71,0,1,1,0,4,high ss1
FG016,138,3,High-Slow,2,60,0.43,1,-32,0.01,0,1,1,0,4,high ss1
FG016,139,3,High-Slow,2,60,0.75,-1,-33,0.56,1,0,0,1,4,high ss1
FG016,140,3,High-Slow,1,15,0.29,-1,-34,1.25,0,1,1,0,4,high ss1
FG016,141,3,High-Slow,3,25,0.21,1,-33,1.78,0,1,1,0,4,high ss1
FG016,142,3,High-Slow,2,60,0.33,1,-32,2.51,0,0,1,0,4,high ss1
FG016,143,3,High-Slow,2,60,0.34,1,-31,0.5,1,0,0,1,4,high ss1
FG016,144,3,High-Slow,1,15,0.08,1,-30,1.58,0,0,1,0,4,high ss1
FG016,145,3,High-Slow,1,15,0.98,-1,-31,0.5,1,0,0,1,4,high ss1
FG016,146,3,High-Slow,3,25,0.58,-1,-32,1.94,0,1,1,0,4,high ss1
FG016,147,3,High-Slow,2,60,0.96,-1,-33,0.15,0,1,1,0,4,high ss1
FG016,148,3,High-Slow,1,15,0.82,-1,-34,0.66,0,1,1,0,4,high ss1
FG016,149,3,High-Slow,1,15,0.18,-1,-35,0.31,0,0,0,1,4,high ss1
FG016,150,3,High-Slow,3,25,0.15,1,-34,0.35,0,1,1,0,4,high ss1
FG016,1,4,Low-Slow,1,80,0.19,1,-33,3.32,0,0,1,0,4,high ss1
FG016,2,4,Low-Slow,1,80,0.32,1,-32,6.47,1,0,0,1,4,high ss1
FG016,3,4,Low-Slow,1,80,0.09,1,-31,0.33,1,0,0,1,4,high ss1
FG016,4,4,Low-Slow,1,80,0.04,1,-30,0.23,1,0,0,1,4,high ss1
FG016,5,4,Low-Slow,1,80,0.72,1,-29,0.31,1,0,0,1,4,high ss1
FG016,6,4,Low-Slow,1,80,0.25,1,-28,0.15,1,0,0,1,4,high ss1
FG016,7,4,Low-Slow,1,80,0.06,1,-27,0.78,1,0,0,1,4,high ss1
FG016,8,4,Low-Slow,1,80,0.11,1,-26,0.53,1,0,0,1,4,high ss1
FG016,9,4,Low-Slow,1,80,0.34,1,-25,0.15,1,0,0,1,4,high ss1
FG016,10,4,Low-Slow,1,80,0.3,1,-24,0.53,1,0,0,1,4,high ss1
FG016,11,4,Low-Slow,1,80,0.07,1,-23,0.02,1,0,0,1,4,high ss1
FG016,12,4,Low-Slow,1,80,0.93,-1,-24,0.24,1,0,0,1,4,high ss1
FG016,13,4,Low-Slow,3,5,0.26,-1,-25,10.33,0,1,1,0,4,high ss1
FG016,14,4,Low-Slow,2,15,0.53,-1,-26,1.24,0,1,1,0,4,high ss1
FG016,15,4,Low-Slow,1,80,0.45,1,-25,1.63,0,1,1,0,4,high ss1
FG016,16,4,Low-Slow,1,80,0.62,1,-24,0.45,1,0,0,1,4,high ss1
FG016,17,4,Low-Slow,1,80,0.82,-1,-25,1.3,1,0,0,1,4,high ss1
FG016,18,4,Low-Slow,1,80,0.28,1,-24,2.15,0,0,0,1,4,high ss1
FG016,19,4,Low-Slow,1,80,0.49,1,-23,0.64,1,0,0,1,4,high ss1
FG016,20,4,Low-Slow,1,80,0.98,-1,-24,1.08,1,0,0,1,4,high ss1
FG016,21,4,Low-Slow,1,80,0.89,-1,-25,0.6,0,0,0,1,4,high ss1
FG016,22,4,Low-Slow,1,80,0.08,1,-24,1.1,0,0,0,1,4,high ss1
FG016,23,4,Low-Slow,1,80,0.44,1,-23,0.37,1,0,0,1,4,high ss1
FG016,24,4,Low-Slow,1,80,0.54,1,-22,0.2,1,0,0,1,4,high ss1
FG016,25,4,Low-Slow,1,15,0.79,-1,-23,0.02,1,0,0,1,4,high ss1
FG016,26,4,Low-Slow,1,15,0.34,-1,-24,1.23,0,0,0,1,4,high ss1
FG016,27,4,Low-Slow,1,15,0.05,1,-23,0.1,0,0,0,1,4,high ss1
FG016,28,4,Low-Slow,1,15,0.78,-1,-24,0.53,1,0,0,1,4,high ss1
FG016,29,4,Low-Slow,1,15,0.53,-1,-25,0.19,0,0,0,1,4,high ss1
FG016,30,4,Low-Slow,1,15,0.23,-1,-26,0.02,0,0,0,1,4,high ss1
FG016,31,4,Low-Slow,1,15,0.3,-1,-27,0.02,0,0,0,1,4,high ss1
FG016,32,4,Low-Slow,2,5,0.18,-1,-28,0.02,0,1,1,0,4,high ss1
FG016,33,4,Low-Slow,2,5,0.77,-1,-29,0.67,0,0,0,1,4,high ss1
FG016,34,4,Low-Slow,3,80,0.29,1,-28,0.02,0,1,1,0,4,high ss1
FG016,35,4,Low-Slow,3,80,0.32,1,-27,0.41,1,0,0,1,4,high ss1
FG016,36,4,Low-Slow,3,80,0.52,1,-26,0.06,1,0,0,1,4,high ss1
FG016,37,4,Low-Slow,3,80,0.32,1,-25,0.19,1,0,0,1,4,high ss1
FG016,38,4,Low-Slow,3,80,0.89,-1,-26,0.19,1,0,0,1,4,high ss1
FG016,39,4,Low-Slow,3,80,0.19,1,-25,0.42,0,0,0,1,4,high ss1
FG016,40,4,Low-Slow,3,80,0.18,1,-24,0.25,1,0,0,1,4,high ss1
FG016,41,4,Low-Slow,3,80,0.05,1,-23,0.35,1,0,0,1,4,high ss1
FG016,42,4,Low-Slow,3,80,0.1,1,-22,0.44,1,0,0,1,4,high ss1
FG016,43,4,Low-Slow,3,80,0.47,1,-21,0.48,1,0,0,1,4,high ss1
FG016,44,4,Low-Slow,3,80,0.55,1,-20,0.52,1,0,0,1,4,high ss1
FG016,45,4,Low-Slow,3,80,0.68,1,-19,0.26,1,0,0,1,4,high ss1
FG016,46,4,Low-Slow,3,80,0.58,1,-18,0.02,1,0,0,1,4,high ss1
FG016,47,4,Low-Slow,3,80,0.87,-1,-19,0.02,1,0,0,1,4,high ss1
FG016,48,4,Low-Slow,2,5,0.28,-1,-20,0.8,0,1,1,0,4,high ss1
FG016,49,4,Low-Slow,3,80,0.22,1,-19,1.09,0,1,1,0,4,high ss1
FG016,50,4,Low-Slow,3,80,0.54,1,-18,0.46,1,0,0,1,4,high ss1
FG018,51,1,Low-Fast,1,80,0.76,1,1,5.53,0,0,0,0,6,high ss1
FG018,52,1,Low-Fast,2,15,0.9,-1,0,1.2,0,0,1,0,6,high ss1
FG018,53,1,Low-Fast,3,5,0.78,-1,-1,0.52,0,1,1,0,6,high ss1
FG018,54,1,Low-Fast,2,15,0.69,-1,-2,1.7,0,1,1,0,6,high ss1
FG018,55,1,Low-Fast,1,80,0.87,-1,-3,0.65,0,1,1,0,6,high ss1
FG018,56,1,Low-Fast,3,5,1.0,-1,-4,0.22,0,1,1,0,6,high ss1
FG018,57,1,Low-Fast,2,15,0.82,-1,-5,1.62,0,1,1,0,6,high ss1
FG018,58,1,Low-Fast,3,5,0.93,-1,-6,2.05,0,1,1,0,6,high ss1
FG018,59,1,Low-Fast,1,80,0.84,-1,-7,0.23,0,1,1,0,6,high ss1
FG018,60,1,Low-Fast,2,15,0.32,-1,-8,0.03,0,1,1,0,6,high ss1
FG018,61,1,Low-Fast,1,15,0.94,-1,-9,0.37,0,1,1,0,6,high ss1
FG018,62,1,Low-Fast,3,80,0.42,1,-8,0.33,0,1,1,0,6,high ss1
FG018,63,1,Low-Fast,1,15,0.11,1,-7,4.85,0,0,1,0,6,high ss1
FG018,64,1,Low-Fast,2,5,0.84,-1,-8,1.33,0,0,1,0,6,high ss1
FG018,65,1,Low-Fast,3,80,0.48,1,-7,6.08,0,1,1,0,6,high ss1
FG018,66,1,Low-Fast,1,15,0.79,-1,-8,1.78,0,0,1,0,6,high ss1
FG018,67,1,Low-Fast,3,80,0.05,1,-7,3.07,0,1,1,0,6,high ss1
FG018,68,1,Low-Fast,3,80,0.92,-1,-8,3.18,1,0,0,1,6,high ss1
FG018,69,1,Low-Fast,3,80,0.13,1,-7,0.04,0,0,0,1,6,high ss1
FG018,70,1,Low-Fast,1,15,0.95,-1,-8,2.47,0,0,1,0,6,high ss1
FG018,71,1,Low-Fast,3,15,0.19,-1,-9,0.83,0,1,1,0,6,high ss1
FG018,72,1,Low-Fast,2,80,0.12,1,-8,1.46,0,1,1,0,6,high ss1
FG018,73,1,Low-Fast,3,15,0.14,1,-7,1.71,0,0,1,0,6,high ss1
FG018,74,1,Low-Fast,2,80,0.17,1,-6,0.8,0,0,1,0,6,high ss1
FG018,75,1,Low-Fast,3,15,0.92,-1,-7,0.62,0,0,1,0,6,high ss1
FG018,76,1,Low-Fast,1,5,0.0,1,-6,2.68,0,1,1,0,6,high ss1
FG018,77,1,Low-Fast,2,80,0.59,1,-5,6.02,0,0,1,0,6,high ss1
FG018,78,1,Low-Fast,3,15,0.06,1,-4,0.47,0,0,1,0,6,high ss1
FG018,79,1,Low-Fast,2,80,0.58,1,-3,1.12,0,0,1,0,6,high ss1
FG018,80,1,Low-Fast,1,5,0.77,-1,-4,0.44,0,0,1,0,6,high ss1
FG018,81,1,Low-Fast,2,5,0.65,-1,-5,0.95,0,1,1,0,6,high ss1
FG018,82,1,Low-Fast,1,80,0.69,1,-4,0.02,0,1,1,0,6,high ss1
FG018,83,1,Low-Fast,1,80,0.79,1,-3,2.47,1,0,0,1,6,high ss1
FG018,84,1,Low-Fast,1,80,0.17,1,-2,0.38,1,0,0,1,6,high ss1
FG018,85,1,Low-Fast,1,80,0.5,1,-1,0.28,1,0,0,1,6,high ss1
FG018,86,1,Low-Fast,1,80,0.27,1,0,0.28,1,0,0,1,6,high ss1
FG018,87,1,Low-Fast,1,80,0.42,1,1,0.23,1,0,0,1,6,high ss1
FG018,88,1,Low-Fast,1,80,0.01,1,2,0.05,1,0,0,1,6,high ss1
FG018,89,1,Low-Fast,1,80,0.78,1,3,0.1,1,0,0,1,6,high ss1
FG018,90,1,Low-Fast,1,80,0.12,1,4,0.2,1,0,0,1,6,high ss1
FG018,91,1,Low-Fast,1,15,0.77,-1,3,0.1,1,0,0,1,6,high ss1
FG018,92,1,Low-Fast,3,5,0.35,-1,2,0.52,0,1,1,0,6,high ss1
FG018,93,1,Low-Fast,1,15,0.39,-1,1,0.03,0,1,1,0,6,high ss1
FG018,94,1,Low-Fast,1,15,0.04,1,2,2.68,0,0,0,1,6,high ss1
FG018,95,1,Low-Fast,1,15,0.96,-1,1,0.13,1,0,0,1,6,high ss1
FG018,96,1,Low-Fast,2,80,0.43,1,2,0.02,0,1,1,0,6,high ss1
FG018,97,1,Low-Fast,2,80,0.18,1,3,1.53,1,0,0,1,6,high ss1
FG018,98,1,Low-Fast,2,80,0.75,1,4,0.27,1,0,0,1,6,high ss1
FG018,99,1,Low-Fast,2,80,0.92,-1,3,0.13,1,0,0,1,6,high ss1
FG018,100,1,Low-Fast,2,80,0.21,1,4,0.9,0,0,0,1,6,high ss1
FG018,151,2,High-Fast,1,60,0.11,1,5,2.68,0,0,1,0,6,high ss1
FG018,152,2,High-Fast,1,60,0.14,1,6,0.2,1,0,0,1,6,high ss1
FG018,153,2,High-Fast,1,60,0.18,1,7,0.18,1,0,0,1,6,high ss1
FG018,154,2,High-Fast,1,60,0.91,-1,6,0.08,1,0,0,1,6,high ss1
FG018,155,2,High-Fast,2,25,0.36,-1,5,1.15,0,1,1,0,6,high ss1
FG018,156,2,High-Fast,3,15,0.61,-1,4,1.38,0,1,1,0,6,high ss1
FG018,157,2,High-Fast,1,60,0.96,-1,3,0.25,0,1,1,0,6,high ss1
FG018,158,2,High-Fast,1,60,0.88,-1,2,1.7,0,0,0,1,6,high ss1
FG018,159,2,High-Fast,1,60,0.11,1,3,0.1,0,0,0,1,6,high ss1
FG018,160,2,High-Fast,1,60,0.35,1,4,0.13,1,0,0,1,6,high ss1
FG018,161,2,High-Fast,1,25,0.19,1,5,0.1,1,0,0,1,6,high ss1
FG018,162,2,High-Fast,1,25,0.5,-1,4,0.2,1,0,0,1,6,high ss1
FG018,163,2,High-Fast,1,25,0.32,-1,3,0.9,0,0,0,1,6,high ss1
FG018,164,2,High-Fast,1,25,0.87,-1,2,0.13,0,0,0,1,6,high ss1
FG018,165,2,High-Fast,1,25,0.07,1,3,0.2,0,0,0,1,6,high ss1
FG018,166,2,High-Fast,1,25,0.18,1,4,0.13,1,0,0,1,6,high ss1
FG018,167,2,High-Fast,1,25,0.53,-1,3,0.12,1,0,0,1,6,high ss1
FG018,168,2,High-Fast,3,60,0.42,1,4,1.42,0,1,1,0,6,high ss1
FG018,169,2,High-Fast,3,60,0.06,1,5,0.32,1,0,0,1,6,high ss1
FG018,170,2,High-Fast,3,60,0.57,1,6,0.02,1,0,0,1,6,high ss1
FG018,171,2,High-Fast,3,25,0.65,-1,5,0.03,1,0,0,1,6,high ss1
FG018,172,2,High-Fast,1,15,0.94,-1,4,1.8,0,1,1,0,6,high ss1
FG018,173,2,High-Fast,3,25,0.57,-1,3,0.35,0,1,1,0,6,high ss1
FG018,174,2,High-Fast,2,60,0.82,-1,2,0.33,0,1,1,0,6,high ss1
FG018,175,2,High-Fast,1,15,0.64,-1,1,1.13,0,1,1,0,6,high ss1
FG018,176,2,High-Fast,1,15,0.08,1,2,0.03,0,0,0,1,6,high ss1
FG018,177,2,High-Fast,1,15,0.02,1,3,0.22,1,0,0,1,6,high ss1
FG018,178,2,High-Fast,1,15,0.9,-1,2,0.12,1,0,0,1,6,high ss1
FG018,179,2,High-Fast,3,25,0.48,-1,1,1.39,0,1,1,0,6,high ss1
FG018,180,2,High-Fast,2,60,0.53,1,2,0.07,0,1,1,0,6,high ss1
FG018,181,2,High-Fast,2,15,0.66,-1,1,0.1,1,0,0,1,6,high ss1
FG018,182,2,High-Fast,3,25,0.79,-1,0,2.03,0,1,1,0,6,high ss1
FG018,183,2,High-Fast,1,60,0.67,-1,-1,1.03,0,1,1,0,6,high ss1
FG018,184,2,High-Fast,3,25,0.08,1,0,1.05,0,1,1,0,6,high ss1
FG018,185,2,High-Fast,3,25,0.03,1,1,0.07,1,0,0,1,6,high ss1
FG018,186,2,High-Fast,3,25,0.81,-1,0,0.02,1,0,0,1,6,high ss1
FG018,187,2,High-Fast,1,60,0.76,-1,-1,1.13,0,1,1,0,6,high ss1
FG018,188,2,High-Fast,3,25,0.13,1,0,1.04,0,1,1,0,6,high ss1
FG018,189,2,High-Fast,3,25,0.4,-1,-1,0.12,1,0,0,1,6,high ss1
FG018,190,2,High-Fast,2,15,0.55,-1,-2,0.29,0,1,1,0,6,high ss1
FG018,191,2,High-Fast,2,25,0.52,-1,-3,0.29,0,0,0,1,6,high ss1
FG018,192,2,High-Fast,2,25,0.06,1,-2,0.57,0,0,0,1,6,high ss1
FG018,193,2,High-Fast,2,25,0.33,-1,-3,0.15,1,0,0,1,6,high ss1
FG018,194,2,High-Fast,1,15,0.47,-1,-4,0.43,0,1,1,0,6,high ss1
FG018,195,2,High-Fast,3,60,0.02,1,-3,0.55,0,1,1,0,6,high ss1
FG018,196,2,High-Fast,2,25,0.39,-1,-4,0.03,0,0,1,0,6,high ss1
FG018,197,2,High-Fast,1,15,0.34,-1,-5,0.07,0,1,1,0,6,high ss1
FG018,198,2,High-Fast,3,60,0.71,-1,-6,0.55,0,1,1,0,6,high ss1
FG018,199,2,High-Fast,1,15,0.71,-1,-7,0.03,0,1,1,0,6,high ss1
FG018,200,2,High-Fast,1,15,0.85,-1,-8,0.04,0,0,0,1,6,high ss1
FG018,1,3,Low-Slow,2,15,0.54,-1,-9,2.33,0,1,1,0,6,high ss1
FG018,2,3,Low-Slow,1,80,0.39,1,-8,0.33,0,1,1,0,6,high ss1
FG018,3,3,Low-Slow,1,80,0.1,1,-7,0.6,1,0,0,1,6,high ss1
FG018,4,3,Low-Slow,1,80,0.69,1,-6,0.2,1,0,0,1,6,high ss1
FG018,5,3,Low-Slow,1,80,0.83,-1,-7,0.13,1,0,0,1,6,high ss1
FG018,6,3,Low-Slow,2,15,0.03,1,-6,2.37,0,1,1,0,6,high ss1
FG018,7,3,Low-Slow,2,15,0.79,-1,-7,0.39,1,0,0,1,6,high ss1
FG018,8,3,Low-Slow,2,15,0.13,1,-6,2.43,0,0,0,1,6,high ss1
FG018,9,3,Low-Slow,2,15,0.16,-1,-7,0.7,1,0,0,1,6,high ss1
FG018,10,3,Low-Slow,2,15,0.19,-1,-8,0.88,0,0,0,1,6,high ss1
FG018,11,3,Low-Slow,2,15,0.34,-1,-9,0.18,0,0,0,1,6,high ss1
FG018,12,3,Low-Slow,2,15,0.61,-1,-10,0.1,0,0,0,1,6,high ss1
FG018,13,3,Low-Slow,2,15,0.6,-1,-11,0.28,0,0,0,1,6,high ss1
FG018,14,3,Low-Slow,2,15,0.37,-1,-12,0.1,0,0,0,1,6,high ss1
FG018,15,3,Low-Slow,3,5,0.49,-1,-13,0.04,0,1,1,0,6,high ss1
FG018,16,3,Low-Slow,3,5,0.35,-1,-14,0.71,0,0,0,1,6,high ss1
FG018,17,3,Low-Slow,1,80,0.55,1,-13,0.88,0,1,1,0,6,high ss1
FG018,18,3,Low-Slow,1,80,0.03,1,-12,0.17,1,0,0,1,6,high ss1
FG018,19,3,Low-Slow,1,80,0.16,1,-11,0.29,1,0,0,1,6,high ss1
FG018,20,3,Low-Slow,1,80,0.1,1,-10,0.23,1,0,0,1,6,high ss1
FG018,21,3,Low-Slow,1,80,0.6,1,-9,0.7,1,0,0,1,6,high ss1
FG018,22,3,Low-Slow,1,80,0.69,1,-8,0.23,1,0,0,1,6,high ss1
FG018,23,3,Low-Slow,1,80,0.95,-1,-9,1.51,1,0,0,1,6,high ss1
FG018,24,3,Low-Slow,2,15,0.71,-1,-10,7.83,0,1,1,0,6,high ss1
FG018,25,3,Low-Slow,1,15,0.36,-1,-11,0.23,0,1,1,0,6,high ss1
FG018,26,3,Low-Slow,3,80,0.99,-1,-12,0.25,0,1,1,0,6,high ss1
FG018,27,3,Low-Slow,1,15,0.96,-1,-13,9.0,0,1,1,0,6,high ss1
FG018,28,3,Low-Slow,3,80,0.92,-1,-14,1.97,0,1,1,0,6,high ss1
FG018,29,3,Low-Slow,3,80,0.36,1,-13,1.32,0,0,0,1,6,high ss1
FG018,30,3,Low-Slow,3,80,0.01,1,-12,0.43,1,0,0,1,6,high ss1
FG018,31,3,Low-Slow,3,80,0.73,1,-11,0.04,1,0,0,1,6,high ss1
FG018,32,3,Low-Slow,3,80,0.06,1,-10,0.3,1,0,0,1,6,high ss1
FG018,33,3,Low-Slow,3,80,0.97,-1,-11,0.17,1,0,0,1,6,high ss1
FG018,34,3,Low-Slow,2,5,0.69,-1,-12,1.02,0,1,1,0,6,high ss1
FG018,35,3,Low-Slow,3,80,0.89,-1,-13,0.68,0,1,1,0,6,high ss1
FG018,36,3,Low-Slow,1,15,0.98,-1,-14,0.08,0,1,1,0,6,high ss1
FG018,37,3,Low-Slow,1,15,0.29,-1,-15,0.4,0,0,0,1,6,high ss1
FG018,38,3,Low-Slow,2,5,0.87,-1,-16,1.39,0,1,1,0,6,high ss1
FG018,39,3,Low-Slow,3,80,0.55,1,-15,0.55,0,1,1,0,6,high ss1
FG018,40,3,Low-Slow,3,80,0.62,1,-14,0.37,1,0,0,1,6,high ss1
FG018,41,3,Low-Slow,3,80,0.85,-1,-15,0.03,1,0,0,1,6,high ss1
FG018,42,3,Low-Slow,1,15,0.11,1,-14,1.42,0,1,1,0,6,high ss1
FG018,43,3,Low-Slow,1,15,0.46,-1,-15,0.1,1,0,0,1,6,high ss1
FG018,44,3,Low-Slow,2,5,0.23,-1,-16,1.83,0,1,1,0,6,high ss1
FG018,45,3,Low-Slow,2,5,0.08,-1,-17,0.02,0,0,0,1,6,high ss1
FG018,46,3,Low-Slow,3,80,0.83,-1,-18,0.33,0,1,1,0,6,high ss1
FG018,47,3,Low-Slow,1,15,0.01,1,-17,0.33,0,1,1,0,6,high ss1
FG018,48,3,Low-Slow,1,15,0.43,-1,-18,0.17,1,0,0,1,6,high ss1
FG018,49,3,Low-Slow,2,5,0.23,-1,-19,0.4,0,1,1,0,6,high ss1
FG018,50,3,Low-Slow,1,15,0.22,-1,-20,1.68,0,1,1,0,6,high ss1
FG018,101,4,High-Slow,2,25,0.28,-1,-21,3.31,0,1,1,0,6,high ss1
FG018,102,4,High-Slow,1,60,0.25,1,-20,0.27,0,1,1,0,6,high ss1
FG018,103,4,High-Slow,1,60,0.99,-1,-21,0.17,1,0,0,1,6,high ss1
FG018,104,4,High-Slow,3,15,0.45,-1,-22,0.63,0,1,1,0,6,high ss1
FG018,105,4,High-Slow,1,60,0.96,-1,-23,0.1,0,1,1,0,6,high ss1
FG018,106,4,High-Slow,2,25,0.64,-1,-24,0.07,0,1,1,0,6,high ss1
FG018,107,4,High-Slow,3,15,0.26,-1,-25,0.8,0,1,1,0,6,high ss1
FG018,108,4,High-Slow,1,60,0.77,-1,-26,0.02,0,1,1,0,6,high ss1
FG018,109,4,High-Slow,2,25,0.27,-1,-27,1.38,0,1,1,0,6,high ss1
FG018,110,4,High-Slow,1,60,0.55,1,-26,0.08,0,1,1,0,6,high ss1
FG018,111,4,High-Slow,1,60,0.36,1,-25,0.2,1,0,0,1,6,high ss1
FG018,112,4,High-Slow,1,60,0.31,1,-24,1.31,1,0,0,1,6,high ss1
FG018,113,4,High-Slow,3,15,0.94,-1,-25,1.97,0,0,1,0,6,high ss1
FG018,114,4,High-Slow,1,60,0.05,1,-24,0.42,0,1,1,0,6,high ss1
FG018,115,4,High-Slow,3,15,0.79,-1,-25,1.2,0,0,1,0,6,high ss1
FG018,116,4,High-Slow,1,60,0.49,1,-24,0.23,0,1,1,0,6,high ss1
FG018,117,4,High-Slow,2,25,0.79,-1,-25,1.57,0,0,1,0,6,high ss1
FG018,118,4,High-Slow,1,60,0.45,1,-24,0.42,0,1,1,0,6,high ss1
FG018,119,4,High-Slow,1,60,0.7,-1,-25,0.17,1,0,0,1,6,high ss1
FG018,120,4,High-Slow,3,15,0.42,-1,-26,2.02,0,1,1,0,6,high ss1
FG018,121,4,High-Slow,2,25,0.92,-1,-27,0.64,0,1,1,0,6,high ss1
FG018,122,4,High-Slow,1,60,0.99,-1,-28,0.04,0,1,1,0,6,high ss1
FG018,123,4,High-Slow,3,15,0.82,-1,-29,0.07,0,1,1,0,6,high ss1
FG018,124,4,High-Slow,1,60,0.01,1,-28,0.05,0,1,1,0,6,high ss1
FG018,125,4,High-Slow,3,15,0.29,-1,-29,0.4,0,0,1,0,6,high ss1
FG018,126,4,High-Slow,1,15,0.8,-1,-30,0.23,0,1,1,0,6,high ss1
FG018,127,4,High-Slow,2,60,0.9,-1,-31,0.17,0,1,1,0,6,high ss1
FG018,128,4,High-Slow,1,15,0.95,-1,-32,0.28,0,1,1,0,6,high ss1
FG018,129,4,High-Slow,2,60,0.98,-1,-33,0.8,0,1,1,0,6,high ss1
FG018,130,4,High-Slow,3,25,0.44,-1,-34,2.04,0,1,1,0,6,high ss1
FG018,131,4,High-Slow,1,15,0.35,-1,-35,1.6,0,1,1,0,6,high ss1
FG018,132,4,High-Slow,2,60,0.45,1,-34,0.69,0,1,1,0,6,high ss1
FG018,133,4,High-Slow,2,60,0.34,1,-33,1.19,1,0,0,1,6,high ss1
FG018,134,4,High-Slow,2,60,0.98,-1,-34,0.17,1,0,0,1,6,high ss1
FG018,135,4,High-Slow,1,15,0.97,-1,-35,1.45,0,1,1,0,6,high ss1
FG018,136,4,High-Slow,3,25,0.27,-1,-36,0.15,0,1,1,0,6,high ss1
FG018,137,4,High-Slow,1,15,0.64,-1,-37,0.42,0,1,1,0,6,high ss1
FG018,138,4,High-Slow,2,60,0.82,-1,-38,0.17,0,1,1,0,6,high ss1
FG018,139,4,High-Slow,2,60,0.22,1,-37,0.24,0,0,0,1,6,high ss1
FG018,140,4,High-Slow,2,60,0.42,1,-36,0.13,1,0,0,1,6,high ss1
FG018,141,4,High-Slow,3,25,0.75,-1,-37,0.42,0,0,1,0,6,high ss1
FG018,142,4,High-Slow,2,60,0.57,1,-36,1.0,0,1,1,0,6,high ss1
FG018,143,4,High-Slow,2,60,0.49,1,-35,0.2,1,0,0,1,6,high ss1
FG018,144,4,High-Slow,2,60,0.74,-1,-36,0.17,1,0,0,1,6,high ss1
FG018,145,4,High-Slow,3,25,0.14,1,-35,0.13,0,1,1,0,6,high ss1
FG018,146,4,High-Slow,3,25,0.04,1,-34,0.03,1,0,0,1,6,high ss1
FG018,147,4,High-Slow,3,25,0.34,-1,-35,0.04,1,0,0,1,6,high ss1
FG018,148,4,High-Slow,1,15,0.77,-1,-36,0.13,0,1,1,0,6,high ss1
FG018,149,4,High-Slow,2,60,0.32,1,-35,0.38,0,1,1,0,6,high ss1
FG018,150,4,High-Slow,2,60,0.31,1,-34,0.2,1,0,0,1,6,high ss1
FG019,1,1,Low-Slow,1,80,0.6,1,1,13.15,0,0,0,0,4,high ss1
FG019,2,1,Low-Slow,3,5,0.67,-1,0,7.15,0,0,1,0,4,high ss1
FG019,3,1,Low-Slow,1,80,0.69,1,1,3.48,0,1,1,0,4,high ss1
FG019,4,1,Low-Slow,1,80,0.9,-1,0,1.2,1,0,0,1,4,high ss1
FG019,5,1,Low-Slow,3,5,0.05,-1,-1,5.57,0,1,1,0,4,high ss1
FG019,6,1,Low-Slow,2,15,0.97,-1,-2,1.85,0,1,1,0,4,high ss1
FG019,7,1,Low-Slow,1,80,0.64,1,-1,3.97,0,1,1,0,4,high ss1
FG019,8,1,Low-Slow,2,15,0.35,-1,-2,3.75,0,0,1,0,4,high ss1
FG019,9,1,Low-Slow,1,80,0.78,1,-1,1.4,0,1,1,0,4,high ss1
FG019,10,1,Low-Slow,2,15,0.94,-1,-2,2.32,0,0,1,0,4,high ss1
FG019,11,1,Low-Slow,1,80,0.94,-1,-3,0.33,0,1,1,0,4,high ss1
FG019,12,1,Low-Slow,1,80,0.52,1,-2,2.87,0,0,0,1,4,high ss1
FG019,13,1,Low-Slow,3,5,0.66,-1,-3,4.97,0,0,1,0,4,high ss1
FG019,14,1,Low-Slow,1,80,0.21,1,-2,1.42,0,1,1,0,4,high ss1
FG019,15,1,Low-Slow,3,5,0.3,-1,-3,5.45,0,0,1,0,4,high ss1
FG019,16,1,Low-Slow,1,80,0.01,1,-2,0.33,0,1,1,0,4,high ss1
FG019,17,1,Low-Slow,3,5,0.91,-1,-3,4.15,0,0,1,0,4,high ss1
FG019,18,1,Low-Slow,1,80,0.54,1,-2,0.47,0,1,1,0,4,high ss1
FG019,19,1,Low-Slow,2,15,0.96,-1,-3,1.12,0,0,1,0,4,high ss1
FG019,20,1,Low-Slow,1,80,0.59,1,-2,0.47,0,1,1,0,4,high ss1
FG019,21,1,Low-Slow,1,80,0.28,1,-1,3.78,1,0,0,1,4,high ss1
FG019,22,1,Low-Slow,3,5,0.26,-1,-2,9.18,0,0,1,0,4,high ss1
FG019,23,1,Low-Slow,1,80,0.86,-1,-3,0.17,0,1,1,0,4,high ss1
FG019,24,1,Low-Slow,2,15,0.51,-1,-4,0.53,0,1,1,0,4,high ss1
FG019,25,1,Low-Slow,1,15,0.31,-1,-5,0.45,0,1,1,0,4,high ss1
FG019,26,1,Low-Slow,1,15,0.07,1,-4,0.77,0,0,0,1,4,high ss1
FG019,27,1,Low-Slow,3,80,0.74,1,-3,1.25,0,0,1,0,4,high ss1
FG019,28,1,Low-Slow,1,15,0.08,1,-2,0.17,0,0,1,0,4,high ss1
FG019,29,1,Low-Slow,2,5,0.43,-1,-3,6.5,0,0,1,0,4,high ss1
FG019,30,1,Low-Slow,1,15,0.54,-1,-4,0.4,0,1,1,0,4,high ss1
FG019,31,1,Low-Slow,1,15,0.25,-1,-5,3.28,0,0,0,1,4,high ss1
FG019,32,1,Low-Slow,3,80,0.69,1,-4,0.77,0,1,1,0,4,high ss1
FG019,33,1,Low-Slow,1,15,0.7,-1,-5,0.3,0,0,1,0,4,high ss1
FG019,34,1,Low-Slow,2,5,0.56,-1,-6,1.8,0,1,1,0,4,high ss1
FG019,35,1,Low-Slow,1,15,0.47,-1,-7,0.1,0,1,1,0,4,high ss1
FG019,36,1,Low-Slow,1,15,0.46,-1,-8,3.03,0,0,0,1,4,high ss1
FG019,37,1,Low-Slow,3,80,0.11,1,-7,0.54,0,1,1,0,4,high ss1
FG019,38,1,Low-Slow,1,15,0.27,-1,-8,1.97,0,0,1,0,4,high ss1
FG019,39,1,Low-Slow,3,80,0.63,1,-7,0.4,0,1,1,0,4,high ss1
FG019,40,1,Low-Slow,2,5,0.8,-1,-8,2.9,0,0,1,0,4,high ss1
FG019,41,1,Low-Slow,3,80,0.09,1,-7,0.17,0,1,1,0,4,high ss1
FG019,42,1,Low-Slow,2,5,0.69,-1,-8,0.63,0,0,1,0,4,high ss1
FG019,43,1,Low-Slow,3,80,0.25,1,-7,0.12,0,1,1,0,4,high ss1
FG019,44,1,Low-Slow,1,15,0.36,-1,-8,1.17,0,0,1,0,4,high ss1
FG019,45,1,Low-Slow,3,80,0.09,1,-7,0.33,0,1,1,0,4,high ss1
FG019,46,1,Low-Slow,3,80,0.37,1,-6,0.49,1,0,0,1,4,high ss1
FG019,47,1,Low-Slow,3,80,0.21,1,-5,0.64,1,0,0,1,4,high ss1
FG019,48,1,Low-Slow,3,80,0.6,1,-4,0.63,1,0,0,1,4,high ss1
FG019,49,1,Low-Slow,3,80,0.72,1,-3,0.38,1,0,0,1,4,high ss1
FG019,50,1,Low-Slow,3,80,0.33,1,-2,0.37,1,0,0,1,4,high ss1
FG019,101,2,High-Slow,1,60,0.37,1,-1,2.82,0,0,1,0,4,high ss1
FG019,102,2,High-Slow,1,60,0.49,1,0,0.43,1,0,0,1,4,high ss1
FG019,103,2,High-Slow,1,60,0.41,1,1,0.38,1,0,0,1,4,high ss1
FG019,104,2,High-Slow,1,60,0.49,1,2,0.4,1,0,0,1,4,high ss1
FG019,105,2,High-Slow,1,60,0.36,1,3,0.45,1,0,0,1,4,high ss1
FG019,106,2,High-Slow,1,60,0.62,-1,2,0.37,1,0,0,1,4,high ss1
FG019,107,2,High-Slow,1,60,0.79,-1,1,5.2,0,0,0,1,4,high ss1
FG019,108,2,High-Slow,3,15,0.86,-1,0,0.87,0,1,1,0,4,high ss1
FG019,109,2,High-Slow,2,25,0.4,-1,-1,0.42,0,1,1,0,4,high ss1
FG019,110,2,High-Slow,1,60,0.34,1,0,0.6,0,1,1,0,4,high ss1
FG019,111,2,High-Slow,1,60,0.78,-1,-1,0.37,1,0,0,1,4,high ss1
FG019,112,2,High-Slow,1,60,0.05,1,0,0.33,0,0,0,1,4,high ss1
FG019,113,2,High-Slow,2,25,0.05,1,1,2.87,0,0,1,0,4,high ss1
FG019,114,2,High-Slow,1,60,0.79,-1,0,0.37,0,0,1,0,4,high ss1
FG019,115,2,High-Slow,2,25,0.32,-1,-1,0.68,0,1,1,0,4,high ss1
FG019,116,2,High-Slow,1,60,0.86,-1,-2,0.3,0,1,1,0,4,high ss1
FG019,117,2,High-Slow,1,60,0.51,1,-1,1.59,0,0,0,1,4,high ss1
FG019,118,2,High-Slow,2,25,0.8,-1,-2,0.58,0,0,1,0,4,high ss1
FG019,119,2,High-Slow,1,60,0.82,-1,-3,0.35,0,1,1,0,4,high ss1
FG019,120,2,High-Slow,1,60,0.35,1,-2,0.31,0,0,0,1,4,high ss1
FG019,121,2,High-Slow,3,15,0.85,-1,-3,0.23,0,0,1,0,4,high ss1
FG019,122,2,High-Slow,2,25,0.99,-1,-4,0.37,0,1,1,0,4,high ss1
FG019,123,2,High-Slow,1,60,0.9,-1,-5,0.2,0,1,1,0,4,high ss1
FG019,124,2,High-Slow,1,60,0.56,1,-4,0.23,0,0,0,1,4,high ss1
FG019,125,2,High-Slow,1,60,0.14,1,-3,1.47,1,0,0,1,4,high ss1
FG019,126,2,High-Slow,1,15,0.17,-1,-4,0.27,1,0,0,1,4,high ss1
FG019,127,2,High-Slow,1,15,0.89,-1,-5,0.28,0,0,0,1,4,high ss1
FG019,128,2,High-Slow,1,15,0.14,1,-4,0.5,0,0,0,1,4,high ss1
FG019,129,2,High-Slow,1,15,0.46,-1,-5,0.42,1,0,0,1,4,high ss1
FG019,130,2,High-Slow,3,25,0.83,-1,-6,0.67,0,1,1,0,4,high ss1
FG019,131,2,High-Slow,1,15,0.26,-1,-7,0.17,0,1,1,0,4,high ss1
FG019,132,2,High-Slow,1,15,0.98,-1,-8,1.05,0,0,0,1,4,high ss1
FG019,133,2,High-Slow,2,60,0.31,1,-7,1.78,0,1,1,0,4,high ss1
FG019,134,2,High-Slow,2,60,0.87,-1,-8,0.27,1,0,0,1,4,high ss1
FG019,135,2,High-Slow,2,60,0.58,1,-7,0.3,0,0,0,1,4,high ss1
FG019,136,2,High-Slow,1,15,0.44,-1,-8,0.95,0,0,1,0,4,high ss1
FG019,137,2,High-Slow,2,60,0.33,1,-7,0.2,0,1,1,0,4,high ss1
FG019,138,2,High-Slow,3,25,0.84,-1,-8,0.7,0,0,1,0,4,high ss1
FG019,139,2,High-Slow,2,60,0.74,-1,-9,0.07,0,1,1,0,4,high ss1
FG019,140,2,High-Slow,2,60,0.08,1,-8,0.4,0,0,0,1,4,high ss1
FG019,141,2,High-Slow,2,60,0.62,-1,-9,5.4,1,0,0,1,4,high ss1
FG019,142,2,High-Slow,3,25,0.82,-1,-10,0.72,0,1,1,0,4,high ss1
FG019,143,2,High-Slow,2,60,0.51,1,-9,0.53,0,1,1,0,4,high ss1
FG019,144,2,High-Slow,1,15,0.6,-1,-10,1.27,0,0,1,0,4,high ss1
FG019,145,2,High-Slow,2,60,0.24,1,-9,0.53,0,1,1,0,4,high ss1
FG019,146,2,High-Slow,2,60,0.44,1,-8,1.07,1,0,0,1,4,high ss1
FG019,147,2,High-Slow,2,60,0.18,1,-7,0.6,1,0,0,1,4,high ss1
FG019,148,2,High-Slow,2,60,0.91,-1,-8,0.17,1,0,0,1,4,high ss1
FG019,149,2,High-Slow,1,15,0.85,-1,-9,0.32,0,1,1,0,4,high ss1
FG019,150,2,High-Slow,2,60,0.19,1,-8,0.37,0,1,1,0,4,high ss1
FG019,51,3,Low-Fast,3,5,0.11,-1,-9,2.23,0,0,1,0,4,high ss1
FG019,52,3,Low-Fast,2,15,0.73,-1,-10,0.57,0,1,1,0,4,high ss1
FG019,53,3,Low-Fast,1,80,0.36,1,-9,0.05,0,1,1,0,4,high ss1
FG019,54,3,Low-Fast,1,80,0.24,1,-8,1.4,1,0,0,1,4,high ss1
FG019,55,3,Low-Fast,1,80,0.47,1,-7,0.3,1,0,0,1,4,high ss1
FG019,56,3,Low-Fast,1,80,0.87,-1,-8,0.18,1,0,0,1,4,high ss1
FG019,57,3,Low-Fast,1,80,0.69,1,-7,0.17,0,0,0,1,4,high ss1
FG019,58,3,Low-Fast,1,80,0.36,1,-6,0.83,1,0,0,1,4,high ss1
FG019,59,3,Low-Fast,3,5,0.77,-1,-7,1.97,0,0,1,0,4,high ss1
FG019,60,3,Low-Fast,1,80,0.3,1,-6,0.17,0,1,1,0,4,high ss1
FG019,61,3,Low-Fast,1,15,0.97,-1,-7,0.27,1,0,0,1,4,high ss1
FG019,62,3,Low-Fast,1,15,0.08,1,-6,0.53,0,0,0,1,4,high ss1
FG019,63,3,Low-Fast,2,5,0.79,-1,-7,0.43,0,0,1,0,4,high ss1
FG019,64,3,Low-Fast,1,15,0.6,-1,-8,1.27,0,1,1,0,4,high ss1
FG019,65,3,Low-Fast,1,15,0.48,-1,-9,0.65,0,0,0,1,4,high ss1
FG019,66,3,Low-Fast,3,80,0.18,1,-8,0.45,0,1,1,0,4,high ss1
FG019,67,3,Low-Fast,3,80,0.82,-1,-9,0.15,1,0,0,1,4,high ss1
FG019,68,3,Low-Fast,3,80,0.12,1,-8,0.17,0,0,0,1,4,high ss1
FG019,69,3,Low-Fast,3,80,0.14,1,-7,1.37,1,0,0,1,4,high ss1
FG019,70,3,Low-Fast,3,80,0.41,1,-6,0.35,1,0,0,1,4,high ss1
FG019,71,3,Low-Fast,3,15,0.3,-1,-7,0.32,1,0,0,1,4,high ss1
FG019,72,3,Low-Fast,3,15,0.44,-1,-8,0.2,0,0,0,1,4,high ss1
FG019,73,3,Low-Fast,1,5,0.65,-1,-9,4.8,0,1,1,0,4,high ss1
FG019,74,3,Low-Fast,3,15,0.91,-1,-10,0.2,0,1,1,0,4,high ss1
FG019,75,3,Low-Fast,2,80,0.96,-1,-11,0.22,0,1,1,0,4,high ss1
FG019,76,3,Low-Fast,3,15,0.63,-1,-12,0.13,0,1,1,0,4,high ss1
FG019,77,3,Low-Fast,1,5,0.3,-1,-13,0.25,0,1,1,0,4,high ss1
FG019,78,3,Low-Fast,3,15,0.87,-1,-14,0.38,0,1,1,0,4,high ss1
FG019,79,3,Low-Fast,3,15,0.05,1,-13,0.42,0,0,0,1,4,high ss1
FG019,80,3,Low-Fast,3,15,0.11,1,-12,0.18,1,0,0,1,4,high ss1
FG019,81,3,Low-Fast,3,15,0.17,-1,-13,0.35,1,0,0,1,4,high ss1
FG019,82,3,Low-Fast,3,15,0.85,-1,-14,0.12,0,0,0,1,4,high ss1
FG019,83,3,Low-Fast,3,15,0.7,-1,-15,0.52,0,0,0,1,4,high ss1
FG019,84,3,Low-Fast,2,5,0.54,-1,-16,0.82,0,1,1,0,4,high ss1
FG019,85,3,Low-Fast,3,15,0.96,-1,-17,0.1,0,1,1,0,4,high ss1
FG019,86,3,Low-Fast,1,80,0.69,1,-16,0.07,0,1,1,0,4,high ss1
FG019,87,3,Low-Fast,1,80,0.76,1,-15,0.28,1,0,0,1,4,high ss1
FG019,88,3,Low-Fast,1,80,0.61,1,-14,0.23,1,0,0,1,4,high ss1
FG019,89,3,Low-Fast,1,80,0.05,1,-13,0.25,1,0,0,1,4,high ss1
FG019,90,3,Low-Fast,1,80,0.06,1,-12,0.22,1,0,0,1,4,high ss1
FG019,91,3,Low-Fast,1,15,0.64,-1,-13,0.3,1,0,0,1,4,high ss1
FG019,92,3,Low-Fast,1,15,0.92,-1,-14,0.22,0,0,0,1,4,high ss1
FG019,93,3,Low-Fast,1,15,0.7,-1,-15,1.54,0,0,0,1,4,high ss1
FG019,94,3,Low-Fast,3,5,0.93,-1,-16,0.21,0,1,1,0,4,high ss1
FG019,95,3,Low-Fast,2,80,0.82,-1,-17,0.03,0,1,1,0,4,high ss1
FG019,96,3,Low-Fast,1,15,0.21,-1,-18,0.05,0,1,1,0,4,high ss1
FG019,97,3,Low-Fast,1,15,0.96,-1,-19,0.18,0,0,0,1,4,high ss1
FG019,98,3,Low-Fast,2,80,0.96,-1,-20,0.3,0,1,1,0,4,high ss1
FG019,99,3,Low-Fast,1,15,0.72,-1,-21,0.74,0,1,1,0,4,high ss1
FG019,100,3,Low-Fast,3,5,0.23,-1,-22,0.03,0,1,1,0,4,high ss1
FG019,151,4,High-Fast,2,25,0.52,-1,-23,2.13,0,1,1,0,4,high ss1
FG019,152,4,High-Fast,1,60,0.25,1,-22,0.2,0,1,1,0,4,high ss1
FG019,153,4,High-Fast,3,15,0.08,1,-21,1.81,0,0,1,0,4,high ss1
FG019,154,4,High-Fast,2,25,0.28,-1,-22,0.23,0,0,1,0,4,high ss1
FG019,155,4,High-Fast,1,60,0.81,-1,-23,0.52,0,1,1,0,4,high ss1
FG019,156,4,High-Fast,1,60,0.91,-1,-24,0.33,0,0,0,1,4,high ss1
FG019,157,4,High-Fast,3,15,0.2,-1,-25,0.3,0,1,1,0,4,high ss1
FG019,158,4,High-Fast,2,25,0.35,-1,-26,0.93,0,1,1,0,4,high ss1
FG019,159,4,High-Fast,1,60,0.54,1,-25,0.08,0,1,1,0,4,high ss1
FG019,160,4,High-Fast,3,15,0.74,-1,-26,0.32,0,0,1,0,4,high ss1
FG019,161,4,High-Fast,1,25,0.04,1,-25,0.27,0,1,1,0,4,high ss1
FG019,162,4,High-Fast,1,25,0.95,-1,-26,0.5,1,0,0,1,4,high ss1
FG019,163,4,High-Fast,1,25,0.77,-1,-27,0.23,0,0,0,1,4,high ss1
FG019,164,4,High-Fast,2,15,0.87,-1,-28,0.03,0,1,1,0,4,high ss1
FG019,165,4,High-Fast,1,25,0.93,-1,-29,0.03,0,1,1,0,4,high ss1
FG019,166,4,High-Fast,1,25,0.93,-1,-30,1.87,0,0,0,1,4,high ss1
FG019,167,4,High-Fast,3,60,0.72,-1,-31,0.23,0,1,1,0,4,high ss1
FG019,168,4,High-Fast,1,25,0.4,-1,-32,0.1,0,1,1,0,4,high ss1
FG019,169,4,High-Fast,1,25,0.87,-1,-33,0.28,0,0,0,1,4,high ss1
FG019,170,4,High-Fast,2,15,0.71,-1,-34,0.03,0,1,1,0,4,high ss1
FG019,171,4,High-Fast,3,25,0.47,-1,-35,1.32,0,1,1,0,4,high ss1
FG019,172,4,High-Fast,1,15,0.29,-1,-36,0.38,0,1,1,0,4,high ss1
FG019,173,4,High-Fast,3,25,0.71,-1,-37,0.05,0,1,1,0,4,high ss1
FG019,174,4,High-Fast,1,15,0.16,-1,-38,0.43,0,1,1,0,4,high ss1
FG019,175,4,High-Fast,1,15,0.35,-1,-39,0.28,0,0,0,1,4,high ss1
FG019,176,4,High-Fast,1,15,0.88,-1,-40,0.2,0,0,0,1,4,high ss1
FG019,177,4,High-Fast,1,15,0.15,-1,-41,0.23,0,0,0,1,4,high ss1
FG019,178,4,High-Fast,1,15,0.86,-1,-42,0.25,0,0,0,1,4,high ss1
FG019,179,4,High-Fast,2,60,0.55,1,-41,0.28,0,1,1,0,4,high ss1
FG019,180,4,High-Fast,2,60,0.72,-1,-42,0.15,1,0,0,1,4,high ss1
FG019,181,4,High-Fast,2,15,0.96,-1,-43,0.5,0,0,0,1,4,high ss1
FG019,182,4,High-Fast,2,15,0.66,-1,-44,0.32,0,0,0,1,4,high ss1
FG019,183,4,High-Fast,2,15,0.82,-1,-45,0.07,0,0,0,1,4,high ss1
FG019,184,4,High-Fast,3,25,0.59,-1,-46,0.25,0,1,1,0,4,high ss1
FG019,185,4,High-Fast,3,25,0.83,-1,-47,0.05,0,0,0,1,4,high ss1
FG019,186,4,High-Fast,3,25,0.06,1,-46,0.38,0,0,0,1,4,high ss1
FG019,187,4,High-Fast,3,25,0.26,-1,-47,0.17,1,0,0,1,4,high ss1
FG019,188,4,High-Fast,3,25,0.3,-1,-48,0.4,0,0,0,1,4,high ss1
FG019,189,4,High-Fast,2,15,0.8,-1,-49,3.18,0,1,1,0,4,high ss1
FG019,190,4,High-Fast,1,60,0.43,1,-48,0.32,0,1,1,0,4,high ss1
FG019,191,4,High-Fast,1,15,0.2,-1,-49,0.2,1,0,0,1,4,high ss1
FG019,192,4,High-Fast,3,60,0.33,1,-48,0.38,0,1,1,0,4,high ss1
FG019,193,4,High-Fast,1,15,0.35,-1,-49,0.17,0,0,1,0,4,high ss1
FG019,194,4,High-Fast,3,60,0.52,1,-48,0.12,0,1,1,0,4,high ss1
FG019,195,4,High-Fast,3,60,0.65,-1,-49,0.05,1,0,0,1,4,high ss1
FG019,196,4,High-Fast,3,60,0.55,1,-48,0.1,0,0,0,1,4,high ss1
FG019,197,4,High-Fast,1,15,0.75,-1,-49,0.35,0,0,1,0,4,high ss1
FG019,198,4,High-Fast,3,60,0.26,1,-48,0.33,0,1,1,0,4,high ss1
FG019,199,4,High-Fast,2,25,0.55,-1,-49,0.5,0,0,1,0,4,high ss1
FG019,200,4,High-Fast,3,60,0.56,1,-48,0.14,0,1,1,0,4,high ss1
FG020,151,1,High-Fast,1,60,0.63,-1,-1,13.71,0,0,0,0,7,high ss1
FG020,152,1,High-Fast,3,15,0.99,-1,-2,0.93,0,1,1,0,7,high ss1
FG020,153,1,High-Fast,2,25,0.91,-1,-3,1.23,0,1,1,0,7,high ss1
FG020,154,1,High-Fast,2,25,0.01,1,-2,0.4,0,0,0,1,7,high ss1
FG020,155,1,High-Fast,2,25,0.72,-1,-3,0.67,1,0,0,1,7,high ss1
FG020,156,1,High-Fast,2,25,0.44,-1,-4,0.3,0,0,0,1,7,high ss1
FG020,157,1,High-Fast,3,15,0.89,-1,-5,0.67,0,1,1,0,7,high ss1
FG020,158,1,High-Fast,3,15,0.43,-1,-6,0.13,0,0,0,1,7,high ss1
FG020,159,1,High-Fast,3,15,0.58,-1,-7,0.07,0,0,0,1,7,high ss1
FG020,160,1,High-Fast,1,60,0.38,1,-6,0.23,0,1,1,0,7,high ss1
FG020,161,1,High-Fast,1,25,0.2,1,-5,0.82,1,0,0,1,7,high ss1
FG020,162,1,High-Fast,1,25,0.75,-1,-6,0.27,1,0,0,1,7,high ss1
FG020,163,1,High-Fast,1,25,0.67,-1,-7,0.27,0,0,0,1,7,high ss1
FG020,164,1,High-Fast,1,25,0.53,-1,-8,0.17,0,0,0,1,7,high ss1
FG020,165,1,High-Fast,1,25,0.88,-1,-9,0.1,0,0,0,1,7,high ss1
FG020,166,1,High-Fast,1,25,0.38,-1,-10,0.03,0,0,0,1,7,high ss1
FG020,167,1,High-Fast,1,25,0.16,1,-9,1.45,0,0,0,1,7,high ss1
FG020,168,1,High-Fast,1,25,0.39,-1,-10,0.1,1,0,0,1,7,high ss1
FG020,169,1,High-Fast,1,25,0.99,-1,-11,0.3,0,0,0,1,7,high ss1
FG020,170,1,High-Fast,2,15,0.86,-1,-12,0.07,0,1,1,0,7,high ss1
FG020,171,1,High-Fast,2,60,0.04,1,-11,11.05,0,0,0,1,7,high ss1
FG020,172,1,High-Fast,3,25,0.94,-1,-12,0.3,0,0,1,0,7,high ss1
FG020,173,1,High-Fast,3,25,0.59,-1,-13,0.4,0,0,0,1,7,high ss1
FG020,174,1,High-Fast,2,60,0.49,1,-12,0.03,0,1,1,0,7,high ss1
FG020,175,1,High-Fast,1,15,0.83,-1,-13,0.3,0,0,1,0,7,high ss1
FG020,176,1,High-Fast,1,15,0.26,-1,-14,0.3,0,0,0,1,7,high ss1
FG020,177,1,High-Fast,1,15,0.67,-1,-15,0.69,0,0,0,1,7,high ss1
FG020,178,1,High-Fast,2,60,0.21,1,-14,1.03,0,1,1,0,7,high ss1
FG020,179,1,High-Fast,2,60,0.43,1,-13,1.75,1,0,0,1,7,high ss1
FG020,180,1,High-Fast,3,25,0.01,1,-12,1.87,0,0,1,0,7,high ss1
FG020,181,1,High-Fast,3,25,0.58,-1,-13,1.77,1,0,0,1,7,high ss1
FG020,182,1,High-Fast,2,15,0.21,-1,-14,2.1,0,1,1,0,7,high ss1
FG020,183,1,High-Fast,1,60,0.8,-1,-15,0.27,0,1,1,0,7,high ss1
FG020,184,1,High-Fast,2,15,0.74,-1,-16,0.2,0,1,1,0,7,high ss1
FG020,185,1,High-Fast,3,25,0.34,-1,-17,0.1,0,1,1,0,7,high ss1
FG020,186,1,High-Fast,3,25,0.91,-1,-18,0.43,0,0,0,1,7,high ss1
FG020,187,1,High-Fast,2,15,0.12,1,-17,0.1,0,1,1,0,7,high ss1
FG020,188,1,High-Fast,2,15,0.77,-1,-18,0.27,1,0,0,1,7,high ss1
FG020,189,1,High-Fast,3,25,0.89,-1,-19,1.17,0,1,1,0,7,high ss1
FG020,190,1,High-Fast,2,15,0.33,-1,-20,0.1,0,1,1,0,7,high ss1
FG020,191,1,High-Fast,3,60,0.12,1,-19,0.3,0,1,1,0,7,high ss1
FG020,192,1,High-Fast,2,25,0.68,-1,-20,0.57,0,0,1,0,7,high ss1
FG020,193,1,High-Fast,1,15,0.34,-1,-21,0.26,0,1,1,0,7,high ss1
FG020,194,1,High-Fast,3,60,0.04,1,-20,1.27,0,1,1,0,7,high ss1
FG020,195,1,High-Fast,2,25,0.3,-1,-21,0.83,0,0,1,0,7,high ss1
FG020,196,1,High-Fast,3,60,0.92,-1,-22,0.13,0,1,1,0,7,high ss1
FG020,197,1,High-Fast,1,15,0.71,-1,-23,1.63,0,1,1,0,7,high ss1
FG020,198,1,High-Fast,1,15,0.41,-1,-24,0.5,0,0,0,1,7,high ss1
FG020,199,1,High-Fast,3,60,0.91,-1,-25,0.2,0,1,1,0,7,high ss1
FG020,200,1,High-Fast,3,60,0.28,1,-24,0.47,0,0,0,1,7,high ss1
FG020,101,2,High-Slow,1,60,0.16,1,-23,3.4,0,0,1,0,7,high ss1
FG020,102,2,High-Slow,1,60,0.42,1,-22,0.3,1,0,0,1,7,high ss1
FG020,103,2,High-Slow,1,60,0.53,1,-21,0.13,1,0,0,1,7,high ss1
FG020,104,2,High-Slow,1,60,0.84,-1,-22,0.07,1,0,0,1,7,high ss1
FG020,105,2,High-Slow,1,60,0.05,1,-21,0.33,0,0,0,1,7,high ss1
FG020,106,2,High-Slow,1,60,0.82,-1,-22,0.27,1,0,0,1,7,high ss1
FG020,107,2,High-Slow,1,60,0.7,-1,-23,0.03,0,0,0,1,7,high ss1
FG020,108,2,High-Slow,2,25,0.74,-1,-24,0.03,0,1,1,0,7,high ss1
FG020,109,2,High-Slow,1,60,0.78,-1,-25,0.77,0,1,1,0,7,high ss1
FG020,110,2,High-Slow,1,60,0.41,1,-24,0.17,0,0,0,1,7,high ss1
FG020,111,2,High-Slow,1,60,0.8,-1,-25,0.3,1,0,0,1,7,high ss1
FG020,112,2,High-Slow,3,15,0.02,1,-24,0.23,0,1,1,0,7,high ss1
FG020,113,2,High-Slow,1,60,0.98,-1,-25,0.27,0,0,1,0,7,high ss1
FG020,114,2,High-Slow,1,60,0.67,-1,-26,0.17,0,0,0,1,7,high ss1
FG020,115,2,High-Slow,1,60,0.46,1,-25,0.07,0,0,0,1,7,high ss1
FG020,116,2,High-Slow,3,15,0.06,1,-24,0.04,0,0,1,0,7,high ss1
FG020,117,2,High-Slow,3,15,0.1,1,-23,1.17,1,0,0,1,7,high ss1
FG020,118,2,High-Slow,3,15,0.62,-1,-24,0.43,1,0,0,1,7,high ss1
FG020,119,2,High-Slow,1,60,0.33,1,-23,0.2,0,1,1,0,7,high ss1
FG020,120,2,High-Slow,1,60,0.34,1,-22,0.6,1,0,0,1,7,high ss1
FG020,121,2,High-Slow,3,15,0.18,-1,-23,1.17,0,0,1,0,7,high ss1
FG020,122,2,High-Slow,3,15,0.01,1,-22,0.77,0,0,0,1,7,high ss1
FG020,123,2,High-Slow,3,15,0.46,-1,-23,0.27,1,0,0,1,7,high ss1
FG020,124,2,High-Slow,3,15,0.76,-1,-24,0.17,0,0,0,1,7,high ss1
FG020,125,2,High-Slow,1,60,0.47,1,-23,0.23,0,1,1,0,7,high ss1
FG020,126,2,High-Slow,1,15,0.83,-1,-24,0.37,1,0,0,1,7,high ss1
FG020,127,2,High-Slow,1,15,0.09,1,-23,1.1,0,0,0,1,7,high ss1
FG020,128,2,High-Slow,3,25,0.31,-1,-24,0.27,0,0,1,0,7,high ss1
FG020,129,2,High-Slow,3,25,0.05,1,-23,0.43,0,0,0,1,7,high ss1
FG020,130,2,High-Slow,3,25,0.94,-1,-24,1.84,1,0,0,1,7,high ss1
FG020,131,2,High-Slow,1,15,0.85,-1,-25,0.17,0,1,1,0,7,high ss1
FG020,132,2,High-Slow,1,15,0.62,-1,-26,0.13,0,0,0,1,7,high ss1
FG020,133,2,High-Slow,1,15,0.98,-1,-27,0.33,0,0,0,1,7,high ss1
FG020,134,2,High-Slow,3,25,0.69,-1,-28,0.3,0,1,1,0,7,high ss1
FG020,135,2,High-Slow,3,25,0.33,-1,-29,0.27,0,0,0,1,7,high ss1
FG020,136,2,High-Slow,2,60,0.1,1,-28,0.23,0,1,1,0,7,high ss1
FG020,137,2,High-Slow,2,60,0.34,1,-27,0.6,1,0,0,1,7,high ss1
FG020,138,2,High-Slow,2,60,0.64,-1,-28,0.44,1,0,0,1,7,high ss1
FG020,139,2,High-Slow,1,15,0.97,-1,-29,0.27,0,1,1,0,7,high ss1
FG020,140,2,High-Slow,2,60,0.55,1,-28,0.43,0,1,1,0,7,high ss1
FG020,141,2,High-Slow,2,60,0.4,1,-27,0.5,1,0,0,1,7,high ss1
FG020,142,2,High-Slow,3,25,0.61,-1,-28,1.6,0,0,1,0,7,high ss1
FG020,143,2,High-Slow,1,15,0.57,-1,-29,0.37,0,1,1,0,7,high ss1
FG020,144,2,High-Slow,2,60,0.92,-1,-30,0.1,0,1,1,0,7,high ss1
FG020,145,2,High-Slow,2,60,0.81,-1,-31,0.24,0,0,0,1,7,high ss1
FG020,146,2,High-Slow,2,60,0.12,1,-30,1.43,0,0,0,1,7,high ss1
FG020,147,2,High-Slow,2,60,0.7,-1,-31,0.37,1,0,0,1,7,high ss1
FG020,148,2,High-Slow,1,15,0.43,-1,-32,0.33,0,1,1,0,7,high ss1
FG020,149,2,High-Slow,1,15,0.52,-1,-33,0.2,0,0,0,1,7,high ss1
FG020,150,2,High-Slow,2,60,0.93,-1,-34,0.03,0,1,1,0,7,high ss1
FG020,1,3,Low-Slow,3,5,0.41,-1,-35,1.5,0,1,1,0,7,high ss1
FG020,2,3,Low-Slow,1,80,0.06,1,-34,0.1,0,1,1,0,7,high ss1
FG020,3,3,Low-Slow,1,80,0.58,1,-33,0.17,1,0,0,1,7,high ss1
FG020,4,3,Low-Slow,1,80,0.17,1,-32,0.03,1,0,0,1,7,high ss1
FG020,5,3,Low-Slow,1,80,0.43,1,-31,0.23,1,0,0,1,7,high ss1
FG020,6,3,Low-Slow,1,80,0.22,1,-30,0.17,1,0,0,1,7,high ss1
FG020,7,3,Low-Slow,1,80,0.41,1,-29,0.07,1,0,0,1,7,high ss1
FG020,8,3,Low-Slow,1,80,0.33,1,-28,0.2,1,0,0,1,7,high ss1
FG020,9,3,Low-Slow,1,80,0.77,1,-27,0.3,1,0,0,1,7,high ss1
FG020,10,3,Low-Slow,1,80,0.07,1,-26,0.33,1,0,0,1,7,high ss1
FG020,11,3,Low-Slow,1,80,0.91,-1,-27,0.23,1,0,0,1,7,high ss1
FG020,12,3,Low-Slow,3,5,0.6,-1,-28,0.1,0,1,1,0,7,high ss1
FG020,13,3,Low-Slow,2,15,0.41,-1,-29,0.23,0,1,1,0,7,high ss1
FG020,14,3,Low-Slow,1,80,0.81,-1,-30,0.77,0,1,1,0,7,high ss1
FG020,15,3,Low-Slow,1,80,0.68,1,-29,0.27,0,0,0,1,7,high ss1
FG020,16,3,Low-Slow,1,80,0.88,-1,-30,0.1,1,0,0,1,7,high ss1
FG020,17,3,Low-Slow,1,80,0.15,1,-29,0.47,0,0,0,1,7,high ss1
FG020,18,3,Low-Slow,1,80,0.93,-1,-30,0.27,1,0,0,1,7,high ss1
FG020,19,3,Low-Slow,1,80,0.67,1,-29,0.17,0,0,0,1,7,high ss1
FG020,20,3,Low-Slow,1,80,0.22,1,-28,0.2,1,0,0,1,7,high ss1
FG020,21,3,Low-Slow,1,80,0.7,1,-27,0.27,1,0,0,1,7,high ss1
FG020,22,3,Low-Slow,1,80,0.74,1,-26,0.14,1,0,0,1,7,high ss1
FG020,23,3,Low-Slow,1,80,0.82,-1,-27,0.17,1,0,0,1,7,high ss1
FG020,24,3,Low-Slow,1,80,0.64,1,-26,0.13,0,0,0,1,7,high ss1
FG020,25,3,Low-Slow,1,15,0.12,1,-25,0.2,1,0,0,1,7,high ss1
FG020,26,3,Low-Slow,1,15,0.62,-1,-26,0.03,1,0,0,1,7,high ss1
FG020,27,3,Low-Slow,1,15,0.83,-1,-27,0.13,0,0,0,1,7,high ss1
FG020,28,3,Low-Slow,1,15,0.48,-1,-28,0.03,0,0,0,1,7,high ss1
FG020,29,3,Low-Slow,1,15,0.36,-1,-29,0.1,0,0,0,1,7,high ss1
FG020,30,3,Low-Slow,1,15,0.89,-1,-30,0.03,0,0,0,1,7,high ss1
FG020,31,3,Low-Slow,1,15,0.07,1,-29,0.1,0,0,0,1,7,high ss1
FG020,32,3,Low-Slow,1,15,0.56,-1,-30,0.07,1,0,0,1,7,high ss1
FG020,33,3,Low-Slow,1,15,0.39,-1,-31,0.17,0,0,0,1,7,high ss1
FG020,34,3,Low-Slow,1,15,0.66,-1,-32,0.07,0,0,0,1,7,high ss1
FG020,35,3,Low-Slow,1,15,0.54,-1,-33,0.07,0,0,0,1,7,high ss1
FG020,36,3,Low-Slow,1,15,0.11,1,-32,0.13,0,0,0,1,7,high ss1
FG020,37,3,Low-Slow,1,15,0.77,-1,-33,0.13,1,0,0,1,7,high ss1
FG020,38,3,Low-Slow,3,80,0.72,1,-32,0.13,0,1,1,0,7,high ss1
FG020,39,3,Low-Slow,1,15,0.91,-1,-33,0.1,0,0,1,0,7,high ss1
FG020,40,3,Low-Slow,3,80,0.02,1,-32,0.1,0,1,1,0,7,high ss1
FG020,41,3,Low-Slow,3,80,0.49,1,-31,0.17,1,0,0,1,7,high ss1
FG020,42,3,Low-Slow,3,80,0.25,1,-30,0.07,1,0,0,1,7,high ss1
FG020,43,3,Low-Slow,3,80,0.46,1,-29,0.03,1,0,0,1,7,high ss1
FG020,44,3,Low-Slow,3,80,0.22,1,-28,0.04,1,0,0,1,7,high ss1
FG020,45,3,Low-Slow,3,80,0.33,1,-27,0.17,1,0,0,1,7,high ss1
FG020,46,3,Low-Slow,3,80,0.19,1,-26,0.13,1,0,0,1,7,high ss1
FG020,47,3,Low-Slow,3,80,0.73,1,-25,1.9,1,0,0,1,7,high ss1
FG020,48,3,Low-Slow,3,80,0.18,1,-24,0.6,1,0,0,1,7,high ss1
FG020,49,3,Low-Slow,3,80,0.27,1,-23,0.03,1,0,0,1,7,high ss1
FG020,50,3,Low-Slow,3,80,0.03,1,-22,0.17,1,0,0,1,7,high ss1
FG020,51,4,Low-Fast,3,5,0.15,-1,-23,0.9,1,0,0,1,7,high ss1
FG020,52,4,Low-Fast,1,80,0.43,1,-22,0.3,0,1,1,0,7,high ss1
FG020,53,4,Low-Fast,1,80,0.42,1,-21,0.33,1,0,0,1,7,high ss1
FG020,54,4,Low-Fast,1,80,0.12,1,-20,0.3,1,0,0,1,7,high ss1
FG020,55,4,Low-Fast,1,80,0.98,-1,-21,0.35,1,0,0,1,7,high ss1
FG020,56,4,Low-Fast,1,80,0.69,1,-20,0.1,0,0,0,1,7,high ss1
FG020,57,4,Low-Fast,1,80,0.03,1,-19,0.37,1,0,0,1,7,high ss1
FG020,58,4,Low-Fast,1,80,0.66,1,-18,0.17,1,0,0,1,7,high ss1
FG020,59,4,Low-Fast,1,80,0.26,1,-17,0.13,1,0,0,1,7,high ss1
FG020,60,4,Low-Fast,1,80,0.99,-1,-18,0.2,1,0,0,1,7,high ss1
FG020,61,4,Low-Fast,1,15,0.54,-1,-19,0.5,0,0,0,1,7,high ss1
FG020,62,4,Low-Fast,3,80,0.54,1,-18,1.02,0,1,1,0,7,high ss1
FG020,63,4,Low-Fast,3,80,0.73,1,-17,0.2,1,0,0,1,7,high ss1
FG020,64,4,Low-Fast,3,80,0.2,1,-16,0.13,1,0,0,1,7,high ss1
FG020,65,4,Low-Fast,3,80,0.2,1,-15,0.2,1,0,0,1,7,high ss1
FG020,66,4,Low-Fast,3,80,0.95,-1,-16,0.04,1,0,0,1,7,high ss1
FG020,67,4,Low-Fast,3,80,0.42,1,-15,0.14,0,0,0,1,7,high ss1
FG020,68,4,Low-Fast,3,80,0.02,1,-14,0.1,1,0,0,1,7,high ss1
FG020,69,4,Low-Fast,3,80,0.43,1,-13,0.17,1,0,0,1,7,high ss1
FG020,70,4,Low-Fast,3,80,0.31,1,-12,0.03,1,0,0,1,7,high ss1
FG020,71,4,Low-Fast,3,15,0.38,-1,-13,0.03,1,0,0,1,7,high ss1
FG020,72,4,Low-Fast,3,15,0.14,1,-12,0.2,0,0,0,1,7,high ss1
FG020,73,4,Low-Fast,3,15,0.43,-1,-13,0.17,1,0,0,1,7,high ss1
FG020,74,4,Low-Fast,3,15,0.05,1,-12,0.07,0,0,0,1,7,high ss1
FG020,75,4,Low-Fast,3,15,0.08,1,-11,0.34,1,0,0,1,7,high ss1
FG020,76,4,Low-Fast,3,15,0.94,-1,-12,0.17,1,0,0,1,7,high ss1
FG020,77,4,Low-Fast,3,15,0.22,-1,-13,0.04,0,0,0,1,7,high ss1
FG020,78,4,Low-Fast,2,80,0.41,1,-12,0.1,0,1,1,0,7,high ss1
FG020,79,4,Low-Fast,2,80,0.25,1,-11,0.3,1,0,0,1,7,high ss1
FG020,80,4,Low-Fast,2,80,0.49,1,-10,0.3,1,0,0,1,7,high ss1
FG020,81,4,Low-Fast,2,5,0.85,-1,-11,0.2,1,0,0,1,7,high ss1
FG020,82,4,Low-Fast,2,5,0.62,-1,-12,0.43,0,0,0,1,7,high ss1
FG020,83,4,Low-Fast,1,80,0.6,1,-11,0.1,0,1,1,0,7,high ss1
FG020,84,4,Low-Fast,1,80,0.45,1,-10,0.24,1,0,0,1,7,high ss1
FG020,85,4,Low-Fast,1,80,0.6,1,-9,0.1,1,0,0,1,7,high ss1
FG020,86,4,Low-Fast,1,80,0.37,1,-8,0.3,1,0,0,1,7,high ss1
FG020,87,4,Low-Fast,1,80,0.94,-1,-9,0.27,1,0,0,1,7,high ss1
FG020,88,4,Low-Fast,1,80,0.37,1,-8,0.54,0,0,0,1,7,high ss1
FG020,89,4,Low-Fast,1,80,0.89,-1,-9,0.13,1,0,0,1,7,high ss1
FG020,90,4,Low-Fast,3,15,0.52,-1,-10,0.15,0,1,1,0,7,high ss1
FG020,91,4,Low-Fast,3,5,0.41,-1,-11,1.03,0,0,0,1,7,high ss1
FG020,92,4,Low-Fast,1,15,0.6,-1,-12,0.23,0,1,1,0,7,high ss1
FG020,93,4,Low-Fast,1,15,0.08,1,-11,0.3,0,0,0,1,7,high ss1
FG020,94,4,Low-Fast,1,15,0.31,-1,-12,0.13,1,0,0,1,7,high ss1
FG020,95,4,Low-Fast,1,15,0.88,-1,-13,0.1,0,0,0,1,7,high ss1
FG020,96,4,Low-Fast,3,5,0.96,-1,-14,0.13,0,1,1,0,7,high ss1
FG020,97,4,Low-Fast,2,80,0.3,1,-13,0.7,0,1,1,0,7,high ss1
FG020,98,4,Low-Fast,2,80,0.12,1,-12,0.17,1,0,0,1,7,high ss1
FG020,99,4,Low-Fast,2,80,0.34,1,-11,0.3,1,0,0,1,7,high ss1
FG020,100,4,Low-Fast,2,80,0.83,-1,-12,0.5,1,0,0,1,7,high ss1
FG021,1,1,Low-Slow,3,5,0.81,-1,-1,9.2,0,0,0,0,6,high ss1
FG021,2,1,Low-Slow,1,80,0.08,1,0,4.57,0,1,1,0,6,high ss1
FG021,3,1,Low-Slow,2,15,0.83,-1,-1,4.1,0,0,1,0,6,high ss1
FG021,4,1,Low-Slow,3,5,0.9,-1,-2,1.53,0,1,1,0,6,high ss1
FG021,5,1,Low-Slow,1,80,0.73,1,-1,2.3,0,1,1,0,6,high ss1
FG021,6,1,Low-Slow,2,15,0.65,-1,-2,0.47,0,0,1,0,6,high ss1
FG021,7,1,Low-Slow,1,80,0.29,1,-1,0.07,0,1,1,0,6,high ss1
FG021,8,1,Low-Slow,1,80,0.06,1,0,0.63,1,0,0,1,6,high ss1
FG021,9,1,Low-Slow,1,80,0.24,1,1,0.4,1,0,0,1,6,high ss1
FG021,10,1,Low-Slow,1,80,0.64,1,2,0.33,1,0,0,1,6,high ss1
FG021,11,1,Low-Slow,1,80,0.14,1,3,0.07,1,0,0,1,6,high ss1
FG021,12,1,Low-Slow,1,80,0.51,1,4,0.03,1,0,0,1,6,high ss1
FG021,13,1,Low-Slow,1,80,0.37,1,5,0.1,1,0,0,1,6,high ss1
FG021,14,1,Low-Slow,1,80,0.04,1,6,0.04,1,0,0,1,6,high ss1
FG021,15,1,Low-Slow,1,80,0.69,1,7,0.5,1,0,0,1,6,high ss1
FG021,16,1,Low-Slow,1,80,0.49,1,8,0.2,1,0,0,1,6,high ss1
FG021,17,1,Low-Slow,1,80,0.77,1,9,0.03,1,0,0,1,6,high ss1
FG021,18,1,Low-Slow,1,80,0.92,-1,8,0.04,1,0,0,1,6,high ss1
FG021,19,1,Low-Slow,3,5,0.65,-1,7,0.27,0,1,1,0,6,high ss1
FG021,20,1,Low-Slow,2,15,0.81,-1,6,0.34,0,1,1,0,6,high ss1
FG021,21,1,Low-Slow,2,15,0.81,-1,5,1.1,0,0,0,1,6,high ss1
FG021,22,1,Low-Slow,3,5,0.28,-1,4,0.57,0,1,1,0,6,high ss1
FG021,23,1,Low-Slow,1,80,0.33,1,5,0.48,0,1,1,0,6,high ss1
FG021,24,1,Low-Slow,1,80,0.84,-1,4,0.23,1,0,0,1,6,high ss1
FG021,25,1,Low-Slow,2,5,0.78,-1,3,0.5,0,1,1,0,6,high ss1
FG021,26,1,Low-Slow,3,80,0.61,1,4,0.04,0,1,1,0,6,high ss1
FG021,27,1,Low-Slow,1,15,0.09,1,5,0.17,0,0,1,0,6,high ss1
FG021,28,1,Low-Slow,2,5,0.97,-1,4,0.03,0,0,1,0,6,high ss1
FG021,29,1,Low-Slow,3,80,0.43,1,5,0.43,0,1,1,0,6,high ss1
FG021,30,1,Low-Slow,1,15,0.82,-1,4,0.2,0,0,1,0,6,high ss1
FG021,31,1,Low-Slow,3,80,0.42,1,5,0.2,0,1,1,0,6,high ss1
FG021,32,1,Low-Slow,1,15,0.84,-1,4,0.04,0,0,1,0,6,high ss1
FG021,33,1,Low-Slow,3,80,0.12,1,5,0.5,0,1,1,0,6,high ss1
FG021,34,1,Low-Slow,1,15,0.35,-1,4,0.27,0,0,1,0,6,high ss1
FG021,35,1,Low-Slow,1,15,0.51,-1,3,1.25,0,0,0,1,6,high ss1
FG021,36,1,Low-Slow,3,80,0.7,1,4,0.7,0,1,1,0,6,high ss1
FG021,37,1,Low-Slow,1,15,0.72,-1,3,0.1,0,0,1,0,6,high ss1
FG021,38,1,Low-Slow,3,80,0.39,1,4,0.44,0,1,1,0,6,high ss1
FG021,39,1,Low-Slow,1,15,0.45,-1,3,0.7,0,0,1,0,6,high ss1
FG021,40,1,Low-Slow,2,5,0.66,-1,2,2.42,0,1,1,0,6,high ss1
FG021,41,1,Low-Slow,3,80,0.6,1,3,0.03,0,1,1,0,6,high ss1
FG021,42,1,Low-Slow,1,15,0.94,-1,2,0.3,0,0,1,0,6,high ss1
FG021,43,1,Low-Slow,3,80,0.22,1,3,0.23,0,1,1,0,6,high ss1
FG021,44,1,Low-Slow,1,15,0.18,-1,2,0.27,0,0,1,0,6,high ss1
FG021,45,1,Low-Slow,3,80,0.37,1,3,0.04,0,1,1,0,6,high ss1
FG021,46,1,Low-Slow,1,15,0.36,-1,2,0.1,0,0,1,0,6,high ss1
FG021,47,1,Low-Slow,3,80,0.17,1,3,0.6,0,1,1,0,6,high ss1
FG021,48,1,Low-Slow,3,80,0.49,1,4,0.9,1,0,0,1,6,high ss1
FG021,49,1,Low-Slow,3,80,0.86,-1,3,0.2,1,0,0,1,6,high ss1
FG021,50,1,Low-Slow,2,5,0.66,-1,2,0.03,0,1,1,0,6,high ss1
FG021,101,2,High-Slow,1,60,0.15,1,3,1.87,0,1,1,0,6,high ss1
FG021,102,2,High-Slow,1,60,0.17,1,4,0.47,1,0,0,1,6,high ss1
FG021,103,2,High-Slow,1,60,0.71,-1,3,0.27,1,0,0,1,6,high ss1
FG021,104,2,High-Slow,3,15,0.29,-1,2,0.03,0,1,1,0,6,high ss1
FG021,105,2,High-Slow,2,25,0.49,-1,1,0.5,0,1,1,0,6,high ss1
FG021,106,2,High-Slow,1,60,0.82,-1,0,0.43,0,1,1,0,6,high ss1
FG021,107,2,High-Slow,3,15,0.94,-1,-1,0.14,0,1,1,0,6,high ss1
FG021,108,2,High-Slow,2,25,0.87,-1,-2,0.17,0,1,1,0,6,high ss1
FG021,109,2,High-Slow,3,15,0.5,-1,-3,0.1,0,1,1,0,6,high ss1
FG021,110,2,High-Slow,1,60,0.71,-1,-4,0.04,0,1,1,0,6,high ss1
FG021,111,2,High-Slow,2,25,0.2,1,-3,0.03,0,1,1,0,6,high ss1
FG021,112,2,High-Slow,3,15,0.93,-1,-4,0.34,0,0,1,0,6,high ss1
FG021,113,2,High-Slow,1,60,0.95,-1,-5,0.37,0,1,1,0,6,high ss1
FG021,114,2,High-Slow,2,25,0.73,-1,-6,0.77,0,1,1,0,6,high ss1
FG021,115,2,High-Slow,1,60,0.23,1,-5,0.3,0,1,1,0,6,high ss1
FG021,116,2,High-Slow,3,15,0.84,-1,-6,0.33,0,0,1,0,6,high ss1
FG021,117,2,High-Slow,1,60,0.74,-1,-7,0.37,0,1,1,0,6,high ss1
FG021,118,2,High-Slow,2,25,0.37,-1,-8,0.03,0,1,1,0,6,high ss1
FG021,119,2,High-Slow,1,60,0.99,-1,-9,0.4,0,1,1,0,6,high ss1
FG021,120,2,High-Slow,3,15,0.09,1,-8,0.24,0,1,1,0,6,high ss1
FG021,121,2,High-Slow,1,60,0.63,-1,-9,1.0,0,0,1,0,6,high ss1
FG021,122,2,High-Slow,2,25,1.0,-1,-10,2.1,0,1,1,0,6,high ss1
FG021,123,2,High-Slow,3,15,0.64,-1,-11,0.27,0,1,1,0,6,high ss1
FG021,124,2,High-Slow,1,60,0.55,1,-10,0.03,0,1,1,0,6,high ss1
FG021,125,2,High-Slow,2,25,0.26,-1,-11,0.63,0,0,1,0,6,high ss1
FG021,126,2,High-Slow,3,25,0.96,-1,-12,0.94,0,1,1,0,6,high ss1
FG021,127,2,High-Slow,1,15,0.33,-1,-13,0.04,0,1,1,0,6,high ss1
FG021,128,2,High-Slow,2,60,0.18,1,-12,0.03,0,1,1,0,6,high ss1
FG021,129,2,High-Slow,3,25,0.47,-1,-13,0.23,0,0,1,0,6,high ss1
FG021,130,2,High-Slow,1,15,0.47,-1,-14,0.03,0,1,1,0,6,high ss1
FG021,131,2,High-Slow,2,60,0.05,1,-13,0.04,0,1,1,0,6,high ss1
FG021,132,2,High-Slow,3,25,0.84,-1,-14,0.03,0,0,1,0,6,high ss1
FG021,133,2,High-Slow,1,15,0.13,1,-13,1.07,0,1,1,0,6,high ss1
FG021,134,2,High-Slow,2,60,0.58,1,-12,2.63,0,0,1,0,6,high ss1
FG021,135,2,High-Slow,3,25,0.12,1,-11,1.17,0,0,1,0,6,high ss1
FG021,136,2,High-Slow,1,15,0.56,-1,-12,1.04,0,0,1,0,6,high ss1
FG021,137,2,High-Slow,2,60,0.68,-1,-13,0.33,0,1,1,0,6,high ss1
FG021,138,2,High-Slow,3,25,0.52,-1,-14,0.47,0,1,1,0,6,high ss1
FG021,139,2,High-Slow,1,15,0.75,-1,-15,0.64,0,1,1,0,6,high ss1
FG021,140,2,High-Slow,2,60,0.73,-1,-16,0.07,0,1,1,0,6,high ss1
FG021,141,2,High-Slow,3,25,0.92,-1,-17,0.03,0,1,1,0,6,high ss1
FG021,142,2,High-Slow,1,15,0.9,-1,-18,0.1,0,1,1,0,6,high ss1
FG021,143,2,High-Slow,2,60,0.23,1,-17,0.03,0,1,1,0,6,high ss1
FG021,144,2,High-Slow,3,25,0.08,1,-16,1.8,0,0,1,0,6,high ss1
FG021,145,2,High-Slow,1,15,0.07,1,-15,2.2,0,0,1,0,6,high ss1
FG021,146,2,High-Slow,2,60,0.14,1,-14,0.27,0,0,1,0,6,high ss1
FG021,147,2,High-Slow,2,60,0.49,1,-13,0.27,1,0,0,1,6,high ss1
FG021,148,2,High-Slow,2,60,0.17,1,-12,0.5,1,0,0,1,6,high ss1
FG021,149,2,High-Slow,2,60,0.22,1,-11,0.2,1,0,0,1,6,high ss1
FG021,150,2,High-Slow,2,60,0.15,1,-10,0.37,1,0,0,1,6,high ss1
FG021,151,3,High-Fast,2,25,0.05,1,-9,1.47,1,0,0,1,6,high ss1
FG021,152,3,High-Fast,2,25,0.17,1,-8,0.3,1,0,0,1,6,high ss1
FG021,153,3,High-Fast,2,25,0.87,-1,-9,0.1,1,0,0,1,6,high ss1
FG021,154,3,High-Fast,2,25,0.42,-1,-10,0.44,0,0,0,1,6,high ss1
FG021,155,3,High-Fast,2,25,0.74,-1,-11,0.13,0,0,0,1,6,high ss1
FG021,156,3,High-Fast,1,60,0.92,-1,-12,0.04,0,1,1,0,6,high ss1
FG021,157,3,High-Fast,3,15,0.27,-1,-13,0.47,0,1,1,0,6,high ss1
FG021,158,3,High-Fast,3,15,0.84,-1,-14,0.04,0,0,0,1,6,high ss1
FG021,159,3,High-Fast,3,15,0.19,-1,-15,0.2,0,0,0,1,6,high ss1
FG021,160,3,High-Fast,2,25,0.73,-1,-16,0.34,0,1,1,0,6,high ss1
FG021,161,3,High-Fast,1,25,0.0,1,-15,0.33,0,1,1,0,6,high ss1
FG021,162,3,High-Fast,1,25,0.48,-1,-16,0.33,1,0,0,1,6,high ss1
FG021,163,3,High-Fast,3,60,0.97,-1,-17,0.17,0,1,1,0,6,high ss1
FG021,164,3,High-Fast,2,15,0.17,-1,-18,0.24,0,1,1,0,6,high ss1
FG021,165,3,High-Fast,1,25,0.48,-1,-19,0.07,0,1,1,0,6,high ss1
FG021,166,3,High-Fast,3,60,0.74,-1,-20,0.03,0,1,1,0,6,high ss1
FG021,167,3,High-Fast,2,15,0.74,-1,-21,0.07,0,1,1,0,6,high ss1
FG021,168,3,High-Fast,3,60,0.83,-1,-22,0.17,0,1,1,0,6,high ss1
FG021,169,3,High-Fast,3,60,0.26,1,-21,1.85,0,0,0,1,6,high ss1
FG021,170,3,High-Fast,3,60,0.77,-1,-22,2.38,1,0,0,1,6,high ss1
FG021,171,3,High-Fast,2,60,0.23,1,-21,0.14,0,1,1,0,6,high ss1
FG021,172,3,High-Fast,2,60,0.49,1,-20,0.94,1,0,0,1,6,high ss1
FG021,173,3,High-Fast,2,60,0.1,1,-19,0.27,1,0,0,1,6,high ss1
FG021,174,3,High-Fast,2,60,0.1,1,-18,0.44,1,0,0,1,6,high ss1
FG021,175,3,High-Fast,2,60,0.63,-1,-19,0.2,1,0,0,1,6,high ss1
FG021,176,3,High-Fast,1,15,0.17,-1,-20,0.04,0,1,1,0,6,high ss1
FG021,177,3,High-Fast,3,25,0.44,-1,-21,0.1,0,1,1,0,6,high ss1
FG021,178,3,High-Fast,2,60,0.39,1,-20,0.03,0,1,1,0,6,high ss1
FG021,179,3,High-Fast,2,60,0.24,1,-19,0.17,1,0,0,1,6,high ss1
FG021,180,3,High-Fast,2,60,0.69,-1,-20,0.07,1,0,0,1,6,high ss1
FG021,181,3,High-Fast,3,25,0.98,-1,-21,0.03,0,1,1,0,6,high ss1
FG021,182,3,High-Fast,1,60,0.19,1,-20,0.47,0,1,1,0,6,high ss1
FG021,183,3,High-Fast,1,60,0.24,1,-19,0.03,1,0,0,1,6,high ss1
FG021,184,3,High-Fast,1,60,0.75,-1,-20,0.17,1,0,0,1,6,high ss1
FG021,185,3,High-Fast,2,15,0.26,-1,-21,0.04,0,1,1,0,6,high ss1
FG021,186,3,High-Fast,3,25,0.85,-1,-22,0.04,0,1,1,0,6,high ss1
FG021,187,3,High-Fast,1,60,0.6,1,-21,0.03,0,1,1,0,6,high ss1
FG021,188,3,High-Fast,1,60,0.48,1,-20,0.4,1,0,0,1,6,high ss1
FG021,189,3,High-Fast,1,60,0.95,-1,-21,0.44,1,0,0,1,6,high ss1
FG021,190,3,High-Fast,1,60,0.34,1,-20,0.47,0,0,0,1,6,high ss1
FG021,191,3,High-Fast,1,15,0.97,-1,-21,0.2,1,0,0,1,6,high ss1
FG021,192,3,High-Fast,1,15,0.22,-1,-22,0.2,0,0,0,1,6,high ss1
FG021,193,3,High-Fast,1,15,0.02,1,-21,0.27,0,0,0,1,6,high ss1
FG021,194,3,High-Fast,1,15,0.03,1,-20,0.23,1,0,0,1,6,high ss1
FG021,195,3,High-Fast,1,15,0.65,-1,-21,0.35,1,0,0,1,6,high ss1
FG021,196,3,High-Fast,2,25,0.88,-1,-22,0.3,0,1,1,0,6,high ss1
FG021,197,3,High-Fast,3,60,0.71,-1,-23,0.03,0,1,1,0,6,high ss1
FG021,198,3,High-Fast,1,15,0.92,-1,-24,0.17,0,1,1,0,6,high ss1
FG021,199,3,High-Fast,2,25,0.92,-1,-25,0.04,0,1,1,0,6,high ss1
FG021,200,3,High-Fast,3,60,0.33,1,-24,0.27,0,1,1,0,6,high ss1
FG021,51,4,Low-Fast,3,5,0.16,-1,-25,1.77,1,0,0,1,6,high ss1
FG021,52,4,Low-Fast,1,80,0.12,1,-24,0.14,0,1,1,0,6,high ss1
FG021,53,4,Low-Fast,1,80,0.7,1,-23,0.3,1,0,0,1,6,high ss1
FG021,54,4,Low-Fast,1,80,0.33,1,-22,0.03,1,0,0,1,6,high ss1
FG021,55,4,Low-Fast,1,80,0.11,1,-21,0.27,1,0,0,1,6,high ss1
FG021,56,4,Low-Fast,1,80,0.03,1,-20,0.53,1,0,0,1,6,high ss1
FG021,57,4,Low-Fast,1,80,0.05,1,-19,0.2,1,0,0,1,6,high ss1
FG021,58,4,Low-Fast,1,80,0.99,-1,-20,0.2,1,0,0,1,6,high ss1
FG021,59,4,Low-Fast,2,15,0.71,-1,-21,0.17,0,1,1,0,6,high ss1
FG021,60,4,Low-Fast,3,5,0.03,1,-20,0.12,0,1,1,0,6,high ss1
FG021,61,4,Low-Fast,1,15,0.89,-1,-21,0.1,0,0,1,0,6,high ss1
FG021,62,4,Low-Fast,2,5,0.26,-1,-22,0.5,0,1,1,0,6,high ss1
FG021,63,4,Low-Fast,3,80,0.5,1,-21,0.14,0,1,1,0,6,high ss1
FG021,64,4,Low-Fast,3,80,0.5,1,-20,0.13,1,0,0,1,6,high ss1
FG021,65,4,Low-Fast,3,80,0.3,1,-19,0.54,1,0,0,1,6,high ss1
FG021,66,4,Low-Fast,3,80,0.88,-1,-20,0.1,1,0,0,1,6,high ss1
FG021,67,4,Low-Fast,2,5,0.94,-1,-21,0.04,0,1,1,0,6,high ss1
FG021,68,4,Low-Fast,3,80,0.14,1,-20,0.37,0,1,1,0,6,high ss1
FG021,69,4,Low-Fast,2,5,0.74,-1,-21,0.27,0,0,1,0,6,high ss1
FG021,70,4,Low-Fast,3,80,0.51,1,-20,0.47,0,1,1,0,6,high ss1
FG021,71,4,Low-Fast,2,80,0.29,1,-19,0.03,0,0,1,0,6,high ss1
FG021,72,4,Low-Fast,3,15,0.33,-1,-20,0.1,0,0,1,0,6,high ss1
FG021,73,4,Low-Fast,2,80,0.01,1,-19,0.17,0,1,1,0,6,high ss1
FG021,74,4,Low-Fast,3,15,1.0,-1,-20,0.23,0,0,1,0,6,high ss1
FG021,75,4,Low-Fast,2,80,0.67,1,-19,0.2,0,1,1,0,6,high ss1
FG021,76,4,Low-Fast,2,80,0.45,1,-18,0.43,1,0,0,1,6,high ss1
FG021,77,4,Low-Fast,2,80,0.18,1,-17,0.3,1,0,0,1,6,high ss1
FG021,78,4,Low-Fast,3,15,0.14,1,-16,0.1,0,0,1,0,6,high ss1
FG021,79,4,Low-Fast,2,80,0.14,1,-15,0.3,0,0,1,0,6,high ss1
FG021,80,4,Low-Fast,3,15,0.35,-1,-16,0.24,0,0,1,0,6,high ss1
FG021,81,4,Low-Fast,1,80,0.53,1,-15,0.07,0,1,1,0,6,high ss1
FG021,82,4,Low-Fast,3,15,0.21,-1,-16,0.1,0,0,1,0,6,high ss1
FG021,83,4,Low-Fast,1,80,0.52,1,-15,0.03,0,1,1,0,6,high ss1
FG021,84,4,Low-Fast,3,15,0.39,-1,-16,0.13,0,0,1,0,6,high ss1
FG021,85,4,Low-Fast,1,80,0.25,1,-15,0.4,0,1,1,0,6,high ss1
FG021,86,4,Low-Fast,3,15,0.99,-1,-16,1.07,0,0,1,0,6,high ss1
FG021,87,4,Low-Fast,1,80,0.07,1,-15,0.27,0,1,1,0,6,high ss1
FG021,88,4,Low-Fast,3,15,0.63,-1,-16,0.03,0,0,1,0,6,high ss1
FG021,89,4,Low-Fast,1,80,0.82,-1,-17,0.43,0,1,1,0,6,high ss1
FG021,90,4,Low-Fast,2,5,0.54,-1,-18,0.04,0,1,1,0,6,high ss1
FG021,91,4,Low-Fast,3,5,0.86,-1,-19,0.17,0,1,1,0,6,high ss1
FG021,92,4,Low-Fast,1,15,0.53,-1,-20,0.1,0,1,1,0,6,high ss1
FG021,93,4,Low-Fast,3,5,0.01,1,-19,0.27,0,1,1,0,6,high ss1
FG021,94,4,Low-Fast,2,80,0.59,1,-18,0.67,0,0,1,0,6,high ss1
FG021,95,4,Low-Fast,3,5,0.13,-1,-19,0.17,0,0,1,0,6,high ss1
FG021,96,4,Low-Fast,2,80,0.79,1,-18,0.3,0,1,1,0,6,high ss1
FG021,97,4,Low-Fast,3,5,0.45,-1,-19,1.83,0,0,1,0,6,high ss1
FG021,98,4,Low-Fast,2,80,0.68,1,-18,1.17,0,1,1,0,6,high ss1
FG021,99,4,Low-Fast,3,5,0.43,-1,-19,0.24,0,0,1,0,6,high ss1
FG021,100,4,Low-Fast,2,80,0.69,1,-18,0.2,0,1,1,0,6,high ss1
FG022,151,1,High-Fast,1,60,0.78,-1,-1,4.03,0,0,0,0,2,low ss1
FG022,152,1,High-Fast,1,60,0.56,1,0,0.67,0,0,0,1,2,low ss1
FG022,153,1,High-Fast,1,60,0.25,1,1,0.75,1,0,0,1,2,low ss1
FG022,154,1,High-Fast,3,15,0.84,-1,0,0.07,0,0,1,0,2,low ss1
FG022,155,1,High-Fast,3,15,0.55,-1,-1,0.1,0,0,0,1,2,low ss1
FG022,156,1,High-Fast,3,15,0.0,1,0,0.17,0,0,0,1,2,low ss1
FG022,157,1,High-Fast,3,15,0.37,-1,-1,0.25,1,0,0,1,2,low ss1
FG022,158,1,High-Fast,3,15,0.62,-1,-2,0.33,0,0,0,1,2,low ss1
FG022,159,1,High-Fast,3,15,0.51,-1,-3,0.34,0,0,0,1,2,low ss1
FG022,160,1,High-Fast,2,25,0.13,1,-2,0.24,0,1,1,0,2,low ss1
FG022,161,1,High-Fast,2,15,0.12,1,-1,0.03,1,0,0,1,2,low ss1
FG022,162,1,High-Fast,1,25,0.67,-1,-2,0.41,0,0,1,0,2,low ss1
FG022,163,1,High-Fast,1,25,0.31,-1,-3,1.35,0,0,0,1,2,low ss1
FG022,164,1,High-Fast,2,15,0.21,-1,-4,0.13,0,1,1,0,2,low ss1
FG022,165,1,High-Fast,1,25,0.92,-1,-5,0.44,0,1,1,0,2,low ss1
FG022,166,1,High-Fast,3,60,0.62,-1,-6,0.43,0,1,1,0,2,low ss1
FG022,167,1,High-Fast,2,15,0.71,-1,-7,0.62,0,1,1,0,2,low ss1
FG022,168,1,High-Fast,1,25,0.41,-1,-8,0.72,0,1,1,0,2,low ss1
FG022,169,1,High-Fast,3,60,0.61,-1,-9,1.23,0,1,1,0,2,low ss1
FG022,170,1,High-Fast,2,15,0.47,-1,-10,0.72,0,1,1,0,2,low ss1
FG022,171,1,High-Fast,2,60,0.94,-1,-11,0.49,0,0,0,1,2,low ss1
FG022,172,1,High-Fast,2,60,0.96,-1,-12,0.45,0,0,0,1,2,low ss1
FG022,173,1,High-Fast,2,60,0.08,1,-11,0.53,0,0,0,1,2,low ss1
FG022,174,1,High-Fast,2,60,0.1,1,-10,0.49,1,0,0,1,2,low ss1
FG022,175,1,High-Fast,2,60,0.29,1,-9,0.4,1,0,0,1,2,low ss1
FG022,176,1,High-Fast,2,60,0.53,1,-8,0.66,1,0,0,1,2,low ss1
FG022,177,1,High-Fast,3,25,0.86,-1,-9,0.43,0,0,1,0,2,low ss1
FG022,178,1,High-Fast,3,25,0.26,-1,-10,0.37,0,0,0,1,2,low ss1
FG022,179,1,High-Fast,2,60,0.67,-1,-11,1.1,0,1,1,0,2,low ss1
FG022,180,1,High-Fast,1,15,0.31,-1,-12,0.42,0,1,1,0,2,low ss1
FG022,181,1,High-Fast,3,25,0.27,-1,-13,0.5,0,1,1,0,2,low ss1
FG022,182,1,High-Fast,2,15,0.52,-1,-14,0.35,0,1,1,0,2,low ss1
FG022,183,1,High-Fast,1,60,0.65,-1,-15,0.32,0,1,1,0,2,low ss1
FG022,184,1,High-Fast,2,15,0.98,-1,-16,0.6,0,1,1,0,2,low ss1
FG022,185,1,High-Fast,3,25,0.89,-1,-17,1.82,0,1,1,0,2,low ss1
FG022,186,1,High-Fast,3,25,0.43,-1,-18,0.53,0,0,0,1,2,low ss1
FG022,187,1,High-Fast,3,25,0.68,-1,-19,0.4,0,0,0,1,2,low ss1
FG022,188,1,High-Fast,3,25,0.67,-1,-20,0.23,0,0,0,1,2,low ss1
FG022,189,1,High-Fast,3,25,0.64,-1,-21,0.53,0,0,0,1,2,low ss1
FG022,190,1,High-Fast,3,25,0.57,-1,-22,0.28,0,0,0,1,2,low ss1
FG022,191,1,High-Fast,3,60,0.53,1,-21,0.47,0,0,0,1,2,low ss1
FG022,192,1,High-Fast,3,60,0.81,-1,-22,0.42,1,0,0,1,2,low ss1
FG022,193,1,High-Fast,3,60,0.26,1,-21,0.79,0,0,0,1,2,low ss1
FG022,194,1,High-Fast,3,60,0.54,1,-20,1.25,1,0,0,1,2,low ss1
FG022,195,1,High-Fast,3,60,0.89,-1,-21,1.22,1,0,0,1,2,low ss1
FG022,196,1,High-Fast,1,15,0.76,-1,-22,4.0,0,1,1,0,2,low ss1
FG022,197,1,High-Fast,2,25,0.44,-1,-23,1.6,0,1,1,0,2,low ss1
FG022,198,1,High-Fast,3,60,0.77,-1,-24,4.95,0,1,1,0,2,low ss1
FG022,199,1,High-Fast,1,15,0.28,-1,-25,0.39,0,1,1,0,2,low ss1
FG022,200,1,High-Fast,2,25,0.36,-1,-26,1.64,0,1,1,0,2,low ss1
FG022,1,2,Low-Slow,1,80,0.45,1,-25,1.83,0,1,1,0,2,low ss1
FG022,2,2,Low-Slow,1,80,0.47,1,-24,1.2,1,0,0,1,2,low ss1
FG022,3,2,Low-Slow,1,80,0.34,1,-23,0.55,1,0,0,1,2,low ss1
FG022,4,2,Low-Slow,1,80,0.02,1,-22,0.43,1,0,0,1,2,low ss1
FG022,5,2,Low-Slow,1,80,0.99,-1,-23,0.25,1,0,0,1,2,low ss1
FG022,6,2,Low-Slow,1,80,0.53,1,-22,0.33,0,0,0,1,2,low ss1
FG022,7,2,Low-Slow,1,80,0.59,1,-21,0.35,1,0,0,1,2,low ss1
FG022,8,2,Low-Slow,1,80,0.66,1,-20,0.07,1,0,0,1,2,low ss1
FG022,9,2,Low-Slow,1,80,0.1,1,-19,0.03,1,0,0,1,2,low ss1
FG022,10,2,Low-Slow,1,80,0.34,1,-18,0.02,1,0,0,1,2,low ss1
FG022,11,2,Low-Slow,1,80,0.7,1,-17,0.25,1,0,0,1,2,low ss1
FG022,12,2,Low-Slow,1,80,0.71,1,-16,0.47,1,0,0,1,2,low ss1
FG022,13,2,Low-Slow,1,80,0.26,1,-15,0.23,1,0,0,1,2,low ss1
FG022,14,2,Low-Slow,1,80,0.15,1,-14,0.34,1,0,0,1,2,low ss1
FG022,15,2,Low-Slow,1,80,0.22,1,-13,0.5,1,0,0,1,2,low ss1
FG022,16,2,Low-Slow,1,80,0.38,1,-12,0.37,1,0,0,1,2,low ss1
FG022,17,2,Low-Slow,1,80,0.97,-1,-13,0.37,1,0,0,1,2,low ss1
FG022,18,2,Low-Slow,3,5,0.08,-1,-14,1.83,0,1,1,0,2,low ss1
FG022,19,2,Low-Slow,3,5,0.81,-1,-15,0.6,0,0,0,1,2,low ss1
FG022,20,2,Low-Slow,3,5,0.95,-1,-16,0.3,0,0,0,1,2,low ss1
FG022,21,2,Low-Slow,1,80,0.06,1,-15,0.37,0,1,1,0,2,low ss1
FG022,22,2,Low-Slow,1,80,0.7,1,-14,0.18,1,0,0,1,2,low ss1
FG022,23,2,Low-Slow,1,80,0.02,1,-13,0.37,1,0,0,1,2,low ss1
FG022,24,2,Low-Slow,1,80,0.58,1,-12,0.15,1,0,0,1,2,low ss1
FG022,25,2,Low-Slow,1,15,0.12,1,-11,0.25,1,0,0,1,2,low ss1
FG022,26,2,Low-Slow,1,15,0.04,1,-10,0.45,1,0,0,1,2,low ss1
FG022,27,2,Low-Slow,1,15,0.24,-1,-11,0.62,1,0,0,1,2,low ss1
FG022,28,2,Low-Slow,1,15,0.31,-1,-12,0.34,0,0,0,1,2,low ss1
FG022,29,2,Low-Slow,1,15,0.38,-1,-13,0.35,0,0,0,1,2,low ss1
FG022,30,2,Low-Slow,3,80,0.37,1,-12,0.33,0,1,1,0,2,low ss1
FG022,31,2,Low-Slow,3,80,0.8,1,-11,0.55,1,0,0,1,2,low ss1
FG022,32,2,Low-Slow,3,80,0.77,1,-10,0.3,1,0,0,1,2,low ss1
FG022,33,2,Low-Slow,3,80,0.1,1,-9,0.32,1,0,0,1,2,low ss1
FG022,34,2,Low-Slow,3,80,0.38,1,-8,0.32,1,0,0,1,2,low ss1
FG022,35,2,Low-Slow,3,80,0.69,1,-7,0.03,1,0,0,1,2,low ss1
FG022,36,2,Low-Slow,3,80,0.17,1,-6,0.04,1,0,0,1,2,low ss1
FG022,37,2,Low-Slow,3,80,0.11,1,-5,0.14,1,0,0,1,2,low ss1
FG022,38,2,Low-Slow,3,80,0.78,1,-4,0.32,1,0,0,1,2,low ss1
FG022,39,2,Low-Slow,3,80,0.57,1,-3,0.24,1,0,0,1,2,low ss1
FG022,40,2,Low-Slow,3,80,0.4,1,-2,0.35,1,0,0,1,2,low ss1
FG022,41,2,Low-Slow,3,80,0.3,1,-1,0.04,1,0,0,1,2,low ss1
FG022,42,2,Low-Slow,3,80,0.22,1,0,0.07,1,0,0,1,2,low ss1
FG022,43,2,Low-Slow,3,80,0.65,1,1,0.32,1,0,0,1,2,low ss1
FG022,44,2,Low-Slow,3,80,0.85,-1,0,0.32,1,0,0,1,2,low ss1
FG022,45,2,Low-Slow,1,15,0.11,1,1,0.6,0,1,1,0,2,low ss1
FG022,46,2,Low-Slow,1,15,0.61,-1,0,0.17,1,0,0,1,2,low ss1
FG022,47,2,Low-Slow,2,5,0.06,-1,-1,0.34,0,1,1,0,2,low ss1
FG022,48,2,Low-Slow,1,15,0.32,-1,-2,0.17,0,1,1,0,2,low ss1
FG022,49,2,Low-Slow,2,5,0.28,-1,-3,0.55,0,1,1,0,2,low ss1
FG022,50,2,Low-Slow,3,80,0.39,1,-2,0.03,0,1,1,0,2,low ss1
FG022,51,3,Low-Fast,1,80,0.24,1,-1,1.57,0,0,1,0,2,low ss1
FG022,52,3,Low-Fast,3,5,0.55,-1,-2,0.75,0,0,1,0,2,low ss1
FG022,53,3,Low-Fast,1,80,0.77,1,-1,0.37,0,1,1,0,2,low ss1
FG022,54,3,Low-Fast,1,80,0.2,1,0,0.2,1,0,0,1,2,low ss1
FG022,55,3,Low-Fast,1,80,0.46,1,1,0.13,1,0,0,1,2,low ss1
FG022,56,3,Low-Fast,1,80,0.61,1,2,0.08,1,0,0,1,2,low ss1
FG022,57,3,Low-Fast,1,80,0.14,1,3,0.02,1,0,0,1,2,low ss1
FG022,58,3,Low-Fast,1,80,0.61,1,4,0.03,1,0,0,1,2,low ss1
FG022,59,3,Low-Fast,1,80,0.24,1,5,0.5,1,0,0,1,2,low ss1
FG022,60,3,Low-Fast,1,80,0.68,1,6,0.04,1,0,0,1,2,low ss1
FG022,61,3,Low-Fast,1,15,0.03,1,7,0.14,1,0,0,1,2,low ss1
FG022,62,3,Low-Fast,1,15,0.27,-1,6,0.03,1,0,0,1,2,low ss1
FG022,63,3,Low-Fast,3,80,0.55,1,7,0.03,0,1,1,0,2,low ss1
FG022,64,3,Low-Fast,3,80,0.99,-1,6,0.22,1,0,0,1,2,low ss1
FG022,65,3,Low-Fast,3,80,0.86,-1,5,0.35,0,0,0,1,2,low ss1
FG022,66,3,Low-Fast,3,80,0.05,1,6,0.23,0,0,0,1,2,low ss1
FG022,67,3,Low-Fast,3,80,0.0,1,7,0.03,1,0,0,1,2,low ss1
FG022,68,3,Low-Fast,3,80,0.04,1,8,0.15,1,0,0,1,2,low ss1
FG022,69,3,Low-Fast,3,80,0.98,-1,7,0.07,1,0,0,1,2,low ss1
FG022,70,3,Low-Fast,1,15,0.08,1,8,0.07,0,1,1,0,2,low ss1
FG022,71,3,Low-Fast,1,5,0.37,-1,7,0.04,1,0,0,1,2,low ss1
FG022,72,3,Low-Fast,2,80,0.99,-1,6,0.02,0,1,1,0,2,low ss1
FG022,73,3,Low-Fast,2,80,0.94,-1,5,0.13,0,0,0,1,2,low ss1
FG022,74,3,Low-Fast,1,5,0.89,-1,4,0.03,0,1,1,0,2,low ss1
FG022,75,3,Low-Fast,3,15,0.86,-1,3,0.14,0,1,1,0,2,low ss1
FG022,76,3,Low-Fast,2,80,0.69,1,4,0.17,0,1,1,0,2,low ss1
FG022,77,3,Low-Fast,2,80,0.51,1,5,0.08,1,0,0,1,2,low ss1
FG022,78,3,Low-Fast,2,80,0.87,-1,4,0.14,1,0,0,1,2,low ss1
FG022,79,3,Low-Fast,1,5,0.36,-1,3,0.04,0,1,1,0,2,low ss1
FG022,80,3,Low-Fast,3,15,0.56,-1,2,0.5,0,1,1,0,2,low ss1
FG022,81,3,Low-Fast,2,5,0.75,-1,1,0.07,0,1,1,0,2,low ss1
FG022,82,3,Low-Fast,1,80,0.73,1,2,0.04,0,1,1,0,2,low ss1
FG022,83,3,Low-Fast,1,80,0.85,-1,1,0.17,1,0,0,1,2,low ss1
FG022,84,3,Low-Fast,1,80,0.59,1,2,0.1,0,0,0,1,2,low ss1
FG022,85,3,Low-Fast,1,80,0.35,1,3,0.24,1,0,0,1,2,low ss1
FG022,86,3,Low-Fast,1,80,0.28,1,4,0.07,1,0,0,1,2,low ss1
FG022,87,3,Low-Fast,1,80,0.45,1,5,0.15,1,0,0,1,2,low ss1
FG022,88,3,Low-Fast,1,80,0.25,1,6,0.07,1,0,0,1,2,low ss1
FG022,89,3,Low-Fast,1,80,0.53,1,7,0.13,1,0,0,1,2,low ss1
FG022,90,3,Low-Fast,1,80,0.27,1,8,0.17,1,0,0,1,2,low ss1
FG022,91,3,Low-Fast,1,15,0.59,-1,7,0.02,1,0,0,1,2,low ss1
FG022,92,3,Low-Fast,2,80,0.04,1,8,0.02,0,1,1,0,2,low ss1
FG022,93,3,Low-Fast,2,80,0.48,1,9,0.08,1,0,0,1,2,low ss1
FG022,94,3,Low-Fast,2,80,0.23,1,10,0.02,1,0,0,1,2,low ss1
FG022,95,3,Low-Fast,2,80,0.81,-1,9,0.07,1,0,0,1,2,low ss1
FG022,96,3,Low-Fast,3,5,0.12,-1,8,0.04,0,1,1,0,2,low ss1
FG022,97,3,Low-Fast,2,80,0.2,1,9,0.34,0,1,1,0,2,low ss1
FG022,98,3,Low-Fast,2,80,0.86,-1,8,0.02,1,0,0,1,2,low ss1
FG022,99,3,Low-Fast,2,80,0.2,1,9,0.32,0,0,0,1,2,low ss1
FG022,100,3,Low-Fast,2,80,0.08,1,10,0.17,1,0,0,1,2,low ss1
FG022,101,4,High-Slow,1,60,0.4,1,11,1.6,0,0,1,0,2,low ss1
FG022,102,4,High-Slow,1,60,0.48,1,12,0.34,1,0,0,1,2,low ss1
FG022,103,4,High-Slow,1,60,0.18,1,13,0.2,1,0,0,1,2,low ss1
FG022,104,4,High-Slow,1,60,0.27,1,14,0.1,1,0,0,1,2,low ss1
FG022,105,4,High-Slow,1,60,0.74,-1,13,0.13,1,0,0,1,2,low ss1
FG022,106,4,High-Slow,1,60,0.56,1,14,0.3,0,0,0,1,2,low ss1
FG022,107,4,High-Slow,1,60,0.61,-1,13,0.02,1,0,0,1,2,low ss1
FG022,108,4,High-Slow,1,60,0.63,-1,12,0.07,0,0,0,1,2,low ss1
FG022,109,4,High-Slow,1,60,0.13,1,13,0.1,0,0,0,1,2,low ss1
FG022,110,4,High-Slow,1,60,0.8,-1,12,0.04,1,0,0,1,2,low ss1
FG022,111,4,High-Slow,1,60,0.32,1,13,0.02,0,0,0,1,2,low ss1
FG022,112,4,High-Slow,1,60,0.93,-1,12,0.32,1,0,0,1,2,low ss1
FG022,113,4,High-Slow,1,60,0.4,1,13,0.27,0,0,0,1,2,low ss1
FG022,114,4,High-Slow,1,60,0.38,1,14,0.27,1,0,0,1,2,low ss1
FG022,115,4,High-Slow,1,60,0.69,-1,13,0.33,1,0,0,1,2,low ss1
FG022,116,4,High-Slow,1,60,0.43,1,14,0.17,0,0,0,1,2,low ss1
FG022,117,4,High-Slow,1,60,0.46,1,15,0.35,1,0,0,1,2,low ss1
FG022,118,4,High-Slow,1,60,0.31,1,16,0.3,1,0,0,1,2,low ss1
FG022,119,4,High-Slow,1,60,0.62,-1,15,0.47,1,0,0,1,2,low ss1
FG022,120,4,High-Slow,2,25,0.54,-1,14,1.02,0,1,1,0,2,low ss1
FG022,121,4,High-Slow,2,25,0.77,-1,13,0.18,0,0,0,1,2,low ss1
FG022,122,4,High-Slow,3,15,0.92,-1,12,0.22,0,1,1,0,2,low ss1
FG022,123,4,High-Slow,1,60,0.0,1,13,0.03,0,1,1,0,2,low ss1
FG022,124,4,High-Slow,1,60,0.28,1,14,0.23,1,0,0,1,2,low ss1
FG022,125,4,High-Slow,3,15,0.91,-1,13,0.14,0,0,1,0,2,low ss1
FG022,126,4,High-Slow,1,15,0.33,-1,12,0.07,0,1,1,0,2,low ss1
FG022,127,4,High-Slow,2,60,0.37,1,13,0.27,0,1,1,0,2,low ss1
FG022,128,4,High-Slow,2,60,0.89,-1,12,0.38,1,0,0,1,2,low ss1
FG022,129,4,High-Slow,2,60,0.75,-1,11,0.25,0,0,0,1,2,low ss1
FG022,130,4,High-Slow,1,15,0.58,-1,10,0.68,0,1,1,0,2,low ss1
FG022,131,4,High-Slow,3,25,0.39,-1,9,0.04,0,1,1,0,2,low ss1
FG022,132,4,High-Slow,1,15,0.79,-1,8,0.13,0,1,1,0,2,low ss1
FG022,133,4,High-Slow,3,25,0.32,-1,7,0.05,0,1,1,0,2,low ss1
FG022,134,4,High-Slow,1,15,0.64,-1,6,0.07,0,1,1,0,2,low ss1
FG022,135,4,High-Slow,1,15,0.56,-1,5,0.4,0,0,0,1,2,low ss1
FG022,136,4,High-Slow,2,60,0.03,1,6,0.34,0,1,1,0,2,low ss1
FG022,137,4,High-Slow,1,15,0.01,1,7,0.37,0,0,1,0,2,low ss1
FG022,138,4,High-Slow,1,15,0.4,-1,6,0.15,1,0,0,1,2,low ss1
FG022,139,4,High-Slow,1,15,0.54,-1,5,0.41,0,0,0,1,2,low ss1
FG022,140,4,High-Slow,1,15,0.98,-1,4,0.07,0,0,0,1,2,low ss1
FG022,141,4,High-Slow,1,15,0.47,-1,3,0.32,0,0,0,1,2,low ss1
FG022,142,4,High-Slow,2,60,0.8,-1,2,0.14,0,1,1,0,2,low ss1
FG022,143,4,High-Slow,3,25,0.15,1,3,0.17,0,1,1,0,2,low ss1
FG022,144,4,High-Slow,3,25,0.79,-1,2,0.13,1,0,0,1,2,low ss1
FG022,145,4,High-Slow,1,15,0.66,-1,1,0.23,0,1,1,0,2,low ss1
FG022,146,4,High-Slow,2,60,0.99,-1,0,0.22,0,1,1,0,2,low ss1
FG022,147,4,High-Slow,3,25,0.74,-1,-1,0.15,0,1,1,0,2,low ss1
FG022,148,4,High-Slow,1,15,0.47,-1,-2,0.34,0,1,1,0,2,low ss1
FG022,149,4,High-Slow,2,60,0.76,-1,-3,0.07,0,1,1,0,2,low ss1
FG022,150,4,High-Slow,3,25,0.63,-1,-4,0.03,0,1,1,0,2,low ss1
FG023,151,1,High-Fast,2,25,0.01,1,1,7.95,0,0,0,0,7,high ss1
FG023,152,1,High-Fast,3,15,0.54,-1,0,22.5,0,0,1,0,7,high ss1
FG023,153,1,High-Fast,1,60,0.68,-1,-1,2.73,0,1,1,0,7,high ss1
FG023,154,1,High-Fast,2,25,0.78,-1,-2,70.62,0,1,1,0,7,high ss1
FG023,155,1,High-Fast,2,25,0.76,-1,-3,0.73,0,0,0,1,7,high ss1
FG023,156,1,High-Fast,2,25,0.7,-1,-4,6.78,0,0,0,1,7,high ss1
FG023,157,1,High-Fast,2,25,0.8,-1,-5,9.35,0,0,0,1,7,high ss1
FG023,158,1,High-Fast,1,60,0.5,1,-4,18.63,0,1,1,0,7,high ss1
FG023,159,1,High-Fast,1,60,0.84,-1,-5,1.7,1,0,0,1,7,high ss1
FG023,160,1,High-Fast,3,15,0.67,-1,-6,0.45,0,1,1,0,7,high ss1
FG023,161,1,High-Fast,2,15,0.82,-1,-7,0.77,0,1,1,0,7,high ss1
FG023,162,1,High-Fast,2,15,0.12,1,-6,0.22,0,0,0,1,7,high ss1
FG023,163,1,High-Fast,3,60,0.99,-1,-7,3.05,0,0,1,0,7,high ss1
FG023,164,1,High-Fast,1,25,0.73,-1,-8,0.25,0,1,1,0,7,high ss1
FG023,165,1,High-Fast,2,15,0.33,-1,-9,7.11,0,1,1,0,7,high ss1
FG023,166,1,High-Fast,2,15,0.07,1,-8,2.77,0,0,0,1,7,high ss1
FG023,167,1,High-Fast,2,15,0.58,-1,-9,1.88,1,0,0,1,7,high ss1
FG023,168,1,High-Fast,2,15,0.03,1,-8,6.42,0,0,0,1,7,high ss1
FG023,169,1,High-Fast,2,15,0.15,1,-7,2.18,1,0,0,1,7,high ss1
FG023,170,1,High-Fast,2,15,0.96,-1,-8,0.2,1,0,0,1,7,high ss1
FG023,171,1,High-Fast,2,60,0.48,1,-7,10.41,0,0,0,1,7,high ss1
FG023,172,1,High-Fast,2,60,0.59,1,-6,0.18,1,0,0,1,7,high ss1
FG023,173,1,High-Fast,2,60,0.82,-1,-7,0.02,1,0,0,1,7,high ss1
FG023,174,1,High-Fast,3,25,0.62,-1,-8,1.82,0,1,1,0,7,high ss1
FG023,175,1,High-Fast,3,25,0.77,-1,-9,0.03,0,0,0,1,7,high ss1
FG023,176,1,High-Fast,3,25,0.66,-1,-10,0.14,0,0,0,1,7,high ss1
FG023,177,1,High-Fast,1,15,0.7,-1,-11,6.52,0,1,1,0,7,high ss1
FG023,178,1,High-Fast,2,60,0.11,1,-10,1.77,0,1,1,0,7,high ss1
FG023,179,1,High-Fast,2,60,0.37,1,-9,0.12,1,0,0,1,7,high ss1
FG023,180,1,High-Fast,2,60,0.5,1,-8,0.07,1,0,0,1,7,high ss1
FG023,181,1,High-Fast,2,15,0.06,1,-7,0.14,1,0,0,1,7,high ss1
FG023,182,1,High-Fast,2,15,0.33,-1,-8,0.04,1,0,0,1,7,high ss1
FG023,183,1,High-Fast,2,15,0.97,-1,-9,0.2,0,0,0,1,7,high ss1
FG023,184,1,High-Fast,2,15,0.63,-1,-10,0.45,0,0,0,1,7,high ss1
FG023,185,1,High-Fast,1,60,0.77,-1,-11,0.6,0,1,1,0,7,high ss1
FG023,186,1,High-Fast,2,15,0.86,-1,-12,0.53,0,1,1,0,7,high ss1
FG023,187,1,High-Fast,2,15,0.76,-1,-13,0.23,0,0,0,1,7,high ss1
FG023,188,1,High-Fast,3,25,0.33,-1,-14,2.63,0,1,1,0,7,high ss1
FG023,189,1,High-Fast,3,25,0.21,1,-13,1.72,0,0,0,1,7,high ss1
FG023,190,1,High-Fast,3,25,0.66,-1,-14,1.87,1,0,0,1,7,high ss1
FG023,191,1,High-Fast,1,15,0.58,-1,-15,0.15,0,1,1,0,7,high ss1
FG023,192,1,High-Fast,2,25,0.7,-1,-16,1.9,0,1,1,0,7,high ss1
FG023,193,1,High-Fast,2,25,0.87,-1,-17,0.3,0,0,0,1,7,high ss1
FG023,194,1,High-Fast,2,25,0.36,-1,-18,1.15,0,0,0,1,7,high ss1
FG023,195,1,High-Fast,1,15,0.01,1,-17,3.97,0,1,1,0,7,high ss1
FG023,196,1,High-Fast,1,15,0.88,-1,-18,1.57,1,0,0,1,7,high ss1
FG023,197,1,High-Fast,3,60,0.19,1,-17,3.7,0,1,1,0,7,high ss1
FG023,198,1,High-Fast,3,60,0.38,1,-16,4.85,1,0,0,1,7,high ss1
FG023,199,1,High-Fast,3,60,0.58,1,-15,0.55,1,0,0,1,7,high ss1
FG023,200,1,High-Fast,3,60,0.3,1,-14,0.3,1,0,0,1,7,high ss1
FG023,51,2,Low-Fast,2,15,0.44,-1,-15,4.65,0,0,1,0,7,high ss1
FG023,52,2,Low-Fast,2,15,0.98,-1,-16,0.2,0,0,0,1,7,high ss1
FG023,53,2,Low-Fast,2,15,0.43,-1,-17,0.38,0,0,0,1,7,high ss1
FG023,54,2,Low-Fast,1,80,0.87,-1,-18,6.72,0,1,1,0,7,high ss1
FG023,55,2,Low-Fast,3,5,0.3,-1,-19,0.27,0,1,1,0,7,high ss1
FG023,56,2,Low-Fast,3,5,0.84,-1,-20,0.33,0,0,0,1,7,high ss1
FG023,57,2,Low-Fast,3,5,0.36,-1,-21,0.23,0,0,0,1,7,high ss1
FG023,58,2,Low-Fast,2,15,0.81,-1,-22,0.25,0,1,1,0,7,high ss1
FG023,59,2,Low-Fast,2,15,0.7,-1,-23,0.3,0,0,0,1,7,high ss1
FG023,60,2,Low-Fast,2,15,0.28,-1,-24,0.17,0,0,0,1,7,high ss1
FG023,61,2,Low-Fast,1,15,0.28,-1,-25,0.28,0,1,1,0,7,high ss1
FG023,62,2,Low-Fast,2,5,0.07,-1,-26,5.14,0,1,1,0,7,high ss1
FG023,63,2,Low-Fast,2,5,0.24,-1,-27,1.77,0,0,0,1,7,high ss1
FG023,64,2,Low-Fast,3,80,0.23,1,-26,0.48,0,1,1,0,7,high ss1
FG023,65,2,Low-Fast,3,80,0.91,-1,-27,0.07,1,0,0,1,7,high ss1
FG023,66,2,Low-Fast,1,15,1.0,-1,-28,1.25,0,1,1,0,7,high ss1
FG023,67,2,Low-Fast,1,15,0.99,-1,-29,0.22,0,0,0,1,7,high ss1
FG023,68,2,Low-Fast,1,15,0.99,-1,-30,0.27,0,0,0,1,7,high ss1
FG023,69,2,Low-Fast,2,5,0.32,-1,-31,0.42,0,1,1,0,7,high ss1
FG023,70,2,Low-Fast,2,5,0.95,-1,-32,0.99,0,0,0,1,7,high ss1
FG023,71,2,Low-Fast,3,15,0.06,1,-31,0.03,0,1,1,0,7,high ss1
FG023,72,2,Low-Fast,3,15,0.19,-1,-32,0.04,1,0,0,1,7,high ss1
FG023,73,2,Low-Fast,3,15,0.14,1,-31,0.1,0,0,0,1,7,high ss1
FG023,74,2,Low-Fast,3,15,0.42,-1,-32,0.03,1,0,0,1,7,high ss1
FG023,75,2,Low-Fast,3,15,0.44,-1,-33,0.2,0,0,0,1,7,high ss1
FG023,76,2,Low-Fast,3,15,0.09,1,-32,0.07,0,0,0,1,7,high ss1
FG023,77,2,Low-Fast,3,15,0.84,-1,-33,0.07,1,0,0,1,7,high ss1
FG023,78,2,Low-Fast,3,15,0.95,-1,-34,0.17,0,0,0,1,7,high ss1
FG023,79,2,Low-Fast,3,15,0.44,-1,-35,0.13,0,0,0,1,7,high ss1
FG023,80,2,Low-Fast,3,15,0.01,1,-34,2.12,0,0,0,1,7,high ss1
FG023,81,2,Low-Fast,3,15,0.85,-1,-35,0.55,1,0,0,1,7,high ss1
FG023,82,2,Low-Fast,3,15,0.58,-1,-36,0.44,0,0,0,1,7,high ss1
FG023,83,2,Low-Fast,3,15,0.69,-1,-37,0.17,0,0,0,1,7,high ss1
FG023,84,2,Low-Fast,3,15,0.66,-1,-38,0.27,0,0,0,1,7,high ss1
FG023,85,2,Low-Fast,3,15,0.09,1,-37,3.68,0,0,0,1,7,high ss1
FG023,86,2,Low-Fast,3,15,0.44,-1,-38,0.52,1,0,0,1,7,high ss1
FG023,87,2,Low-Fast,2,5,0.66,-1,-39,4.12,0,1,1,0,7,high ss1
FG023,88,2,Low-Fast,2,5,0.01,1,-38,0.42,0,0,0,1,7,high ss1
FG023,89,2,Low-Fast,2,5,0.21,-1,-39,0.07,1,0,0,1,7,high ss1
FG023,90,2,Low-Fast,1,80,0.96,-1,-40,1.1,0,1,1,0,7,high ss1
FG023,91,2,Low-Fast,1,15,0.89,-1,-41,0.12,0,0,0,1,7,high ss1
FG023,92,2,Low-Fast,1,15,0.04,1,-40,0.04,0,0,0,1,7,high ss1
FG023,93,2,Low-Fast,1,15,0.13,1,-39,0.22,1,0,0,1,7,high ss1
FG023,94,2,Low-Fast,1,15,0.83,-1,-40,0.07,1,0,0,1,7,high ss1
FG023,95,2,Low-Fast,1,15,0.83,-1,-41,0.04,0,0,0,1,7,high ss1
FG023,96,2,Low-Fast,1,15,0.15,-1,-42,0.14,0,0,0,1,7,high ss1
FG023,97,2,Low-Fast,2,80,0.96,-1,-43,2.57,0,1,1,0,7,high ss1
FG023,98,2,Low-Fast,2,80,0.3,1,-42,0.12,0,0,0,1,7,high ss1
FG023,99,2,Low-Fast,2,80,0.64,1,-41,0.1,1,0,0,1,7,high ss1
FG023,100,2,Low-Fast,2,80,0.2,1,-40,0.22,1,0,0,1,7,high ss1
FG023,1,3,Low-Slow,3,5,0.59,-1,-41,6.53,0,0,1,0,7,high ss1
FG023,2,3,Low-Slow,3,5,0.44,-1,-42,0.18,0,0,0,1,7,high ss1
FG023,3,3,Low-Slow,3,5,0.56,-1,-43,2.7,0,0,0,1,7,high ss1
FG023,4,3,Low-Slow,1,80,0.28,1,-42,2.82,0,1,1,0,7,high ss1
FG023,5,3,Low-Slow,1,80,0.08,1,-41,0.03,1,0,0,1,7,high ss1
FG023,6,3,Low-Slow,1,80,0.81,-1,-42,0.08,1,0,0,1,7,high ss1
FG023,7,3,Low-Slow,1,80,0.46,1,-41,0.13,0,0,0,1,7,high ss1
FG023,8,3,Low-Slow,1,80,0.49,1,-40,0.14,1,0,0,1,7,high ss1
FG023,9,3,Low-Slow,1,80,0.02,1,-39,0.03,1,0,0,1,7,high ss1
FG023,10,3,Low-Slow,1,80,0.14,1,-38,0.11,1,0,0,1,7,high ss1
FG023,11,3,Low-Slow,1,80,0.12,1,-37,0.24,1,0,0,1,7,high ss1
FG023,12,3,Low-Slow,1,80,0.53,1,-36,0.1,1,0,0,1,7,high ss1
FG023,13,3,Low-Slow,1,80,0.19,1,-35,0.15,1,0,0,1,7,high ss1
FG023,14,3,Low-Slow,1,80,0.78,1,-34,0.1,1,0,0,1,7,high ss1
FG023,15,3,Low-Slow,1,80,0.25,1,-33,0.07,1,0,0,1,7,high ss1
FG023,16,3,Low-Slow,1,80,0.77,1,-32,0.1,1,0,0,1,7,high ss1
FG023,17,3,Low-Slow,1,80,0.66,1,-31,0.12,1,0,0,1,7,high ss1
FG023,18,3,Low-Slow,1,80,0.62,1,-30,0.23,1,0,0,1,7,high ss1
FG023,19,3,Low-Slow,1,80,0.34,1,-29,0.17,1,0,0,1,7,high ss1
FG023,20,3,Low-Slow,1,80,0.59,1,-28,0.13,1,0,0,1,7,high ss1
FG023,21,3,Low-Slow,1,80,0.97,-1,-29,0.13,1,0,0,1,7,high ss1
FG023,22,3,Low-Slow,1,80,0.47,1,-28,4.54,0,0,0,1,7,high ss1
FG023,23,3,Low-Slow,1,80,0.42,1,-27,0.13,1,0,0,1,7,high ss1
FG023,24,3,Low-Slow,1,80,0.04,1,-26,0.13,1,0,0,1,7,high ss1
FG023,25,3,Low-Slow,1,15,0.61,-1,-27,0.1,1,0,0,1,7,high ss1
FG023,26,3,Low-Slow,1,15,0.41,-1,-28,1.9,0,0,0,1,7,high ss1
FG023,27,3,Low-Slow,2,5,0.39,-1,-29,0.04,0,1,1,0,7,high ss1
FG023,28,3,Low-Slow,2,5,0.24,-1,-30,0.08,0,0,0,1,7,high ss1
FG023,29,3,Low-Slow,3,80,0.31,1,-29,0.07,0,1,1,0,7,high ss1
FG023,30,3,Low-Slow,3,80,0.39,1,-28,0.1,1,0,0,1,7,high ss1
FG023,31,3,Low-Slow,3,80,0.17,1,-27,0.14,1,0,0,1,7,high ss1
FG023,32,3,Low-Slow,3,80,0.19,1,-26,0.15,1,0,0,1,7,high ss1
FG023,33,3,Low-Slow,3,80,0.33,1,-25,0.14,1,0,0,1,7,high ss1
FG023,34,3,Low-Slow,3,80,0.73,1,-24,0.23,1,0,0,1,7,high ss1
FG023,35,3,Low-Slow,3,80,0.38,1,-23,0.37,1,0,0,1,7,high ss1
FG023,36,3,Low-Slow,3,80,0.14,1,-22,0.14,1,0,0,1,7,high ss1
FG023,37,3,Low-Slow,3,80,0.5,1,-21,0.04,1,0,0,1,7,high ss1
FG023,38,3,Low-Slow,3,80,0.99,-1,-22,0.07,1,0,0,1,7,high ss1
FG023,39,3,Low-Slow,3,80,0.96,-1,-23,0.04,0,0,0,1,7,high ss1
FG023,40,3,Low-Slow,3,80,0.72,1,-22,0.04,0,0,0,1,7,high ss1
FG023,41,3,Low-Slow,3,80,0.94,-1,-23,0.07,1,0,0,1,7,high ss1
FG023,42,3,Low-Slow,2,5,0.53,-1,-24,0.29,0,1,1,0,7,high ss1
FG023,43,3,Low-Slow,1,15,0.04,1,-23,0.3,0,1,1,0,7,high ss1
FG023,44,3,Low-Slow,1,15,0.17,-1,-24,0.13,1,0,0,1,7,high ss1
FG023,45,3,Low-Slow,1,15,0.47,-1,-25,0.15,0,0,0,1,7,high ss1
FG023,46,3,Low-Slow,1,15,0.82,-1,-26,0.83,0,0,0,1,7,high ss1
FG023,47,3,Low-Slow,2,5,0.06,-1,-27,0.07,0,1,1,0,7,high ss1
FG023,48,3,Low-Slow,2,5,0.55,-1,-28,0.35,0,0,0,1,7,high ss1
FG023,49,3,Low-Slow,3,80,0.11,1,-27,0.04,0,1,1,0,7,high ss1
FG023,50,3,Low-Slow,3,80,0.34,1,-26,0.14,1,0,0,1,7,high ss1
FG023,101,4,High-Slow,1,60,0.11,1,-25,3.65,0,0,1,0,7,high ss1
FG023,102,4,High-Slow,1,60,0.1,1,-24,0.17,1,0,0,1,7,high ss1
FG023,103,4,High-Slow,1,60,0.92,-1,-25,0.07,1,0,0,1,7,high ss1
FG023,104,4,High-Slow,1,60,0.3,1,-24,0.13,0,0,0,1,7,high ss1
FG023,105,4,High-Slow,1,60,0.43,1,-23,0.17,1,0,0,1,7,high ss1
FG023,106,4,High-Slow,1,60,0.83,-1,-24,0.1,1,0,0,1,7,high ss1
FG023,107,4,High-Slow,1,60,0.46,1,-23,0.1,0,0,0,1,7,high ss1
FG023,108,4,High-Slow,1,60,0.04,1,-22,0.1,1,0,0,1,7,high ss1
FG023,109,4,High-Slow,1,60,0.28,1,-21,0.12,1,0,0,1,7,high ss1
FG023,110,4,High-Slow,1,60,0.21,1,-20,0.18,1,0,0,1,7,high ss1
FG023,111,4,High-Slow,1,60,0.03,1,-19,0.17,1,0,0,1,7,high ss1
FG023,112,4,High-Slow,1,60,0.94,-1,-20,0.19,1,0,0,1,7,high ss1
FG023,113,4,High-Slow,1,60,0.62,-1,-21,0.07,0,0,0,1,7,high ss1
FG023,114,4,High-Slow,3,15,0.69,-1,-22,0.35,0,1,1,0,7,high ss1
FG023,115,4,High-Slow,3,15,0.62,-1,-23,0.22,0,0,0,1,7,high ss1
FG023,116,4,High-Slow,2,25,0.16,1,-22,0.03,0,1,1,0,7,high ss1
FG023,117,4,High-Slow,2,25,0.23,1,-21,0.03,1,0,0,1,7,high ss1
FG023,118,4,High-Slow,2,25,0.67,-1,-22,0.03,1,0,0,1,7,high ss1
FG023,119,4,High-Slow,2,25,0.47,-1,-23,0.14,0,0,0,1,7,high ss1
FG023,120,4,High-Slow,2,25,0.84,-1,-24,1.62,0,0,0,1,7,high ss1
FG023,121,4,High-Slow,3,15,0.44,-1,-25,0.02,0,1,1,0,7,high ss1
FG023,122,4,High-Slow,1,60,0.71,-1,-26,0.3,0,1,1,0,7,high ss1
FG023,123,4,High-Slow,3,15,0.57,-1,-27,2.23,0,1,1,0,7,high ss1
FG023,124,4,High-Slow,3,15,0.21,-1,-28,0.17,0,0,0,1,7,high ss1
FG023,125,4,High-Slow,1,60,0.72,-1,-29,0.2,0,1,1,0,7,high ss1
FG023,126,4,High-Slow,1,15,0.99,-1,-30,0.1,0,0,0,1,7,high ss1
FG023,127,4,High-Slow,2,60,0.22,1,-29,0.1,0,1,1,0,7,high ss1
FG023,128,4,High-Slow,2,60,0.32,1,-28,0.03,1,0,0,1,7,high ss1
FG023,129,4,High-Slow,2,60,0.62,-1,-29,0.14,1,0,0,1,7,high ss1
FG023,130,4,High-Slow,2,60,0.46,1,-28,0.12,0,0,0,1,7,high ss1
FG023,131,4,High-Slow,2,60,0.02,1,-27,0.1,1,0,0,1,7,high ss1
FG023,132,4,High-Slow,2,60,0.79,-1,-28,0.3,1,0,0,1,7,high ss1
FG023,133,4,High-Slow,2,60,0.88,-1,-29,0.07,0,0,0,1,7,high ss1
FG023,134,4,High-Slow,2,60,0.86,-1,-30,0.2,0,0,0,1,7,high ss1
FG023,135,4,High-Slow,3,25,0.29,-1,-31,0.27,0,1,1,0,7,high ss1
FG023,136,4,High-Slow,3,25,0.04,1,-30,0.17,0,0,0,1,7,high ss1
FG023,137,4,High-Slow,3,25,0.92,-1,-31,0.14,1,0,0,1,7,high ss1
FG023,138,4,High-Slow,3,25,0.86,-1,-32,0.03,0,0,0,1,7,high ss1
FG023,139,4,High-Slow,1,15,0.01,1,-31,1.54,0,1,1,0,7,high ss1
FG023,140,4,High-Slow,1,15,0.15,1,-30,0.42,1,0,0,1,7,high ss1
FG023,141,4,High-Slow,1,15,0.12,1,-29,0.13,1,0,0,1,7,high ss1
FG023,142,4,High-Slow,1,15,0.83,-1,-30,0.24,1,0,0,1,7,high ss1
FG023,143,4,High-Slow,1,15,0.82,-1,-31,0.05,0,0,0,1,7,high ss1
FG023,144,4,High-Slow,1,15,0.45,-1,-32,0.2,0,0,0,1,7,high ss1
FG023,145,4,High-Slow,3,25,0.72,-1,-33,1.83,0,1,1,0,7,high ss1
FG023,146,4,High-Slow,2,60,0.37,1,-32,0.3,0,1,1,0,7,high ss1
FG023,147,4,High-Slow,2,60,0.64,-1,-33,0.1,1,0,0,1,7,high ss1
FG023,148,4,High-Slow,2,60,0.3,1,-32,0.27,0,0,0,1,7,high ss1
FG023,149,4,High-Slow,2,60,0.54,1,-31,0.1,1,0,0,1,7,high ss1
FG023,150,4,High-Slow,2,60,0.91,-1,-32,0.08,1,0,0,1,7,high ss1
FG024,51,1,Low-Fast,1,80,0.53,1,1,14.73,0,0,0,0,2,low ss1
FG024,52,1,Low-Fast,1,80,0.64,1,2,5.02,1,0,0,1,2,low ss1
FG024,53,1,Low-Fast,1,80,0.75,1,3,9.13,1,0,0,1,2,low ss1
FG024,54,1,Low-Fast,1,80,0.09,1,4,5.42,1,0,0,1,2,low ss1
FG024,55,1,Low-Fast,3,5,0.72,-1,3,1.82,0,0,1,0,2,low ss1
FG024,56,1,Low-Fast,2,15,0.37,-1,2,5.1,0,1,1,0,2,low ss1
FG024,57,1,Low-Fast,1,80,0.33,1,3,2.18,0,1,1,0,2,low ss1
FG024,58,1,Low-Fast,1,80,0.64,1,4,0.45,1,0,0,1,2,low ss1
FG024,59,1,Low-Fast,1,80,0.93,-1,3,7.8,1,0,0,1,2,low ss1
FG024,60,1,Low-Fast,2,15,0.88,-1,2,10.65,0,1,1,0,2,low ss1
FG024,61,1,Low-Fast,3,80,0.45,1,3,1.43,0,1,1,0,2,low ss1
FG024,62,1,Low-Fast,3,80,0.26,1,4,22.38,1,0,0,1,2,low ss1
FG024,63,1,Low-Fast,3,80,0.19,1,5,1.03,1,0,0,1,2,low ss1
FG024,64,1,Low-Fast,3,80,0.34,1,6,19.31,1,0,0,1,2,low ss1
FG024,65,1,Low-Fast,3,80,0.11,1,7,1.58,1,0,0,1,2,low ss1
FG024,66,1,Low-Fast,1,15,0.86,-1,6,0.33,0,0,1,0,2,low ss1
FG024,67,1,Low-Fast,3,80,0.04,1,7,0.32,0,1,1,0,2,low ss1
FG024,68,1,Low-Fast,3,80,0.51,1,8,0.1,1,0,0,1,2,low ss1
FG024,69,1,Low-Fast,3,80,0.39,1,9,1.29,1,0,0,1,2,low ss1
FG024,70,1,Low-Fast,3,80,0.24,1,10,1.68,1,0,0,1,2,low ss1
FG024,71,1,Low-Fast,3,15,0.04,1,11,0.17,1,0,0,1,2,low ss1
FG024,72,1,Low-Fast,3,15,0.91,-1,10,0.03,1,0,0,1,2,low ss1
FG024,73,1,Low-Fast,2,80,0.87,-1,9,1.85,0,1,1,0,2,low ss1
FG024,74,1,Low-Fast,1,5,0.76,-1,8,0.13,0,1,1,0,2,low ss1
FG024,75,1,Low-Fast,2,80,0.23,1,9,7.32,0,1,1,0,2,low ss1
FG024,76,1,Low-Fast,2,80,0.39,1,10,0.65,1,0,0,1,2,low ss1
FG024,77,1,Low-Fast,2,80,0.57,1,11,0.35,1,0,0,1,2,low ss1
FG024,78,1,Low-Fast,2,80,0.83,-1,10,0.78,1,0,0,1,2,low ss1
FG024,79,1,Low-Fast,1,5,0.41,-1,9,0.55,0,1,1,0,2,low ss1
FG024,80,1,Low-Fast,3,15,0.4,-1,8,0.22,0,1,1,0,2,low ss1
FG024,81,1,Low-Fast,1,80,0.69,1,9,46.32,0,1,1,0,2,low ss1
FG024,82,1,Low-Fast,1,80,0.22,1,10,0.13,1,0,0,1,2,low ss1
FG024,83,1,Low-Fast,1,80,0.64,1,11,0.25,1,0,0,1,2,low ss1
FG024,84,1,Low-Fast,1,80,0.86,-1,10,1.65,1,0,0,1,2,low ss1
FG024,85,1,Low-Fast,3,15,0.69,-1,9,1.32,0,1,1,0,2,low ss1
FG024,86,1,Low-Fast,2,5,0.96,-1,8,4.33,0,1,1,0,2,low ss1
FG024,87,1,Low-Fast,1,80,0.49,1,9,3.23,0,1,1,0,2,low ss1
FG024,88,1,Low-Fast,1,80,0.17,1,10,0.32,1,0,0,1,2,low ss1
FG024,89,1,Low-Fast,1,80,0.69,1,11,0.1,1,0,0,1,2,low ss1
FG024,90,1,Low-Fast,1,80,0.52,1,12,1.83,1,0,0,1,2,low ss1
FG024,91,1,Low-Fast,1,15,0.21,-1,11,0.55,1,0,0,1,2,low ss1
FG024,92,1,Low-Fast,2,80,0.41,1,12,0.8,0,1,1,0,2,low ss1
FG024,93,1,Low-Fast,2,80,0.75,1,13,0.1,1,0,0,1,2,low ss1
FG024,94,1,Low-Fast,2,80,0.98,-1,12,0.03,1,0,0,1,2,low ss1
FG024,95,1,Low-Fast,3,5,0.81,-1,11,3.2,0,1,1,0,2,low ss1
FG024,96,1,Low-Fast,1,15,0.03,1,12,0.4,0,1,1,0,2,low ss1
FG024,97,1,Low-Fast,1,15,0.21,-1,11,0.34,1,0,0,1,2,low ss1
FG024,98,1,Low-Fast,3,5,0.54,-1,10,0.93,0,1,1,0,2,low ss1
FG024,99,1,Low-Fast,2,80,0.3,1,11,2.08,0,1,1,0,2,low ss1
FG024,100,1,Low-Fast,2,80,0.01,1,12,0.43,1,0,0,1,2,low ss1
FG024,101,2,High-Slow,1,60,0.31,1,13,9.88,0,0,1,0,2,low ss1
FG024,102,2,High-Slow,1,60,0.73,-1,12,0.23,1,0,0,1,2,low ss1
FG024,103,2,High-Slow,3,15,0.36,-1,11,5.48,0,1,1,0,2,low ss1
FG024,104,2,High-Slow,2,25,0.75,-1,10,2.33,0,1,1,0,2,low ss1
FG024,105,2,High-Slow,1,60,0.82,-1,9,1.87,0,1,1,0,2,low ss1
FG024,106,2,High-Slow,2,25,0.37,-1,8,2.45,0,1,1,0,2,low ss1
FG024,107,2,High-Slow,3,15,0.05,1,9,4.38,0,1,1,0,2,low ss1
FG024,108,2,High-Slow,3,15,0.29,-1,8,0.25,1,0,0,1,2,low ss1
FG024,109,2,High-Slow,1,60,0.91,-1,7,2.88,0,1,1,0,2,low ss1
FG024,110,2,High-Slow,2,25,0.36,-1,6,4.11,0,1,1,0,2,low ss1
FG024,111,2,High-Slow,3,15,0.5,-1,5,3.57,0,1,1,0,2,low ss1
FG024,112,2,High-Slow,2,25,0.44,-1,4,3.22,0,1,1,0,2,low ss1
FG024,113,2,High-Slow,1,60,0.31,1,5,4.05,0,1,1,0,2,low ss1
FG024,114,2,High-Slow,1,60,0.07,1,6,0.48,1,0,0,1,2,low ss1
FG024,115,2,High-Slow,1,60,1.0,-1,5,0.87,1,0,0,1,2,low ss1
FG024,116,2,High-Slow,3,15,0.92,-1,4,0.39,0,1,1,0,2,low ss1
FG024,117,2,High-Slow,3,15,0.74,-1,3,3.53,0,0,0,1,2,low ss1
FG024,118,2,High-Slow,2,25,0.86,-1,2,0.1,0,1,1,0,2,low ss1
FG024,119,2,High-Slow,1,60,0.89,-1,1,2.88,0,1,1,0,2,low ss1
FG024,120,2,High-Slow,3,15,0.01,1,2,1.8,0,1,1,0,2,low ss1
FG024,121,2,High-Slow,3,15,0.3,-1,1,0.45,1,0,0,1,2,low ss1
FG024,122,2,High-Slow,2,25,0.49,-1,0,11.68,0,1,1,0,2,low ss1
FG024,123,2,High-Slow,1,60,0.92,-1,-1,6.92,0,1,1,0,2,low ss1
FG024,124,2,High-Slow,2,25,0.02,1,0,1.53,0,1,1,0,2,low ss1
FG024,125,2,High-Slow,2,25,0.11,1,1,1.63,1,0,0,1,2,low ss1
FG024,126,2,High-Slow,3,25,0.16,1,2,2.04,0,0,1,0,2,low ss1
FG024,127,2,High-Slow,3,25,0.64,-1,1,0.7,1,0,0,1,2,low ss1
FG024,128,2,High-Slow,1,15,0.84,-1,0,0.37,0,1,1,0,2,low ss1
FG024,129,2,High-Slow,2,60,0.49,1,1,3.06,0,1,1,0,2,low ss1
FG024,130,2,High-Slow,2,60,0.46,1,2,1.27,1,0,0,1,2,low ss1
FG024,131,2,High-Slow,3,25,0.62,-1,1,1.23,0,0,1,0,2,low ss1
FG024,132,2,High-Slow,1,15,0.87,-1,0,0.82,0,1,1,0,2,low ss1
FG024,133,2,High-Slow,2,60,0.44,1,1,0.64,0,1,1,0,2,low ss1
FG024,134,2,High-Slow,2,60,0.43,1,2,0.33,1,0,0,1,2,low ss1
FG024,135,2,High-Slow,1,15,0.34,-1,1,1.1,0,0,1,0,2,low ss1
FG024,136,2,High-Slow,3,25,0.6,-1,0,0.47,0,1,1,0,2,low ss1
FG024,137,2,High-Slow,2,60,0.89,-1,-1,0.7,0,1,1,0,2,low ss1
FG024,138,2,High-Slow,1,15,0.25,-1,-2,2.5,0,1,1,0,2,low ss1
FG024,139,2,High-Slow,2,60,0.84,-1,-3,0.87,0,1,1,0,2,low ss1
FG024,140,2,High-Slow,3,25,0.61,-1,-4,2.47,0,1,1,0,2,low ss1
FG024,141,2,High-Slow,1,15,0.39,-1,-5,5.43,0,1,1,0,2,low ss1
FG024,142,2,High-Slow,3,25,0.71,-1,-6,2.0,0,1,1,0,2,low ss1
FG024,143,2,High-Slow,2,60,0.87,-1,-7,3.12,0,1,1,0,2,low ss1
FG024,144,2,High-Slow,1,15,0.9,-1,-8,6.06,0,1,1,0,2,low ss1
FG024,145,2,High-Slow,2,60,0.47,1,-7,2.38,0,1,1,0,2,low ss1
FG024,146,2,High-Slow,2,60,0.52,1,-6,0.32,1,0,0,1,2,low ss1
FG024,147,2,High-Slow,2,60,0.67,-1,-7,0.07,1,0,0,1,2,low ss1
FG024,148,2,High-Slow,3,25,0.79,-1,-8,0.37,0,1,1,0,2,low ss1
FG024,149,2,High-Slow,1,15,0.56,-1,-9,1.55,0,1,1,0,2,low ss1
FG024,150,2,High-Slow,2,60,0.83,-1,-10,1.65,0,1,1,0,2,low ss1
FG024,1,3,Low-Slow,2,15,0.49,-1,-11,3.43,0,0,0,1,2,low ss1
FG024,2,3,Low-Slow,3,5,0.0,1,-10,0.78,0,1,1,0,2,low ss1
FG024,3,3,Low-Slow,3,5,0.21,-1,-11,0.1,1,0,0,1,2,low ss1
FG024,4,3,Low-Slow,1,80,0.73,1,-10,0.65,0,1,1,0,2,low ss1
FG024,5,3,Low-Slow,1,80,0.92,-1,-11,0.52,1,0,0,1,2,low ss1
FG024,6,3,Low-Slow,2,15,0.17,-1,-12,2.45,0,1,1,0,2,low ss1
FG024,7,3,Low-Slow,3,5,0.65,-1,-13,1.28,0,1,1,0,2,low ss1
FG024,8,3,Low-Slow,1,80,0.25,1,-12,3.28,0,1,1,0,2,low ss1
FG024,9,3,Low-Slow,1,80,0.06,1,-11,0.55,1,0,0,1,2,low ss1
FG024,10,3,Low-Slow,1,80,0.11,1,-10,0.7,1,0,0,1,2,low ss1
FG024,11,3,Low-Slow,1,80,0.67,1,-9,0.03,1,0,0,1,2,low ss1
FG024,12,3,Low-Slow,1,80,0.4,1,-8,0.03,1,0,0,1,2,low ss1
FG024,13,3,Low-Slow,1,80,0.31,1,-7,0.03,1,0,0,1,2,low ss1
FG024,14,3,Low-Slow,1,80,0.76,1,-6,1.54,1,0,0,1,2,low ss1
FG024,15,3,Low-Slow,1,80,0.87,-1,-7,0.04,1,0,0,1,2,low ss1
FG024,16,3,Low-Slow,1,80,0.1,1,-6,2.4,0,0,0,1,2,low ss1
FG024,17,3,Low-Slow,1,80,0.36,1,-5,0.32,1,0,0,1,2,low ss1
FG024,18,3,Low-Slow,1,80,0.24,1,-4,0.12,1,0,0,1,2,low ss1
FG024,19,3,Low-Slow,1,80,0.99,-1,-5,0.17,1,0,0,1,2,low ss1
FG024,20,3,Low-Slow,1,80,0.65,1,-4,0.44,0,0,0,1,2,low ss1
FG024,21,3,Low-Slow,1,80,0.85,-1,-5,0.33,1,0,0,1,2,low ss1
FG024,22,3,Low-Slow,1,80,0.22,1,-4,3.27,0,0,0,1,2,low ss1
FG024,23,3,Low-Slow,1,80,0.12,1,-3,0.03,1,0,0,1,2,low ss1
FG024,24,3,Low-Slow,1,80,0.53,1,-2,0.17,1,0,0,1,2,low ss1
FG024,25,3,Low-Slow,1,15,0.85,-1,-3,0.1,1,0,0,1,2,low ss1
FG024,26,3,Low-Slow,1,15,0.91,-1,-4,0.03,0,0,0,1,2,low ss1
FG024,27,3,Low-Slow,3,80,0.55,1,-3,0.13,0,1,1,0,2,low ss1
FG024,28,3,Low-Slow,3,80,0.06,1,-2,0.08,1,0,0,1,2,low ss1
FG024,29,3,Low-Slow,3,80,0.78,1,-1,0.03,1,0,0,1,2,low ss1
FG024,30,3,Low-Slow,3,80,0.05,1,0,0.27,1,0,0,1,2,low ss1
FG024,31,3,Low-Slow,3,80,0.96,-1,-1,0.04,1,0,0,1,2,low ss1
FG024,32,3,Low-Slow,3,80,0.1,1,0,0.07,0,0,0,1,2,low ss1
FG024,33,3,Low-Slow,3,80,0.03,1,1,0.1,1,0,0,1,2,low ss1
FG024,34,3,Low-Slow,3,80,0.8,1,2,0.04,1,0,0,1,2,low ss1
FG024,35,3,Low-Slow,3,80,0.04,1,3,0.04,1,0,0,1,2,low ss1
FG024,36,3,Low-Slow,3,80,0.25,1,4,0.04,1,0,0,1,2,low ss1
FG024,37,3,Low-Slow,3,80,0.68,1,5,0.07,1,0,0,1,2,low ss1
FG024,38,3,Low-Slow,3,80,0.94,-1,4,0.04,1,0,0,1,2,low ss1
FG024,39,3,Low-Slow,3,80,0.69,1,5,0.27,0,0,0,1,2,low ss1
FG024,40,3,Low-Slow,3,80,0.93,-1,4,0.03,1,0,0,1,2,low ss1
FG024,41,3,Low-Slow,3,80,0.89,-1,3,0.07,0,0,0,1,2,low ss1
FG024,42,3,Low-Slow,1,15,0.73,-1,2,0.27,0,1,1,0,2,low ss1
FG024,43,3,Low-Slow,2,5,0.04,1,3,0.5,0,1,1,0,2,low ss1
FG024,44,3,Low-Slow,2,5,0.27,-1,2,0.13,1,0,0,1,2,low ss1
FG024,45,3,Low-Slow,2,5,0.38,-1,1,0.3,0,0,0,1,2,low ss1
FG024,46,3,Low-Slow,1,15,0.93,-1,0,1.8,0,1,1,0,2,low ss1
FG024,47,3,Low-Slow,1,15,0.14,1,1,3.4,0,0,0,1,2,low ss1
FG024,48,3,Low-Slow,1,15,0.03,1,2,0.17,1,0,0,1,2,low ss1
FG024,49,3,Low-Slow,1,15,0.47,-1,1,0.04,1,0,0,1,2,low ss1
FG024,50,3,Low-Slow,1,15,0.28,-1,0,2.43,0,0,0,1,2,low ss1
FG024,151,4,High-Fast,1,60,0.77,-1,-1,1.67,0,0,0,1,2,low ss1
FG024,152,4,High-Fast,1,60,0.14,1,0,0.43,0,0,0,1,2,low ss1
FG024,153,4,High-Fast,1,60,0.95,-1,-1,0.17,1,0,0,1,2,low ss1
FG024,154,4,High-Fast,1,60,0.25,1,0,0.17,0,0,0,1,2,low ss1
FG024,155,4,High-Fast,1,60,0.08,1,1,0.1,1,0,0,1,2,low ss1
FG024,156,4,High-Fast,1,60,0.75,-1,0,0.17,1,0,0,1,2,low ss1
FG024,157,4,High-Fast,1,60,0.61,-1,-1,0.23,0,0,0,1,2,low ss1
FG024,158,4,High-Fast,1,60,0.65,-1,-2,0.27,0,0,0,1,2,low ss1
FG024,159,4,High-Fast,3,15,0.43,-1,-3,0.34,0,1,1,0,2,low ss1
FG024,160,4,High-Fast,3,15,0.36,-1,-4,0.4,0,0,0,1,2,low ss1
FG024,161,4,High-Fast,2,15,0.34,-1,-5,3.9,0,1,1,0,2,low ss1
FG024,162,4,High-Fast,1,25,0.91,-1,-6,3.38,0,1,1,0,2,low ss1
FG024,163,4,High-Fast,1,25,0.25,-1,-7,3.28,0,0,0,1,2,low ss1
FG024,164,4,High-Fast,3,60,0.81,-1,-8,2.63,0,1,1,0,2,low ss1
FG024,165,4,High-Fast,2,15,0.56,-1,-9,3.23,0,1,1,0,2,low ss1
FG024,166,4,High-Fast,2,15,0.84,-1,-10,13.95,0,0,0,1,2,low ss1
FG024,167,4,High-Fast,3,60,0.28,1,-9,1.75,0,1,1,0,2,low ss1
FG024,168,4,High-Fast,3,60,0.31,1,-8,0.13,1,0,0,1,2,low ss1
FG024,169,4,High-Fast,3,60,0.01,1,-7,0.23,1,0,0,1,2,low ss1
FG024,170,4,High-Fast,3,60,0.66,-1,-8,0.13,1,0,0,1,2,low ss1
FG024,171,4,High-Fast,3,25,0.6,-1,-9,0.17,0,0,0,1,2,low ss1
FG024,172,4,High-Fast,1,15,0.39,-1,-10,1.64,0,1,1,0,2,low ss1
FG024,173,4,High-Fast,2,60,0.33,1,-9,3.52,0,1,1,0,2,low ss1
FG024,174,4,High-Fast,2,60,0.01,1,-8,0.3,1,0,0,1,2,low ss1
FG024,175,4,High-Fast,2,60,0.7,-1,-9,0.23,1,0,0,1,2,low ss1
FG024,176,4,High-Fast,3,25,0.84,-1,-10,0.03,0,1,1,0,2,low ss1
FG024,177,4,High-Fast,1,15,0.04,1,-9,0.04,0,1,1,0,2,low ss1
FG024,178,4,High-Fast,1,15,0.12,1,-8,0.12,1,0,0,1,2,low ss1
FG024,179,4,High-Fast,1,15,0.97,-1,-9,0.04,1,0,0,1,2,low ss1
FG024,180,4,High-Fast,2,60,0.38,1,-8,0.04,0,1,1,0,2,low ss1
FG024,181,4,High-Fast,2,15,0.6,-1,-9,0.28,1,0,0,1,2,low ss1
FG024,182,4,High-Fast,3,25,0.87,-1,-10,0.17,0,1,1,0,2,low ss1
FG024,183,4,High-Fast,1,60,0.77,-1,-11,0.5,0,1,1,0,2,low ss1
FG024,184,4,High-Fast,2,15,0.32,-1,-12,0.55,0,1,1,0,2,low ss1
FG024,185,4,High-Fast,1,60,0.19,1,-11,4.77,0,1,1,0,2,low ss1
FG024,186,4,High-Fast,1,60,0.16,1,-10,0.08,1,0,0,1,2,low ss1
FG024,187,4,High-Fast,1,60,0.47,1,-9,0.23,1,0,0,1,2,low ss1
FG024,188,4,High-Fast,1,60,0.11,1,-8,1.37,1,0,0,1,2,low ss1
FG024,189,4,High-Fast,1,60,0.45,1,-7,0.37,1,0,0,1,2,low ss1
FG024,190,4,High-Fast,1,60,0.07,1,-6,0.2,1,0,0,1,2,low ss1
FG024,191,4,High-Fast,1,15,0.66,-1,-7,0.13,1,0,0,1,2,low ss1
FG024,192,4,High-Fast,3,60,0.75,-1,-8,0.32,0,1,1,0,2,low ss1
FG024,193,4,High-Fast,1,15,0.89,-1,-9,1.8,0,1,1,0,2,low ss1
FG024,194,4,High-Fast,3,60,0.26,1,-8,0.47,0,1,1,0,2,low ss1
FG024,195,4,High-Fast,3,60,0.23,1,-7,0.13,1,0,0,1,2,low ss1
FG024,196,4,High-Fast,3,60,0.75,-1,-8,0.02,1,0,0,1,2,low ss1
FG024,197,4,High-Fast,2,25,0.33,-1,-9,0.17,0,1,1,0,2,low ss1
FG024,198,4,High-Fast,1,15,0.71,-1,-10,0.74,0,1,1,0,2,low ss1
FG024,199,4,High-Fast,3,60,0.11,1,-9,2.77,0,1,1,0,2,low ss1
FG024,200,4,High-Fast,3,60,0.62,-1,-10,0.27,1,0,0,1,2,low ss1
FG025,51,1,Low-Fast,3,5,0.43,-1,-1,1.5,0,0,0,0,5,high ss1
FG025,52,1,Low-Fast,1,80,0.93,-1,-2,0.08,0,1,1,0,5,high ss1
FG025,53,1,Low-Fast,2,15,0.99,-1,-3,0.03,0,1,1,0,5,high ss1
FG025,54,1,Low-Fast,3,5,0.86,-1,-4,2.27,0,1,1,0,5,high ss1
FG025,55,1,Low-Fast,2,15,0.16,-1,-5,0.55,0,1,1,0,5,high ss1
FG025,56,1,Low-Fast,1,80,0.46,1,-4,0.38,0,1,1,0,5,high ss1
FG025,57,1,Low-Fast,1,80,0.84,-1,-5,0.28,1,0,0,1,5,high ss1
FG025,58,1,Low-Fast,3,5,0.59,-1,-6,0.03,0,1,1,0,5,high ss1
FG025,59,1,Low-Fast,2,15,0.39,-1,-7,0.27,0,1,1,0,5,high ss1
FG025,60,1,Low-Fast,1,80,0.24,1,-6,0.14,0,1,1,0,5,high ss1
FG025,61,1,Low-Fast,1,15,0.73,-1,-7,0.25,1,0,0,1,5,high ss1
FG025,62,1,Low-Fast,1,15,0.77,-1,-8,0.07,0,0,0,1,5,high ss1
FG025,63,1,Low-Fast,1,15,1.0,-1,-9,0.03,0,0,0,1,5,high ss1
FG025,64,1,Low-Fast,3,80,0.58,1,-8,0.03,0,1,1,0,5,high ss1
FG025,65,1,Low-Fast,3,80,0.17,1,-7,0.13,1,0,0,1,5,high ss1
FG025,66,1,Low-Fast,3,80,0.31,1,-6,0.04,1,0,0,1,5,high ss1
FG025,67,1,Low-Fast,3,80,0.67,1,-5,0.03,1,0,0,1,5,high ss1
FG025,68,1,Low-Fast,3,80,0.18,1,-4,1.02,1,0,0,1,5,high ss1
FG025,69,1,Low-Fast,2,5,0.58,-1,-5,0.13,0,0,1,0,5,high ss1
FG025,70,1,Low-Fast,2,5,0.97,-1,-6,0.03,0,0,0,1,5,high ss1
FG025,71,1,Low-Fast,2,80,0.49,1,-5,0.13,0,0,0,1,5,high ss1
FG025,72,1,Low-Fast,2,80,0.89,-1,-6,0.03,1,0,0,1,5,high ss1
FG025,73,1,Low-Fast,2,80,0.43,1,-5,0.1,0,0,0,1,5,high ss1
FG025,74,1,Low-Fast,1,5,0.52,-1,-6,3.37,0,0,1,0,5,high ss1
FG025,75,1,Low-Fast,1,5,0.54,-1,-7,0.07,0,0,0,1,5,high ss1
FG025,76,1,Low-Fast,1,5,0.98,-1,-8,0.07,0,0,0,1,5,high ss1
FG025,77,1,Low-Fast,1,5,0.49,-1,-9,0.03,0,0,0,1,5,high ss1
FG025,78,1,Low-Fast,1,5,0.61,-1,-10,0.03,0,0,0,1,5,high ss1
FG025,79,1,Low-Fast,3,15,0.57,-1,-11,0.2,0,1,1,0,5,high ss1
FG025,80,1,Low-Fast,3,15,0.19,-1,-12,0.03,0,0,0,1,5,high ss1
FG025,81,1,Low-Fast,2,5,0.24,-1,-13,0.27,0,1,1,0,5,high ss1
FG025,82,1,Low-Fast,2,5,0.24,-1,-14,0.3,0,0,0,1,5,high ss1
FG025,83,1,Low-Fast,3,15,0.26,-1,-15,0.24,0,1,1,0,5,high ss1
FG025,84,1,Low-Fast,1,80,0.23,1,-14,0.1,0,1,1,0,5,high ss1
FG025,85,1,Low-Fast,1,80,0.32,1,-13,0.03,1,0,0,1,5,high ss1
FG025,86,1,Low-Fast,1,80,0.04,1,-12,0.07,1,0,0,1,5,high ss1
FG025,87,1,Low-Fast,1,80,0.21,1,-11,0.75,1,0,0,1,5,high ss1
FG025,88,1,Low-Fast,1,80,0.9,-1,-12,0.03,1,0,0,1,5,high ss1
FG025,89,1,Low-Fast,3,15,0.86,-1,-13,0.07,0,1,1,0,5,high ss1
FG025,90,1,Low-Fast,3,15,0.43,-1,-14,0.57,0,0,0,1,5,high ss1
FG025,91,1,Low-Fast,2,80,0.82,-1,-15,0.23,0,1,1,0,5,high ss1
FG025,92,1,Low-Fast,2,80,0.23,1,-14,0.03,0,0,0,1,5,high ss1
FG025,93,1,Low-Fast,2,80,0.52,1,-13,0.04,1,0,0,1,5,high ss1
FG025,94,1,Low-Fast,2,80,0.92,-1,-14,0.02,1,0,0,1,5,high ss1
FG025,95,1,Low-Fast,3,5,0.89,-1,-15,1.75,0,1,1,0,5,high ss1
FG025,96,1,Low-Fast,1,15,0.58,-1,-16,0.03,0,1,1,0,5,high ss1
FG025,97,1,Low-Fast,3,5,0.65,-1,-17,0.45,0,1,1,0,5,high ss1
FG025,98,1,Low-Fast,2,80,0.41,1,-16,0.07,0,1,1,0,5,high ss1
FG025,99,1,Low-Fast,2,80,0.73,1,-15,0.03,1,0,0,1,5,high ss1
FG025,100,1,Low-Fast,2,80,0.29,1,-14,0.03,1,0,0,1,5,high ss1
FG025,151,2,High-Fast,1,60,0.93,-1,-15,1.97,0,0,1,0,5,high ss1
FG025,152,2,High-Fast,1,60,0.15,1,-14,0.05,0,0,0,1,5,high ss1
FG025,153,2,High-Fast,1,60,0.96,-1,-15,0.04,1,0,0,1,5,high ss1
FG025,154,2,High-Fast,1,60,0.43,1,-14,0.27,0,0,0,1,5,high ss1
FG025,155,2,High-Fast,1,60,0.67,-1,-15,0.33,1,0,0,1,5,high ss1
FG025,156,2,High-Fast,1,60,0.98,-1,-16,0.13,0,0,0,1,5,high ss1
FG025,157,2,High-Fast,3,15,0.72,-1,-17,0.04,0,1,1,0,5,high ss1
FG025,158,2,High-Fast,1,60,0.44,1,-16,0.03,0,1,1,0,5,high ss1
FG025,159,2,High-Fast,1,60,0.78,-1,-17,0.72,1,0,0,1,5,high ss1
FG025,160,2,High-Fast,1,60,0.09,1,-16,0.07,0,0,0,1,5,high ss1
FG025,161,2,High-Fast,1,25,0.04,1,-15,0.17,1,0,0,1,5,high ss1
FG025,162,2,High-Fast,1,25,0.62,-1,-16,0.03,1,0,0,1,5,high ss1
FG025,163,2,High-Fast,1,25,0.65,-1,-17,0.53,0,0,0,1,5,high ss1
FG025,164,2,High-Fast,1,25,0.49,-1,-18,0.15,0,0,0,1,5,high ss1
FG025,165,2,High-Fast,1,25,0.78,-1,-19,0.13,0,0,0,1,5,high ss1
FG025,166,2,High-Fast,2,15,0.96,-1,-20,0.02,0,1,1,0,5,high ss1
FG025,167,2,High-Fast,1,25,0.67,-1,-21,0.1,0,1,1,0,5,high ss1
FG025,168,2,High-Fast,3,60,0.89,-1,-22,0.03,0,1,1,0,5,high ss1
FG025,169,2,High-Fast,3,60,0.14,1,-21,0.2,0,0,0,1,5,high ss1
FG025,170,2,High-Fast,3,60,0.98,-1,-22,0.25,1,0,0,1,5,high ss1
FG025,171,2,High-Fast,1,15,0.27,-1,-23,0.02,0,1,1,0,5,high ss1
FG025,172,2,High-Fast,1,15,0.56,-1,-24,0.03,0,0,0,1,5,high ss1
FG025,173,2,High-Fast,2,60,0.6,1,-23,0.1,0,1,1,0,5,high ss1
FG025,174,2,High-Fast,2,60,0.22,1,-22,0.23,1,0,0,1,5,high ss1
FG025,175,2,High-Fast,2,60,0.12,1,-21,2.42,1,0,0,1,5,high ss1
FG025,176,2,High-Fast,2,60,0.93,-1,-22,0.5,1,0,0,1,5,high ss1
FG025,177,2,High-Fast,2,60,0.66,-1,-23,0.03,0,0,0,1,5,high ss1
FG025,178,2,High-Fast,1,15,0.74,-1,-24,0.03,0,1,1,0,5,high ss1
FG025,179,2,High-Fast,1,15,0.78,-1,-25,0.15,0,0,0,1,5,high ss1
FG025,180,2,High-Fast,3,25,0.57,-1,-26,0.03,0,1,1,0,5,high ss1
FG025,181,2,High-Fast,3,25,0.73,-1,-27,0.13,0,0,0,1,5,high ss1
FG025,182,2,High-Fast,2,15,0.86,-1,-28,0.07,0,1,1,0,5,high ss1
FG025,183,2,High-Fast,2,15,0.99,-1,-29,0.22,0,0,0,1,5,high ss1
FG025,184,2,High-Fast,2,15,0.58,-1,-30,0.52,0,0,0,1,5,high ss1
FG025,185,2,High-Fast,1,60,0.86,-1,-31,0.23,0,1,1,0,5,high ss1
FG025,186,2,High-Fast,1,60,0.73,-1,-32,0.12,0,0,0,1,5,high ss1
FG025,187,2,High-Fast,3,25,0.46,-1,-33,0.03,0,1,1,0,5,high ss1
FG025,188,2,High-Fast,3,25,0.11,1,-32,0.04,0,0,0,1,5,high ss1
FG025,189,2,High-Fast,3,25,0.06,1,-31,0.07,1,0,0,1,5,high ss1
FG025,190,2,High-Fast,3,25,0.05,1,-30,0.03,1,0,0,1,5,high ss1
FG025,191,2,High-Fast,3,60,0.67,-1,-31,0.02,1,0,0,1,5,high ss1
FG025,192,2,High-Fast,1,15,0.83,-1,-32,0.06,0,1,1,0,5,high ss1
FG025,193,2,High-Fast,2,25,0.14,1,-31,0.1,0,1,1,0,5,high ss1
FG025,194,2,High-Fast,2,25,0.21,1,-30,0.2,1,0,0,1,5,high ss1
FG025,195,2,High-Fast,2,25,0.26,-1,-31,0.04,1,0,0,1,5,high ss1
FG025,196,2,High-Fast,1,15,0.98,-1,-32,1.08,0,1,1,0,5,high ss1
FG025,197,2,High-Fast,3,60,0.69,-1,-33,0.03,0,1,1,0,5,high ss1
FG025,198,2,High-Fast,2,25,0.28,-1,-34,0.1,0,1,1,0,5,high ss1
FG025,199,2,High-Fast,1,15,0.7,-1,-35,0.03,0,1,1,0,5,high ss1
FG025,200,2,High-Fast,3,60,0.72,-1,-36,0.04,0,1,1,0,5,high ss1
FG025,101,3,High-Slow,1,60,0.2,1,-35,1.19,0,1,1,0,5,high ss1
FG025,102,3,High-Slow,1,60,0.21,1,-34,0.02,1,0,0,1,5,high ss1
FG025,103,3,High-Slow,1,60,0.93,-1,-35,0.07,1,0,0,1,5,high ss1
FG025,104,3,High-Slow,1,60,0.19,1,-34,0.02,0,0,0,1,5,high ss1
FG025,105,3,High-Slow,1,60,0.11,1,-33,0.22,1,0,0,1,5,high ss1
FG025,106,3,High-Slow,1,60,0.17,1,-32,0.03,1,0,0,1,5,high ss1
FG025,107,3,High-Slow,1,60,0.72,-1,-33,0.02,1,0,0,1,5,high ss1
FG025,108,3,High-Slow,1,60,0.61,-1,-34,0.3,0,0,0,1,5,high ss1
FG025,109,3,High-Slow,1,60,0.71,-1,-35,0.02,0,0,0,1,5,high ss1
FG025,110,3,High-Slow,2,25,0.64,-1,-36,0.02,0,1,1,0,5,high ss1
FG025,111,3,High-Slow,2,25,0.14,1,-35,0.03,0,0,0,1,5,high ss1
FG025,112,3,High-Slow,2,25,0.43,-1,-36,1.68,1,0,0,1,5,high ss1
FG025,113,3,High-Slow,2,25,0.13,1,-35,0.03,0,0,0,1,5,high ss1
FG025,114,3,High-Slow,2,25,0.83,-1,-36,0.08,1,0,0,1,5,high ss1
FG025,115,3,High-Slow,2,25,0.23,1,-35,0.1,0,0,0,1,5,high ss1
FG025,116,3,High-Slow,2,25,0.03,1,-34,0.95,1,0,0,1,5,high ss1
FG025,117,3,High-Slow,2,25,0.71,-1,-35,0.03,1,0,0,1,5,high ss1
FG025,118,3,High-Slow,2,25,0.55,-1,-36,0.03,0,0,0,1,5,high ss1
FG025,119,3,High-Slow,2,25,0.51,-1,-37,0.35,0,0,0,1,5,high ss1
FG025,120,3,High-Slow,3,15,0.75,-1,-38,0.02,0,1,1,0,5,high ss1
FG025,121,3,High-Slow,3,15,0.6,-1,-39,0.08,0,0,0,1,5,high ss1
FG025,122,3,High-Slow,1,60,0.57,1,-38,0.4,0,1,1,0,5,high ss1
FG025,123,3,High-Slow,1,60,0.79,-1,-39,0.02,1,0,0,1,5,high ss1
FG025,124,3,High-Slow,1,60,0.27,1,-38,0.5,0,0,0,1,5,high ss1
FG025,125,3,High-Slow,1,60,0.92,-1,-39,0.03,1,0,0,1,5,high ss1
FG025,126,3,High-Slow,2,60,0.13,1,-38,0.02,0,1,1,0,5,high ss1
FG025,127,3,High-Slow,2,60,0.89,-1,-39,0.33,1,0,0,1,5,high ss1
FG025,128,3,High-Slow,2,60,0.52,1,-38,0.31,0,0,0,1,5,high ss1
FG025,129,3,High-Slow,2,60,0.45,1,-37,0.04,1,0,0,1,5,high ss1
FG025,130,3,High-Slow,1,15,0.34,-1,-38,0.03,0,0,1,0,5,high ss1
FG025,131,3,High-Slow,2,60,0.63,-1,-39,0.33,0,1,1,0,5,high ss1
FG025,132,3,High-Slow,2,60,0.24,1,-38,0.07,0,0,0,1,5,high ss1
FG025,133,3,High-Slow,2,60,0.52,1,-37,0.03,1,0,0,1,5,high ss1
FG025,134,3,High-Slow,3,25,0.65,-1,-38,0.47,0,0,1,0,5,high ss1
FG025,135,3,High-Slow,2,60,0.21,1,-37,0.02,0,1,1,0,5,high ss1
FG025,136,3,High-Slow,2,60,0.22,1,-36,0.03,1,0,0,1,5,high ss1
FG025,137,3,High-Slow,3,25,0.57,-1,-37,0.03,0,0,1,0,5,high ss1
FG025,138,3,High-Slow,2,60,0.11,1,-36,0.07,0,1,1,0,5,high ss1
FG025,139,3,High-Slow,2,60,0.57,1,-35,0.22,1,0,0,1,5,high ss1
FG025,140,3,High-Slow,2,60,0.78,-1,-36,1.18,1,0,0,1,5,high ss1
FG025,141,3,High-Slow,2,60,0.58,1,-35,0.03,0,0,0,1,5,high ss1
FG025,142,3,High-Slow,2,60,0.79,-1,-36,0.03,1,0,0,1,5,high ss1
FG025,143,3,High-Slow,2,60,0.24,1,-35,0.33,0,0,0,1,5,high ss1
FG025,144,3,High-Slow,2,60,0.24,1,-34,0.53,1,0,0,1,5,high ss1
FG025,145,3,High-Slow,1,15,0.52,-1,-35,0.02,0,0,1,0,5,high ss1
FG025,146,3,High-Slow,2,60,0.22,1,-34,0.03,0,1,1,0,5,high ss1
FG025,147,3,High-Slow,2,60,0.73,-1,-35,0.13,1,0,0,1,5,high ss1
FG025,148,3,High-Slow,2,60,0.72,-1,-36,0.07,0,0,0,1,5,high ss1
FG025,149,3,High-Slow,1,15,0.96,-1,-37,0.3,0,1,1,0,5,high ss1
FG025,150,3,High-Slow,1,15,0.83,-1,-38,0.18,0,0,0,1,5,high ss1
FG025,1,4,Low-Slow,1,80,0.22,1,-37,1.21,0,0,0,1,5,high ss1
FG025,2,4,Low-Slow,1,80,0.11,1,-36,0.03,1,0,0,1,5,high ss1
FG025,3,4,Low-Slow,1,80,0.24,1,-35,0.07,1,0,0,1,5,high ss1
FG025,4,4,Low-Slow,1,80,0.62,1,-34,0.02,1,0,0,1,5,high ss1
FG025,5,4,Low-Slow,1,80,0.86,-1,-35,0.04,1,0,0,1,5,high ss1
FG025,6,4,Low-Slow,1,80,0.56,1,-34,0.02,0,0,0,1,5,high ss1
FG025,7,4,Low-Slow,1,80,0.72,1,-33,0.03,1,0,0,1,5,high ss1
FG025,8,4,Low-Slow,1,80,0.59,1,-32,0.12,1,0,0,1,5,high ss1
FG025,9,4,Low-Slow,1,80,0.7,1,-31,0.03,1,0,0,1,5,high ss1
FG025,10,4,Low-Slow,1,80,0.26,1,-30,0.08,1,0,0,1,5,high ss1
FG025,11,4,Low-Slow,1,80,0.47,1,-29,0.04,1,0,0,1,5,high ss1
FG025,12,4,Low-Slow,1,80,0.56,1,-28,0.03,1,0,0,1,5,high ss1
FG025,13,4,Low-Slow,1,80,0.33,1,-27,0.03,1,0,0,1,5,high ss1
FG025,14,4,Low-Slow,1,80,0.74,1,-26,0.12,1,0,0,1,5,high ss1
FG025,15,4,Low-Slow,1,80,1.0,-1,-27,0.03,1,0,0,1,5,high ss1
FG025,16,4,Low-Slow,1,80,0.82,-1,-28,0.03,0,0,0,1,5,high ss1
FG025,17,4,Low-Slow,2,15,0.25,-1,-29,0.04,0,1,1,0,5,high ss1
FG025,18,4,Low-Slow,3,5,0.02,1,-28,0.04,0,1,1,0,5,high ss1
FG025,19,4,Low-Slow,3,5,0.91,-1,-29,0.12,1,0,0,1,5,high ss1
FG025,20,4,Low-Slow,3,5,0.99,-1,-30,0.02,0,0,0,1,5,high ss1
FG025,21,4,Low-Slow,1,80,0.18,1,-29,0.02,0,1,1,0,5,high ss1
FG025,22,4,Low-Slow,1,80,0.47,1,-28,0.08,1,0,0,1,5,high ss1
FG025,23,4,Low-Slow,1,80,0.92,-1,-29,0.03,1,0,0,1,5,high ss1
FG025,24,4,Low-Slow,1,80,0.82,-1,-30,0.1,0,0,0,1,5,high ss1
FG025,25,4,Low-Slow,3,80,0.24,1,-29,0.25,0,1,1,0,5,high ss1
FG025,26,4,Low-Slow,3,80,0.31,1,-28,0.1,1,0,0,1,5,high ss1
FG025,27,4,Low-Slow,3,80,0.29,1,-27,0.03,1,0,0,1,5,high ss1
FG025,28,4,Low-Slow,3,80,0.07,1,-26,0.07,1,0,0,1,5,high ss1
FG025,29,4,Low-Slow,3,80,0.66,1,-25,0.02,1,0,0,1,5,high ss1
FG025,30,4,Low-Slow,3,80,0.42,1,-24,0.1,1,0,0,1,5,high ss1
FG025,31,4,Low-Slow,3,80,0.49,1,-23,0.1,1,0,0,1,5,high ss1
FG025,32,4,Low-Slow,3,80,0.79,1,-22,0.04,1,0,0,1,5,high ss1
FG025,33,4,Low-Slow,3,80,0.85,-1,-23,0.12,1,0,0,1,5,high ss1
FG025,34,4,Low-Slow,1,15,0.95,-1,-24,0.03,0,1,1,0,5,high ss1
FG025,35,4,Low-Slow,1,15,0.56,-1,-25,0.02,0,0,0,1,5,high ss1
FG025,36,4,Low-Slow,2,5,0.29,-1,-26,0.07,0,1,1,0,5,high ss1
FG025,37,4,Low-Slow,1,15,0.39,-1,-27,0.03,0,1,1,0,5,high ss1
FG025,38,4,Low-Slow,1,15,0.43,-1,-28,0.03,0,0,0,1,5,high ss1
FG025,39,4,Low-Slow,3,80,0.36,1,-27,0.02,0,1,1,0,5,high ss1
FG025,40,4,Low-Slow,3,80,0.44,1,-26,0.07,1,0,0,1,5,high ss1
FG025,41,4,Low-Slow,3,80,0.28,1,-25,0.43,1,0,0,1,5,high ss1
FG025,42,4,Low-Slow,3,80,0.79,1,-24,0.15,1,0,0,1,5,high ss1
FG025,43,4,Low-Slow,3,80,0.49,1,-23,0.24,1,0,0,1,5,high ss1
FG025,44,4,Low-Slow,3,80,0.45,1,-22,0.27,1,0,0,1,5,high ss1
FG025,45,4,Low-Slow,3,80,0.88,-1,-23,0.2,1,0,0,1,5,high ss1
FG025,46,4,Low-Slow,1,15,0.79,-1,-24,0.03,0,1,1,0,5,high ss1
FG025,47,4,Low-Slow,2,5,0.18,-1,-25,0.02,0,1,1,0,5,high ss1
FG025,48,4,Low-Slow,3,80,0.49,1,-24,0.03,0,1,1,0,5,high ss1
FG025,49,4,Low-Slow,3,80,0.52,1,-23,0.04,1,0,0,1,5,high ss1
FG025,50,4,Low-Slow,3,80,0.07,1,-22,0.03,1,0,0,1,5,high ss1
FG051,101,1,High-Slow,2,25,0.7,-1,-1,9.55,0,0,0,0,9,high ss1
FG051,102,1,High-Slow,1,60,0.62,-1,-2,9.66,0,1,1,0,9,high ss1
FG051,103,1,High-Slow,2,25,0.63,-1,-3,2.51,0,1,1,0,9,high ss1
FG051,104,1,High-Slow,3,15,0.15,-1,-4,0.62,0,1,1,0,9,high ss1
FG051,105,1,High-Slow,1,60,0.44,1,-3,1.62,0,1,1,0,9,high ss1
FG051,106,1,High-Slow,1,60,0.22,1,-2,26.58,1,0,0,1,9,high ss1
FG051,107,1,High-Slow,1,60,0.92,-1,-3,1.3,1,0,0,1,9,high ss1
FG051,108,1,High-Slow,2,25,0.54,-1,-4,2.17,0,1,1,0,9,high ss1
FG051,109,1,High-Slow,2,25,0.76,-1,-5,1.31,0,0,0,1,9,high ss1
FG051,110,1,High-Slow,3,15,0.15,1,-4,0.38,0,1,1,0,9,high ss1
FG051,111,1,High-Slow,3,15,0.18,-1,-5,3.35,1,0,0,1,9,high ss1
FG051,112,1,High-Slow,2,25,0.68,-1,-6,0.33,0,1,1,0,9,high ss1
FG051,113,1,High-Slow,1,60,0.85,-1,-7,0.27,0,1,1,0,9,high ss1
FG051,114,1,High-Slow,2,25,0.57,-1,-8,1.2,0,1,1,0,9,high ss1
FG051,115,1,High-Slow,3,15,0.89,-1,-9,0.24,0,1,1,0,9,high ss1
FG051,116,1,High-Slow,1,60,0.66,-1,-10,0.35,0,1,1,0,9,high ss1
FG051,117,1,High-Slow,1,60,0.4,1,-9,1.25,0,0,0,1,9,high ss1
FG051,118,1,High-Slow,1,60,0.58,1,-8,0.29,1,0,0,1,9,high ss1
FG051,119,1,High-Slow,1,60,0.57,1,-7,0.15,1,0,0,1,9,high ss1
FG051,120,1,High-Slow,1,60,0.51,1,-6,0.32,1,0,0,1,9,high ss1
FG051,121,1,High-Slow,1,60,0.79,-1,-7,0.23,1,0,0,1,9,high ss1
FG051,122,1,High-Slow,3,15,0.24,-1,-8,0.22,0,1,1,0,9,high ss1
FG051,123,1,High-Slow,1,60,0.93,-1,-9,0.17,0,1,1,0,9,high ss1
FG051,124,1,High-Slow,3,15,0.27,-1,-10,2.19,0,1,1,0,9,high ss1
FG051,125,1,High-Slow,1,60,0.04,1,-9,0.45,0,1,1,0,9,high ss1
FG051,126,1,High-Slow,1,15,0.79,-1,-10,0.53,1,0,0,1,9,high ss1
FG051,127,1,High-Slow,2,60,0.71,-1,-11,0.13,0,1,1,0,9,high ss1
FG051,128,1,High-Slow,1,15,0.69,-1,-12,2.1,0,1,1,0,9,high ss1
FG051,129,1,High-Slow,3,25,0.94,-1,-13,1.03,0,1,1,0,9,high ss1
FG051,130,1,High-Slow,1,15,0.23,-1,-14,0.13,0,1,1,0,9,high ss1
FG051,131,1,High-Slow,1,15,0.54,-1,-15,0.35,0,0,0,1,9,high ss1
FG051,132,1,High-Slow,2,60,0.37,1,-14,0.04,0,1,1,0,9,high ss1
FG051,133,1,High-Slow,2,60,0.55,1,-13,0.3,1,0,0,1,9,high ss1
FG051,134,1,High-Slow,2,60,0.37,1,-12,1.37,1,0,0,1,9,high ss1
FG051,135,1,High-Slow,2,60,0.63,-1,-13,2.75,1,0,0,1,9,high ss1
FG051,136,1,High-Slow,1,15,0.33,-1,-14,0.67,0,1,1,0,9,high ss1
FG051,137,1,High-Slow,2,60,0.95,-1,-15,0.65,0,1,1,0,9,high ss1
FG051,138,1,High-Slow,3,25,0.41,-1,-16,0.38,0,1,1,0,9,high ss1
FG051,139,1,High-Slow,1,15,0.97,-1,-17,0.3,0,1,1,0,9,high ss1
FG051,140,1,High-Slow,3,25,0.22,1,-16,1.77,0,1,1,0,9,high ss1
FG051,141,1,High-Slow,3,25,0.65,-1,-17,0.65,1,0,0,1,9,high ss1
FG051,142,1,High-Slow,1,15,0.74,-1,-18,1.75,0,1,1,0,9,high ss1
FG051,143,1,High-Slow,2,60,0.5,1,-17,0.4,0,1,1,0,9,high ss1
FG051,144,1,High-Slow,2,60,0.47,1,-16,0.2,1,0,0,1,9,high ss1
FG051,145,1,High-Slow,2,60,0.35,1,-15,0.02,1,0,0,1,9,high ss1
FG051,146,1,High-Slow,2,60,0.21,1,-14,0.02,1,0,0,1,9,high ss1
FG051,147,1,High-Slow,2,60,0.85,-1,-15,0.02,1,0,0,1,9,high ss1
FG051,148,1,High-Slow,3,25,0.01,1,-14,0.28,0,1,1,0,9,high ss1
FG051,149,1,High-Slow,3,25,0.14,1,-13,0.02,1,0,0,1,9,high ss1
FG051,150,1,High-Slow,3,25,0.86,-1,-14,0.03,1,0,0,1,9,high ss1
FG051,151,2,High-Fast,3,15,0.51,-1,-15,1.7,0,0,0,1,9,high ss1
FG051,152,2,High-Fast,3,15,0.87,-1,-16,0.8,0,0,0,1,9,high ss1
FG051,153,2,High-Fast,2,25,0.55,-1,-17,0.02,0,1,1,0,9,high ss1
FG051,154,2,High-Fast,1,60,0.75,-1,-18,0.2,0,1,1,0,9,high ss1
FG051,155,2,High-Fast,3,15,0.58,-1,-19,0.56,0,1,1,0,9,high ss1
FG051,156,2,High-Fast,1,60,0.76,-1,-20,0.27,0,1,1,0,9,high ss1
FG051,157,2,High-Fast,2,25,0.29,-1,-21,2.92,0,1,1,0,9,high ss1
FG051,158,2,High-Fast,1,60,0.07,1,-20,0.2,0,1,1,0,9,high ss1
FG051,159,2,High-Fast,1,60,0.66,-1,-21,0.02,1,0,0,1,9,high ss1
FG051,160,2,High-Fast,3,15,0.16,-1,-22,0.58,0,1,1,0,9,high ss1
FG051,161,2,High-Fast,2,15,0.66,-1,-23,0.6,0,1,1,0,9,high ss1
FG051,162,2,High-Fast,2,15,0.28,-1,-24,0.35,0,0,0,1,9,high ss1
FG051,163,2,High-Fast,3,60,0.23,1,-23,0.27,0,1,1,0,9,high ss1
FG051,164,2,High-Fast,2,15,0.88,-1,-24,0.4,0,0,1,0,9,high ss1
FG051,165,2,High-Fast,3,60,0.93,-1,-25,0.17,0,1,1,0,9,high ss1
FG051,166,2,High-Fast,2,15,0.49,-1,-26,0.03,0,1,1,0,9,high ss1
FG051,167,2,High-Fast,1,25,0.0,1,-25,0.03,0,1,1,0,9,high ss1
FG051,168,2,High-Fast,1,25,0.33,-1,-26,2.51,1,0,0,1,9,high ss1
FG051,169,2,High-Fast,3,60,0.17,1,-25,0.27,0,1,1,0,9,high ss1
FG051,170,2,High-Fast,1,25,0.17,1,-24,1.26,0,0,1,0,9,high ss1
FG051,171,2,High-Fast,2,60,0.23,1,-23,0.25,0,0,1,0,9,high ss1
FG051,172,2,High-Fast,3,25,0.21,1,-22,0.28,0,0,1,0,9,high ss1
FG051,173,2,High-Fast,1,15,0.71,-1,-23,0.5,0,0,1,0,9,high ss1
FG051,174,2,High-Fast,1,15,0.22,-1,-24,5.31,0,0,0,1,9,high ss1
FG051,175,2,High-Fast,3,25,0.19,1,-23,0.43,0,1,1,0,9,high ss1
FG051,176,2,High-Fast,1,15,0.55,-1,-24,1.08,0,0,1,0,9,high ss1
FG051,177,2,High-Fast,3,25,0.64,-1,-25,0.13,0,1,1,0,9,high ss1
FG051,178,2,High-Fast,1,15,0.87,-1,-26,0.15,0,1,1,0,9,high ss1
FG051,179,2,High-Fast,2,60,0.0,1,-25,0.27,0,1,1,0,9,high ss1
FG051,180,2,High-Fast,2,60,0.96,-1,-26,0.02,1,0,0,1,9,high ss1
FG051,181,2,High-Fast,3,25,0.35,-1,-27,0.1,0,1,1,0,9,high ss1
FG051,182,2,High-Fast,3,25,0.46,-1,-28,0.62,0,0,0,1,9,high ss1
FG051,183,2,High-Fast,1,60,0.16,1,-27,0.03,0,1,1,0,9,high ss1
FG051,184,2,High-Fast,2,15,0.11,1,-26,1.03,0,0,1,0,9,high ss1
FG051,185,2,High-Fast,3,25,0.16,1,-25,0.3,0,0,1,0,9,high ss1
FG051,186,2,High-Fast,1,60,0.52,1,-24,2.02,0,0,1,0,9,high ss1
FG051,187,2,High-Fast,2,15,0.52,-1,-25,0.65,0,0,1,0,9,high ss1
FG051,188,2,High-Fast,3,25,0.9,-1,-26,0.52,0,1,1,0,9,high ss1
FG051,189,2,High-Fast,1,60,0.31,1,-25,0.08,0,1,1,0,9,high ss1
FG051,190,2,High-Fast,3,25,0.79,-1,-26,0.02,0,0,1,0,9,high ss1
FG051,191,2,High-Fast,3,60,0.59,1,-25,0.24,0,0,0,1,9,high ss1
FG051,192,2,High-Fast,1,15,0.62,-1,-26,0.08,0,0,1,0,9,high ss1
FG051,193,2,High-Fast,3,60,0.85,-1,-27,0.53,0,1,1,0,9,high ss1
FG051,194,2,High-Fast,3,60,0.48,1,-26,1.18,0,0,0,1,9,high ss1
FG051,195,2,High-Fast,2,25,0.17,1,-25,0.03,0,0,1,0,9,high ss1
FG051,196,2,High-Fast,1,15,0.43,-1,-26,0.03,0,0,1,0,9,high ss1
FG051,197,2,High-Fast,3,60,0.61,-1,-27,1.13,0,1,1,0,9,high ss1
FG051,198,2,High-Fast,3,60,0.98,-1,-28,0.15,0,0,0,1,9,high ss1
FG051,199,2,High-Fast,1,15,0.25,-1,-29,0.98,0,1,1,0,9,high ss1
FG051,200,2,High-Fast,2,25,0.62,-1,-30,0.27,0,1,1,0,9,high ss1
FG051,1,3,Low-Slow,3,5,0.12,-1,-31,4.93,0,1,1,0,9,high ss1
FG051,2,3,Low-Slow,3,5,0.25,-1,-32,0.72,0,0,0,1,9,high ss1
FG051,3,3,Low-Slow,1,80,0.99,-1,-33,0.12,0,1,1,0,9,high ss1
FG051,4,3,Low-Slow,2,15,0.98,-1,-34,0.03,0,1,1,0,9,high ss1
FG051,5,3,Low-Slow,1,80,0.87,-1,-35,0.07,0,1,1,0,9,high ss1
FG051,6,3,Low-Slow,3,5,0.63,-1,-36,2.07,0,1,1,0,9,high ss1
FG051,7,3,Low-Slow,3,5,0.07,-1,-37,0.75,0,0,0,1,9,high ss1
FG051,8,3,Low-Slow,1,80,0.29,1,-36,0.02,0,1,1,0,9,high ss1
FG051,9,3,Low-Slow,1,80,0.0,1,-35,0.33,1,0,0,1,9,high ss1
FG051,10,3,Low-Slow,1,80,0.87,-1,-36,0.05,1,0,0,1,9,high ss1
FG051,11,3,Low-Slow,1,80,0.48,1,-35,0.27,0,0,0,1,9,high ss1
FG051,12,3,Low-Slow,1,80,0.29,1,-34,0.23,1,0,0,1,9,high ss1
FG051,13,3,Low-Slow,1,80,0.42,1,-33,0.2,1,0,0,1,9,high ss1
FG051,14,3,Low-Slow,1,80,0.03,1,-32,0.1,1,0,0,1,9,high ss1
FG051,15,3,Low-Slow,1,80,0.59,1,-31,0.02,1,0,0,1,9,high ss1
FG051,16,3,Low-Slow,1,80,0.08,1,-30,0.02,1,0,0,1,9,high ss1
FG051,17,3,Low-Slow,1,80,0.18,1,-29,0.03,1,0,0,1,9,high ss1
FG051,18,3,Low-Slow,1,80,0.34,1,-28,0.03,1,0,0,1,9,high ss1
FG051,19,3,Low-Slow,1,80,0.89,-1,-29,0.37,1,0,0,1,9,high ss1
FG051,20,3,Low-Slow,1,80,0.5,1,-28,0.37,0,0,0,1,9,high ss1
FG051,21,3,Low-Slow,1,80,0.52,1,-27,1.02,1,0,0,1,9,high ss1
FG051,22,3,Low-Slow,1,80,0.8,1,-26,0.03,1,0,0,1,9,high ss1
FG051,23,3,Low-Slow,1,80,0.95,-1,-27,0.03,1,0,0,1,9,high ss1
FG051,24,3,Low-Slow,1,80,0.51,1,-26,0.04,0,0,0,1,9,high ss1
FG051,25,3,Low-Slow,1,15,0.79,-1,-27,0.41,1,0,0,1,9,high ss1
FG051,26,3,Low-Slow,1,15,0.01,1,-26,0.03,0,0,0,1,9,high ss1
FG051,27,3,Low-Slow,1,15,0.86,-1,-27,0.03,1,0,0,1,9,high ss1
FG051,28,3,Low-Slow,1,15,0.57,-1,-28,0.03,0,0,0,1,9,high ss1
FG051,29,3,Low-Slow,1,15,0.43,-1,-29,0.03,0,0,0,1,9,high ss1
FG051,30,3,Low-Slow,2,5,0.33,-1,-30,0.04,0,1,1,0,9,high ss1
FG051,31,3,Low-Slow,1,15,0.19,-1,-31,0.36,0,1,1,0,9,high ss1
FG051,32,3,Low-Slow,3,80,0.43,1,-30,0.02,0,1,1,0,9,high ss1
FG051,33,3,Low-Slow,3,80,0.4,1,-29,0.02,1,0,0,1,9,high ss1
FG051,34,3,Low-Slow,3,80,0.29,1,-28,0.02,1,0,0,1,9,high ss1
FG051,35,3,Low-Slow,3,80,0.36,1,-27,0.02,1,0,0,1,9,high ss1
FG051,36,3,Low-Slow,3,80,0.13,1,-26,0.17,1,0,0,1,9,high ss1
FG051,37,3,Low-Slow,3,80,0.43,1,-25,0.07,1,0,0,1,9,high ss1
FG051,38,3,Low-Slow,3,80,0.23,1,-24,0.07,1,0,0,1,9,high ss1
FG051,39,3,Low-Slow,3,80,0.14,1,-23,0.04,1,0,0,1,9,high ss1
FG051,40,3,Low-Slow,3,80,0.97,-1,-24,0.03,1,0,0,1,9,high ss1
FG051,41,3,Low-Slow,3,80,0.86,-1,-25,0.35,0,0,0,1,9,high ss1
FG051,42,3,Low-Slow,2,5,0.31,-1,-26,0.4,0,1,1,0,9,high ss1
FG051,43,3,Low-Slow,1,15,0.13,1,-25,0.13,0,1,1,0,9,high ss1
FG051,44,3,Low-Slow,1,15,0.47,-1,-26,0.03,1,0,0,1,9,high ss1
FG051,45,3,Low-Slow,1,15,0.36,-1,-27,0.04,0,0,0,1,9,high ss1
FG051,46,3,Low-Slow,1,15,0.03,1,-26,0.13,0,0,0,1,9,high ss1
FG051,47,3,Low-Slow,3,80,0.59,1,-25,0.38,0,0,1,0,9,high ss1
FG051,48,3,Low-Slow,2,5,0.99,-1,-26,0.03,0,0,1,0,9,high ss1
FG051,49,3,Low-Slow,3,80,0.13,1,-25,1.03,0,1,1,0,9,high ss1
FG051,50,3,Low-Slow,3,80,0.97,-1,-26,0.28,1,0,0,1,9,high ss1
FG051,51,4,Low-Fast,3,5,0.1,-1,-27,6.08,0,0,0,1,9,high ss1
FG051,52,4,Low-Fast,1,80,0.54,1,-26,0.28,0,1,1,0,9,high ss1
FG051,53,4,Low-Fast,1,80,0.77,1,-25,0.02,1,0,0,1,9,high ss1
FG051,54,4,Low-Fast,1,80,0.55,1,-24,0.03,1,0,0,1,9,high ss1
FG051,55,4,Low-Fast,1,80,0.41,1,-23,0.08,1,0,0,1,9,high ss1
FG051,56,4,Low-Fast,1,80,0.15,1,-22,0.03,1,0,0,1,9,high ss1
FG051,57,4,Low-Fast,1,80,0.71,1,-21,0.02,1,0,0,1,9,high ss1
FG051,58,4,Low-Fast,1,80,0.59,1,-20,0.02,1,0,0,1,9,high ss1
FG051,59,4,Low-Fast,1,80,0.43,1,-19,0.35,1,0,0,1,9,high ss1
FG051,60,4,Low-Fast,1,80,0.34,1,-18,0.13,1,0,0,1,9,high ss1
FG051,61,4,Low-Fast,1,15,0.55,-1,-19,0.02,1,0,0,1,9,high ss1
FG051,62,4,Low-Fast,1,15,0.85,-1,-20,0.02,0,0,0,1,9,high ss1
FG051,63,4,Low-Fast,2,5,0.24,-1,-21,0.2,0,1,1,0,9,high ss1
FG051,64,4,Low-Fast,3,80,0.3,1,-20,0.1,0,1,1,0,9,high ss1
FG051,65,4,Low-Fast,3,80,0.1,1,-19,0.27,1,0,0,1,9,high ss1
FG051,66,4,Low-Fast,3,80,0.68,1,-18,0.3,1,0,0,1,9,high ss1
FG051,67,4,Low-Fast,3,80,0.22,1,-17,0.22,1,0,0,1,9,high ss1
FG051,68,4,Low-Fast,3,80,0.29,1,-16,0.03,1,0,0,1,9,high ss1
FG051,69,4,Low-Fast,3,80,0.7,1,-15,0.33,1,0,0,1,9,high ss1
FG051,70,4,Low-Fast,3,80,0.96,-1,-16,0.25,1,0,0,1,9,high ss1
FG051,71,4,Low-Fast,2,80,0.07,1,-15,0.45,0,1,1,0,9,high ss1
FG051,72,4,Low-Fast,2,80,0.17,1,-14,0.03,1,0,0,1,9,high ss1
FG051,73,4,Low-Fast,2,80,0.12,1,-13,0.02,1,0,0,1,9,high ss1
FG051,74,4,Low-Fast,2,80,0.57,1,-12,0.18,1,0,0,1,9,high ss1
FG051,75,4,Low-Fast,2,80,0.68,1,-11,0.04,1,0,0,1,9,high ss1
FG051,76,4,Low-Fast,2,80,0.51,1,-10,0.45,1,0,0,1,9,high ss1
FG051,77,4,Low-Fast,2,80,0.81,-1,-11,0.07,1,0,0,1,9,high ss1
FG051,78,4,Low-Fast,1,5,0.42,-1,-12,0.22,0,1,1,0,9,high ss1
FG051,79,4,Low-Fast,2,80,0.91,-1,-13,0.53,0,1,1,0,9,high ss1
FG051,80,4,Low-Fast,3,15,0.24,-1,-14,0.27,0,1,1,0,9,high ss1
FG051,81,4,Low-Fast,1,80,0.97,-1,-15,0.22,0,1,1,0,9,high ss1
FG051,82,4,Low-Fast,1,80,0.79,1,-14,1.54,0,0,0,1,9,high ss1
FG051,83,4,Low-Fast,1,80,0.24,1,-13,0.88,1,0,0,1,9,high ss1
FG051,84,4,Low-Fast,1,80,0.85,-1,-14,0.07,1,0,0,1,9,high ss1
FG051,85,4,Low-Fast,2,5,0.06,-1,-15,0.5,0,1,1,0,9,high ss1
FG051,86,4,Low-Fast,2,5,0.05,1,-14,0.25,0,0,0,1,9,high ss1
FG051,87,4,Low-Fast,2,5,0.72,-1,-15,0.44,1,0,0,1,9,high ss1
FG051,88,4,Low-Fast,3,15,0.97,-1,-16,0.03,0,1,1,0,9,high ss1
FG051,89,4,Low-Fast,1,80,0.1,1,-15,1.38,0,1,1,0,9,high ss1
FG051,90,4,Low-Fast,1,80,0.94,-1,-16,0.2,1,0,0,1,9,high ss1
FG051,91,4,Low-Fast,3,5,0.88,-1,-17,0.45,0,1,1,0,9,high ss1
FG051,92,4,Low-Fast,1,15,0.93,-1,-18,0.03,0,1,1,0,9,high ss1
FG051,93,4,Low-Fast,2,80,0.38,1,-17,0.03,0,1,1,0,9,high ss1
FG051,94,4,Low-Fast,2,80,0.61,1,-16,0.08,1,0,0,1,9,high ss1
FG051,95,4,Low-Fast,2,80,0.82,-1,-17,0.2,1,0,0,1,9,high ss1
FG051,96,4,Low-Fast,1,15,0.14,1,-16,0.64,0,1,1,0,9,high ss1
FG051,97,4,Low-Fast,1,15,0.76,-1,-17,0.02,1,0,0,1,9,high ss1
FG051,98,4,Low-Fast,2,80,0.04,1,-16,0.32,0,1,1,0,9,high ss1
FG051,99,4,Low-Fast,2,80,0.08,1,-15,0.17,1,0,0,1,9,high ss1
FG051,100,4,Low-Fast,2,80,0.59,1,-14,0.07,1,0,0,1,9,high ss1
FG052,51,1,Low-Fast,2,15,0.21,-1,-1,3.67,0,0,0,0,4,high ss1
FG052,52,1,Low-Fast,1,80,0.98,-1,-2,3.42,0,1,1,0,4,high ss1
FG052,53,1,Low-Fast,3,5,0.95,-1,-3,0.02,0,1,1,0,4,high ss1
FG052,54,1,Low-Fast,2,15,0.62,-1,-4,0.92,0,1,1,0,4,high ss1
FG052,55,1,Low-Fast,1,80,0.86,-1,-5,1.38,0,1,1,0,4,high ss1
FG052,56,1,Low-Fast,3,5,0.36,-1,-6,0.02,0,1,1,0,4,high ss1
FG052,57,1,Low-Fast,2,15,0.64,-1,-7,0.48,0,1,1,0,4,high ss1
FG052,58,1,Low-Fast,1,80,0.65,1,-6,0.03,0,1,1,0,4,high ss1
FG052,59,1,Low-Fast,3,5,0.87,-1,-7,0.25,0,0,1,0,4,high ss1
FG052,60,1,Low-Fast,1,80,0.77,1,-6,0.08,0,1,1,0,4,high ss1
FG052,61,1,Low-Fast,1,15,0.36,-1,-7,0.45,1,0,0,1,4,high ss1
FG052,62,1,Low-Fast,2,5,0.04,1,-6,1.12,0,1,1,0,4,high ss1
FG052,63,1,Low-Fast,3,80,0.28,1,-5,0.78,0,0,1,0,4,high ss1
FG052,64,1,Low-Fast,1,15,0.03,1,-4,1.07,0,0,1,0,4,high ss1
FG052,65,1,Low-Fast,1,15,0.75,-1,-5,4.1,1,0,0,1,4,high ss1
FG052,66,1,Low-Fast,2,5,0.06,-1,-6,0.2,0,1,1,0,4,high ss1
FG052,67,1,Low-Fast,3,80,0.07,1,-5,1.45,0,1,1,0,4,high ss1
FG052,68,1,Low-Fast,1,15,0.93,-1,-6,0.3,0,0,1,0,4,high ss1
FG052,69,1,Low-Fast,3,80,0.82,-1,-7,0.03,0,1,1,0,4,high ss1
FG052,70,1,Low-Fast,3,80,0.63,1,-6,0.08,0,0,0,1,4,high ss1
FG052,71,1,Low-Fast,3,15,0.54,-1,-7,0.34,1,0,0,1,4,high ss1
FG052,72,1,Low-Fast,3,15,0.83,-1,-8,0.02,0,0,0,1,4,high ss1
FG052,73,1,Low-Fast,3,15,0.79,-1,-9,0.03,0,0,0,1,4,high ss1
FG052,74,1,Low-Fast,1,5,0.15,-1,-10,0.3,0,1,1,0,4,high ss1
FG052,75,1,Low-Fast,2,80,0.43,1,-9,0.25,0,1,1,0,4,high ss1
FG052,76,1,Low-Fast,1,5,0.24,-1,-10,1.53,0,0,1,0,4,high ss1
FG052,77,1,Low-Fast,2,80,0.75,1,-9,0.03,0,1,1,0,4,high ss1
FG052,78,1,Low-Fast,2,80,0.38,1,-8,1.52,1,0,0,1,4,high ss1
FG052,79,1,Low-Fast,2,80,0.83,-1,-9,0.87,1,0,0,1,4,high ss1
FG052,80,1,Low-Fast,3,15,0.57,-1,-10,0.07,0,1,1,0,4,high ss1
FG052,81,1,Low-Fast,2,5,0.77,-1,-11,0.05,0,1,1,0,4,high ss1
FG052,82,1,Low-Fast,2,5,0.14,-1,-12,2.19,0,0,0,1,4,high ss1
FG052,83,1,Low-Fast,1,80,0.37,1,-11,0.03,0,1,1,0,4,high ss1
FG052,84,1,Low-Fast,1,80,0.7,1,-10,0.17,1,0,0,1,4,high ss1
FG052,85,1,Low-Fast,1,80,0.65,1,-9,0.18,1,0,0,1,4,high ss1
FG052,86,1,Low-Fast,3,15,0.87,-1,-10,0.3,0,0,1,0,4,high ss1
FG052,87,1,Low-Fast,1,80,0.13,1,-9,0.22,0,1,1,0,4,high ss1
FG052,88,1,Low-Fast,1,80,0.41,1,-8,0.44,1,0,0,1,4,high ss1
FG052,89,1,Low-Fast,1,80,0.42,1,-7,0.02,1,0,0,1,4,high ss1
FG052,90,1,Low-Fast,1,80,0.46,1,-6,0.37,1,0,0,1,4,high ss1
FG052,91,1,Low-Fast,1,15,0.98,-1,-7,0.13,1,0,0,1,4,high ss1
FG052,92,1,Low-Fast,1,15,0.83,-1,-8,0.02,0,0,0,1,4,high ss1
FG052,93,1,Low-Fast,1,15,0.67,-1,-9,0.13,0,0,0,1,4,high ss1
FG052,94,1,Low-Fast,1,15,0.53,-1,-10,0.23,0,0,0,1,4,high ss1
FG052,95,1,Low-Fast,1,15,0.13,1,-9,9.45,0,0,0,1,4,high ss1
FG052,96,1,Low-Fast,1,15,0.71,-1,-10,0.24,1,0,0,1,4,high ss1
FG052,97,1,Low-Fast,3,5,0.77,-1,-11,3.1,0,1,1,0,4,high ss1
FG052,98,1,Low-Fast,2,80,0.1,1,-10,0.07,0,1,1,0,4,high ss1
FG052,99,1,Low-Fast,2,80,0.02,1,-9,0.25,1,0,0,1,4,high ss1
FG052,100,1,Low-Fast,2,80,0.62,1,-8,0.03,1,0,0,1,4,high ss1
FG052,151,2,High-Fast,1,60,0.4,1,-7,1.47,0,0,1,0,4,high ss1
FG052,152,2,High-Fast,1,60,0.1,1,-6,0.2,1,0,0,1,4,high ss1
FG052,153,2,High-Fast,1,60,0.51,1,-5,0.04,1,0,0,1,4,high ss1
FG052,154,2,High-Fast,1,60,0.67,-1,-6,0.02,1,0,0,1,4,high ss1
FG052,155,2,High-Fast,3,15,0.77,-1,-7,0.5,0,1,1,0,4,high ss1
FG052,156,2,High-Fast,2,25,0.73,-1,-8,0.38,0,1,1,0,4,high ss1
FG052,157,2,High-Fast,3,15,0.29,-1,-9,0.08,0,1,1,0,4,high ss1
FG052,158,2,High-Fast,1,60,0.4,1,-8,0.02,0,1,1,0,4,high ss1
FG052,159,2,High-Fast,1,60,0.94,-1,-9,0.15,1,0,0,1,4,high ss1
FG052,160,2,High-Fast,2,25,0.37,-1,-10,0.2,0,1,1,0,4,high ss1
FG052,161,2,High-Fast,1,25,0.73,-1,-11,0.17,0,1,1,0,4,high ss1
FG052,162,2,High-Fast,1,25,0.89,-1,-12,0.03,0,0,0,1,4,high ss1
FG052,163,2,High-Fast,3,60,0.05,1,-11,0.14,0,1,1,0,4,high ss1
FG052,164,2,High-Fast,3,60,0.68,-1,-12,0.07,1,0,0,1,4,high ss1
FG052,165,2,High-Fast,3,60,0.2,1,-11,1.37,0,0,0,1,4,high ss1
FG052,166,2,High-Fast,3,60,0.07,1,-10,0.07,1,0,0,1,4,high ss1
FG052,167,2,High-Fast,3,60,0.45,1,-9,0.07,1,0,0,1,4,high ss1
FG052,168,2,High-Fast,3,60,0.33,1,-8,0.07,1,0,0,1,4,high ss1
FG052,169,2,High-Fast,3,60,0.16,1,-7,0.03,1,0,0,1,4,high ss1
FG052,170,2,High-Fast,3,60,0.58,1,-6,0.3,1,0,0,1,4,high ss1
FG052,171,2,High-Fast,3,25,0.05,1,-5,0.05,1,0,0,1,4,high ss1
FG052,172,2,High-Fast,3,25,0.3,-1,-6,0.03,1,0,0,1,4,high ss1
FG052,173,2,High-Fast,3,25,0.83,-1,-7,0.07,0,0,0,1,4,high ss1
FG052,174,2,High-Fast,1,15,0.69,-1,-8,0.82,0,1,1,0,4,high ss1
FG052,175,2,High-Fast,2,60,0.4,1,-7,0.14,0,1,1,0,4,high ss1
FG052,176,2,High-Fast,2,60,0.57,1,-6,0.07,1,0,0,1,4,high ss1
FG052,177,2,High-Fast,2,60,0.24,1,-5,0.2,1,0,0,1,4,high ss1
FG052,178,2,High-Fast,2,60,0.92,-1,-6,0.03,1,0,0,1,4,high ss1
FG052,179,2,High-Fast,1,15,0.64,-1,-7,1.37,0,1,1,0,4,high ss1
FG052,180,2,High-Fast,2,60,0.05,1,-6,0.04,0,1,1,0,4,high ss1
FG052,181,2,High-Fast,2,15,0.06,1,-5,0.02,1,0,0,1,4,high ss1
FG052,182,2,High-Fast,2,15,0.25,-1,-6,0.16,1,0,0,1,4,high ss1
FG052,183,2,High-Fast,1,60,0.65,-1,-7,1.27,0,1,1,0,4,high ss1
FG052,184,2,High-Fast,2,15,0.9,-1,-8,0.02,0,1,1,0,4,high ss1
FG052,185,2,High-Fast,1,60,0.26,1,-7,0.07,0,1,1,0,4,high ss1
FG052,186,2,High-Fast,1,60,0.5,1,-6,0.08,1,0,0,1,4,high ss1
FG052,187,2,High-Fast,1,60,0.6,-1,-7,0.22,1,0,0,1,4,high ss1
FG052,188,2,High-Fast,1,60,0.83,-1,-8,1.24,0,0,0,1,4,high ss1
FG052,189,2,High-Fast,3,25,0.04,1,-7,0.31,0,1,1,0,4,high ss1
FG052,190,2,High-Fast,3,25,0.39,-1,-8,0.02,1,0,0,1,4,high ss1
FG052,191,2,High-Fast,3,60,0.54,1,-7,0.03,0,0,0,1,4,high ss1
FG052,192,2,High-Fast,3,60,0.38,1,-6,0.2,1,0,0,1,4,high ss1
FG052,193,2,High-Fast,3,60,0.37,1,-5,0.07,1,0,0,1,4,high ss1
FG052,194,2,High-Fast,3,60,0.02,1,-4,0.25,1,0,0,1,4,high ss1
FG052,195,2,High-Fast,3,60,0.53,1,-3,0.02,1,0,0,1,4,high ss1
FG052,196,2,High-Fast,3,60,0.88,-1,-4,0.18,1,0,0,1,4,high ss1
FG052,197,2,High-Fast,2,25,0.97,-1,-5,0.5,0,1,1,0,4,high ss1
FG052,198,2,High-Fast,3,60,0.58,1,-4,0.04,0,1,1,0,4,high ss1
FG052,199,2,High-Fast,3,60,0.07,1,-3,0.02,1,0,0,1,4,high ss1
FG052,200,2,High-Fast,3,60,0.5,1,-2,0.1,1,0,0,1,4,high ss1
FG052,1,3,Low-Slow,1,80,0.47,1,-1,1.93,0,0,1,0,4,high ss1
FG052,2,3,Low-Slow,1,80,0.99,-1,-2,0.14,1,0,0,1,4,high ss1
FG052,3,3,Low-Slow,1,80,0.86,-1,-3,0.27,0,0,0,1,4,high ss1
FG052,4,3,Low-Slow,3,5,0.61,-1,-4,0.07,0,1,1,0,4,high ss1
FG052,5,3,Low-Slow,2,15,0.08,1,-3,0.1,0,1,1,0,4,high ss1
FG052,6,3,Low-Slow,2,15,0.09,1,-2,1.68,1,0,0,1,4,high ss1
FG052,7,3,Low-Slow,2,15,0.01,1,-1,0.07,1,0,0,1,4,high ss1
FG052,8,3,Low-Slow,2,15,0.95,-1,-2,0.21,1,0,0,1,4,high ss1
FG052,9,3,Low-Slow,1,80,0.35,1,-1,0.33,0,1,1,0,4,high ss1
FG052,10,3,Low-Slow,1,80,0.97,-1,-2,0.02,1,0,0,1,4,high ss1
FG052,11,3,Low-Slow,3,5,0.66,-1,-3,0.13,0,1,1,0,4,high ss1
FG052,12,3,Low-Slow,2,15,0.14,1,-2,0.03,0,1,1,0,4,high ss1
FG052,13,3,Low-Slow,2,15,0.76,-1,-3,0.03,1,0,0,1,4,high ss1
FG052,14,3,Low-Slow,1,80,0.12,1,-2,0.13,0,1,1,0,4,high ss1
FG052,15,3,Low-Slow,1,80,0.13,1,-1,0.07,1,0,0,1,4,high ss1
FG052,16,3,Low-Slow,1,80,0.93,-1,-2,0.56,1,0,0,1,4,high ss1
FG052,17,3,Low-Slow,3,5,0.83,-1,-3,0.04,0,1,1,0,4,high ss1
FG052,18,3,Low-Slow,3,5,0.77,-1,-4,0.12,0,0,0,1,4,high ss1
FG052,19,3,Low-Slow,1,80,0.84,-1,-5,0.3,0,1,1,0,4,high ss1
FG052,20,3,Low-Slow,2,15,0.49,-1,-6,0.4,0,1,1,0,4,high ss1
FG052,21,3,Low-Slow,1,80,0.1,1,-5,0.13,0,1,1,0,4,high ss1
FG052,22,3,Low-Slow,1,80,0.46,1,-4,0.27,1,0,0,1,4,high ss1
FG052,23,3,Low-Slow,1,80,0.65,1,-3,0.56,1,0,0,1,4,high ss1
FG052,24,3,Low-Slow,1,80,0.89,-1,-4,0.1,1,0,0,1,4,high ss1
FG052,25,3,Low-Slow,3,80,0.96,-1,-5,0.03,0,1,1,0,4,high ss1
FG052,26,3,Low-Slow,3,80,0.67,1,-4,0.07,0,0,0,1,4,high ss1
FG052,27,3,Low-Slow,3,80,0.6,1,-3,0.03,1,0,0,1,4,high ss1
FG052,28,3,Low-Slow,3,80,0.23,1,-2,0.3,1,0,0,1,4,high ss1
FG052,29,3,Low-Slow,2,5,0.4,-1,-3,0.2,0,0,1,0,4,high ss1
FG052,30,3,Low-Slow,3,80,0.71,1,-2,0.02,0,1,1,0,4,high ss1
FG052,31,3,Low-Slow,3,80,0.22,1,-1,0.17,1,0,0,1,4,high ss1
FG052,32,3,Low-Slow,3,80,0.71,1,0,0.1,1,0,0,1,4,high ss1
FG052,33,3,Low-Slow,3,80,0.53,1,1,0.04,1,0,0,1,4,high ss1
FG052,34,3,Low-Slow,3,80,0.72,1,2,0.04,1,0,0,1,4,high ss1
FG052,35,3,Low-Slow,3,80,0.89,-1,1,0.3,1,0,0,1,4,high ss1
FG052,36,3,Low-Slow,1,15,0.21,-1,0,0.55,0,1,1,0,4,high ss1
FG052,37,3,Low-Slow,2,5,0.69,-1,-1,0.13,0,1,1,0,4,high ss1
FG052,38,3,Low-Slow,3,80,0.08,1,0,0.03,0,1,1,0,4,high ss1
FG052,39,3,Low-Slow,3,80,0.98,-1,-1,0.09,1,0,0,1,4,high ss1
FG052,40,3,Low-Slow,3,80,0.23,1,0,0.17,0,0,0,1,4,high ss1
FG052,41,3,Low-Slow,3,80,0.64,1,1,0.1,1,0,0,1,4,high ss1
FG052,42,3,Low-Slow,3,80,0.53,1,2,0.4,1,0,0,1,4,high ss1
FG052,43,3,Low-Slow,3,80,0.66,1,3,0.15,1,0,0,1,4,high ss1
FG052,44,3,Low-Slow,3,80,0.67,1,4,0.17,1,0,0,1,4,high ss1
FG052,45,3,Low-Slow,3,80,0.66,1,5,0.14,1,0,0,1,4,high ss1
FG052,46,3,Low-Slow,3,80,0.01,1,6,0.15,1,0,0,1,4,high ss1
FG052,47,3,Low-Slow,3,80,0.58,1,7,0.22,1,0,0,1,4,high ss1
FG052,48,3,Low-Slow,3,80,0.61,1,8,0.2,1,0,0,1,4,high ss1
FG052,49,3,Low-Slow,3,80,0.98,-1,7,0.12,1,0,0,1,4,high ss1
FG052,50,3,Low-Slow,3,80,0.6,1,8,0.17,0,0,0,1,4,high ss1
FG052,101,4,High-Slow,3,15,0.76,-1,7,1.65,1,0,0,1,4,high ss1
FG052,102,4,High-Slow,3,15,0.82,-1,6,0.04,0,0,0,1,4,high ss1
FG052,103,4,High-Slow,3,15,0.76,-1,5,0.74,0,0,0,1,4,high ss1
FG052,104,4,High-Slow,2,25,0.21,1,6,0.17,0,1,1,0,4,high ss1
FG052,105,4,High-Slow,2,25,0.0,1,7,0.02,1,0,0,1,4,high ss1
FG052,106,4,High-Slow,2,25,0.0,1,8,0.02,1,0,0,1,4,high ss1
FG052,107,4,High-Slow,2,25,0.23,1,9,0.07,1,0,0,1,4,high ss1
FG052,108,4,High-Slow,2,25,0.73,-1,8,0.1,1,0,0,1,4,high ss1
FG052,109,4,High-Slow,2,25,0.31,-1,7,0.02,0,0,0,1,4,high ss1
FG052,110,4,High-Slow,2,25,0.06,1,8,0.2,0,0,0,1,4,high ss1
FG052,111,4,High-Slow,2,25,0.53,-1,7,0.13,1,0,0,1,4,high ss1
FG052,112,4,High-Slow,2,25,0.04,1,8,0.07,0,0,0,1,4,high ss1
FG052,113,4,High-Slow,2,25,0.42,-1,7,0.03,1,0,0,1,4,high ss1
FG052,114,4,High-Slow,2,25,0.06,1,8,0.02,0,0,0,1,4,high ss1
FG052,115,4,High-Slow,2,25,0.45,-1,7,0.1,1,0,0,1,4,high ss1
FG052,116,4,High-Slow,2,25,0.01,1,8,0.07,0,0,0,1,4,high ss1
FG052,117,4,High-Slow,2,25,0.13,1,9,0.02,1,0,0,1,4,high ss1
FG052,118,4,High-Slow,2,25,0.65,-1,8,0.12,1,0,0,1,4,high ss1
FG052,119,4,High-Slow,2,25,0.19,1,9,0.17,0,0,0,1,4,high ss1
FG052,120,4,High-Slow,2,25,0.01,1,10,0.02,1,0,0,1,4,high ss1
FG052,121,4,High-Slow,2,25,0.61,-1,9,0.03,1,0,0,1,4,high ss1
FG052,122,4,High-Slow,2,25,0.3,-1,8,0.04,0,0,0,1,4,high ss1
FG052,123,4,High-Slow,2,25,0.57,-1,7,0.1,0,0,0,1,4,high ss1
FG052,124,4,High-Slow,1,60,0.03,1,8,0.4,0,1,1,0,4,high ss1
FG052,125,4,High-Slow,1,60,0.68,-1,7,0.13,1,0,0,1,4,high ss1
FG052,126,4,High-Slow,1,15,0.86,-1,6,0.03,0,0,0,1,4,high ss1
FG052,127,4,High-Slow,2,60,0.48,1,7,0.04,0,1,1,0,4,high ss1
FG052,128,4,High-Slow,2,60,0.54,1,8,0.07,1,0,0,1,4,high ss1
FG052,129,4,High-Slow,2,60,0.37,1,9,0.13,1,0,0,1,4,high ss1
FG052,130,4,High-Slow,2,60,0.7,-1,8,0.22,1,0,0,1,4,high ss1
FG052,131,4,High-Slow,1,15,0.43,-1,7,0.27,0,1,1,0,4,high ss1
FG052,132,4,High-Slow,1,15,0.87,-1,6,0.31,0,0,0,1,4,high ss1
FG052,133,4,High-Slow,2,60,0.27,1,7,0.07,0,1,1,0,4,high ss1
FG052,134,4,High-Slow,2,60,0.85,-1,6,0.23,1,0,0,1,4,high ss1
FG052,135,4,High-Slow,2,60,0.92,-1,5,0.1,0,0,0,1,4,high ss1
FG052,136,4,High-Slow,2,60,0.72,-1,4,0.03,0,0,0,1,4,high ss1
FG052,137,4,High-Slow,1,15,0.25,-1,3,0.18,0,1,1,0,4,high ss1
FG052,138,4,High-Slow,2,60,0.78,-1,2,0.03,0,1,1,0,4,high ss1
FG052,139,4,High-Slow,2,60,0.91,-1,1,0.03,0,0,0,1,4,high ss1
FG052,140,4,High-Slow,3,25,0.63,-1,0,0.1,0,1,1,0,4,high ss1
FG052,141,4,High-Slow,1,15,0.7,-1,-1,0.17,0,1,1,0,4,high ss1
FG052,142,4,High-Slow,2,60,0.26,1,0,0.07,0,1,1,0,4,high ss1
FG052,143,4,High-Slow,2,60,0.45,1,1,0.03,1,0,0,1,4,high ss1
FG052,144,4,High-Slow,2,60,0.98,-1,0,0.06,1,0,0,1,4,high ss1
FG052,145,4,High-Slow,2,60,0.2,1,1,0.18,0,0,0,1,4,high ss1
FG052,146,4,High-Slow,2,60,0.79,-1,0,0.07,1,0,0,1,4,high ss1
FG052,147,4,High-Slow,2,60,0.07,1,1,0.03,0,0,0,1,4,high ss1
FG052,148,4,High-Slow,2,60,0.44,1,2,0.1,1,0,0,1,4,high ss1
FG052,149,4,High-Slow,2,60,0.78,-1,1,0.13,1,0,0,1,4,high ss1
FG052,150,4,High-Slow,2,60,0.06,1,2,0.07,0,0,0,1,4,high ss1
FG053,1,1,Low-Slow,1,80,0.66,1,1,4.03,0,0,0,0,6,high ss1
FG053,2,1,Low-Slow,1,80,0.77,1,2,0.9,1,0,0,1,6,high ss1
FG053,3,1,Low-Slow,3,5,0.93,-1,1,1.67,0,0,1,0,6,high ss1
FG053,4,1,Low-Slow,1,80,0.72,1,2,0.3,0,1,1,0,6,high ss1
FG053,5,1,Low-Slow,2,15,0.84,-1,1,1.87,0,0,1,0,6,high ss1
FG053,6,1,Low-Slow,2,15,0.64,-1,0,0.98,0,0,0,1,6,high ss1
FG053,7,1,Low-Slow,2,15,0.82,-1,-1,0.08,0,0,0,1,6,high ss1
FG053,8,1,Low-Slow,1,80,0.56,1,0,0.98,0,1,1,0,6,high ss1
FG053,9,1,Low-Slow,1,80,0.17,1,1,0.2,1,0,0,1,6,high ss1
FG053,10,1,Low-Slow,1,80,0.52,1,2,0.07,1,0,0,1,6,high ss1
FG053,11,1,Low-Slow,1,80,0.98,-1,1,0.08,1,0,0,1,6,high ss1
FG053,12,1,Low-Slow,3,5,0.24,-1,0,0.14,0,1,1,0,6,high ss1
FG053,13,1,Low-Slow,2,15,0.25,-1,-1,0.05,0,1,1,0,6,high ss1
FG053,14,1,Low-Slow,1,80,0.58,1,0,1.33,0,1,1,0,6,high ss1
FG053,15,1,Low-Slow,1,80,0.7,1,1,0.17,1,0,0,1,6,high ss1
FG053,16,1,Low-Slow,1,80,0.84,-1,0,0.25,1,0,0,1,6,high ss1
FG053,17,1,Low-Slow,2,15,0.48,-1,-1,0.55,0,1,1,0,6,high ss1
FG053,18,1,Low-Slow,3,5,0.83,-1,-2,0.37,0,1,1,0,6,high ss1
FG053,19,1,Low-Slow,2,15,0.2,-1,-3,0.05,0,1,1,0,6,high ss1
FG053,20,1,Low-Slow,1,80,0.75,1,-2,0.02,0,1,1,0,6,high ss1
FG053,21,1,Low-Slow,1,80,0.95,-1,-3,0.47,1,0,0,1,6,high ss1
FG053,22,1,Low-Slow,1,80,0.43,1,-2,0.03,0,0,0,1,6,high ss1
FG053,23,1,Low-Slow,1,80,0.67,1,-1,0.13,1,0,0,1,6,high ss1
FG053,24,1,Low-Slow,1,80,0.41,1,0,0.02,1,0,0,1,6,high ss1
FG053,25,1,Low-Slow,1,15,0.48,-1,-1,0.03,1,0,0,1,6,high ss1
FG053,26,1,Low-Slow,1,15,0.84,-1,-2,0.02,0,0,0,1,6,high ss1
FG053,27,1,Low-Slow,1,15,0.71,-1,-3,0.02,0,0,0,1,6,high ss1
FG053,28,1,Low-Slow,2,5,0.75,-1,-4,1.03,0,1,1,0,6,high ss1
FG053,29,1,Low-Slow,1,15,0.97,-1,-5,0.02,0,1,1,0,6,high ss1
FG053,30,1,Low-Slow,3,80,0.18,1,-4,1.2,0,1,1,0,6,high ss1
FG053,31,1,Low-Slow,3,80,0.27,1,-3,0.04,1,0,0,1,6,high ss1
FG053,32,1,Low-Slow,3,80,0.64,1,-2,0.15,1,0,0,1,6,high ss1
FG053,33,1,Low-Slow,3,80,0.52,1,-1,0.15,1,0,0,1,6,high ss1
FG053,34,1,Low-Slow,3,80,0.64,1,0,0.04,1,0,0,1,6,high ss1
FG053,35,1,Low-Slow,3,80,0.19,1,1,0.02,1,0,0,1,6,high ss1
FG053,36,1,Low-Slow,3,80,0.2,1,2,0.32,1,0,0,1,6,high ss1
FG053,37,1,Low-Slow,3,80,0.64,1,3,0.05,1,0,0,1,6,high ss1
FG053,38,1,Low-Slow,3,80,0.14,1,4,0.07,1,0,0,1,6,high ss1
FG053,39,1,Low-Slow,3,80,0.36,1,5,0.02,1,0,0,1,6,high ss1
FG053,40,1,Low-Slow,3,80,0.19,1,6,0.5,1,0,0,1,6,high ss1
FG053,41,1,Low-Slow,3,80,0.06,1,7,0.03,1,0,0,1,6,high ss1
FG053,42,1,Low-Slow,3,80,0.18,1,8,0.03,1,0,0,1,6,high ss1
FG053,43,1,Low-Slow,3,80,0.43,1,9,0.42,1,0,0,1,6,high ss1
FG053,44,1,Low-Slow,3,80,0.51,1,10,0.02,1,0,0,1,6,high ss1
FG053,45,1,Low-Slow,3,80,0.7,1,11,1.38,1,0,0,1,6,high ss1
FG053,46,1,Low-Slow,3,80,0.16,1,12,0.1,1,0,0,1,6,high ss1
FG053,47,1,Low-Slow,3,80,0.94,-1,11,0.25,1,0,0,1,6,high ss1
FG053,48,1,Low-Slow,1,15,0.13,1,12,0.11,0,1,1,0,6,high ss1
FG053,49,1,Low-Slow,1,15,0.88,-1,11,0.03,1,0,0,1,6,high ss1
FG053,50,1,Low-Slow,3,80,0.4,1,12,0.03,0,1,1,0,6,high ss1
FG053,51,2,Low-Fast,2,15,0.11,1,13,8.93,0,0,1,0,6,high ss1
FG053,52,2,Low-Fast,2,15,0.06,1,14,0.03,1,0,0,1,6,high ss1
FG053,53,2,Low-Fast,2,15,0.75,-1,13,0.02,1,0,0,1,6,high ss1
FG053,54,2,Low-Fast,3,5,0.23,-1,12,0.08,0,1,1,0,6,high ss1
FG053,55,2,Low-Fast,2,15,0.8,-1,11,0.03,0,1,1,0,6,high ss1
FG053,56,2,Low-Fast,2,15,0.19,-1,10,0.03,0,0,0,1,6,high ss1
FG053,57,2,Low-Fast,1,80,0.33,1,11,0.03,0,1,1,0,6,high ss1
FG053,58,2,Low-Fast,1,80,0.55,1,12,0.43,1,0,0,1,6,high ss1
FG053,59,2,Low-Fast,1,80,0.6,1,13,0.03,1,0,0,1,6,high ss1
FG053,60,2,Low-Fast,1,80,0.3,1,14,0.58,1,0,0,1,6,high ss1
FG053,61,2,Low-Fast,1,15,0.42,-1,13,0.2,1,0,0,1,6,high ss1
FG053,62,2,Low-Fast,3,80,0.83,-1,12,0.02,0,1,1,0,6,high ss1
FG053,63,2,Low-Fast,2,5,0.59,-1,11,0.02,0,1,1,0,6,high ss1
FG053,64,2,Low-Fast,1,15,0.39,-1,10,1.03,0,1,1,0,6,high ss1
FG053,65,2,Low-Fast,3,80,0.31,1,11,0.12,0,1,1,0,6,high ss1
FG053,66,2,Low-Fast,3,80,0.42,1,12,0.13,1,0,0,1,6,high ss1
FG053,67,2,Low-Fast,3,80,0.33,1,13,2.85,1,0,0,1,6,high ss1
FG053,68,2,Low-Fast,3,80,0.41,1,14,0.25,1,0,0,1,6,high ss1
FG053,69,2,Low-Fast,3,80,0.88,-1,13,0.07,1,0,0,1,6,high ss1
FG053,70,2,Low-Fast,1,15,0.7,-1,12,1.12,0,1,1,0,6,high ss1
FG053,71,2,Low-Fast,2,80,0.34,1,13,0.06,0,1,1,0,6,high ss1
FG053,72,2,Low-Fast,2,80,0.53,1,14,0.15,1,0,0,1,6,high ss1
FG053,73,2,Low-Fast,2,80,0.34,1,15,0.38,1,0,0,1,6,high ss1
FG053,74,2,Low-Fast,2,80,0.94,-1,14,0.1,1,0,0,1,6,high ss1
FG053,75,2,Low-Fast,2,80,0.81,-1,13,0.17,0,0,0,1,6,high ss1
FG053,76,2,Low-Fast,2,80,0.93,-1,12,0.12,0,0,0,1,6,high ss1
FG053,77,2,Low-Fast,3,15,0.98,-1,11,3.25,0,1,1,0,6,high ss1
FG053,78,2,Low-Fast,1,5,0.48,-1,10,0.08,0,1,1,0,6,high ss1
FG053,79,2,Low-Fast,3,15,0.11,1,11,6.45,0,1,1,0,6,high ss1
FG053,80,2,Low-Fast,3,15,0.66,-1,10,0.62,1,0,0,1,6,high ss1
FG053,81,2,Low-Fast,2,5,0.1,-1,9,0.08,0,1,1,0,6,high ss1
FG053,82,2,Low-Fast,1,80,0.13,1,10,0.02,0,1,1,0,6,high ss1
FG053,83,2,Low-Fast,1,80,0.85,-1,9,0.35,1,0,0,1,6,high ss1
FG053,84,2,Low-Fast,3,15,0.63,-1,8,0.12,0,1,1,0,6,high ss1
FG053,85,2,Low-Fast,2,5,0.5,-1,7,0.23,0,1,1,0,6,high ss1
FG053,86,2,Low-Fast,3,15,0.79,-1,6,0.52,0,1,1,0,6,high ss1
FG053,87,2,Low-Fast,1,80,0.55,1,7,0.07,0,1,1,0,6,high ss1
FG053,88,2,Low-Fast,3,15,0.05,1,8,1.07,0,0,1,0,6,high ss1
FG053,89,2,Low-Fast,1,80,0.48,1,9,0.13,0,0,1,0,6,high ss1
FG053,90,2,Low-Fast,3,15,0.74,-1,8,0.02,0,0,1,0,6,high ss1
FG053,91,2,Low-Fast,1,15,0.05,1,9,0.02,0,1,1,0,6,high ss1
FG053,92,2,Low-Fast,2,80,0.34,1,10,0.27,0,0,1,0,6,high ss1
FG053,93,2,Low-Fast,1,15,0.8,-1,9,0.43,0,0,1,0,6,high ss1
FG053,94,2,Low-Fast,2,80,0.69,1,10,0.7,0,1,1,0,6,high ss1
FG053,95,2,Low-Fast,1,15,0.63,-1,9,0.63,0,0,1,0,6,high ss1
FG053,96,2,Low-Fast,3,5,0.61,-1,8,0.75,0,1,1,0,6,high ss1
FG053,97,2,Low-Fast,2,80,0.12,1,9,0.58,0,1,1,0,6,high ss1
FG053,98,2,Low-Fast,2,80,0.01,1,10,1.0,1,0,0,1,6,high ss1
FG053,99,2,Low-Fast,2,80,0.97,-1,9,0.43,1,0,0,1,6,high ss1
FG053,100,2,Low-Fast,1,15,0.13,1,10,0.33,0,1,1,0,6,high ss1
FG053,101,3,High-Slow,1,60,0.49,1,11,1.88,1,0,0,1,6,high ss1
FG053,102,3,High-Slow,1,60,0.98,-1,10,0.53,1,0,0,1,6,high ss1
FG053,103,3,High-Slow,1,60,0.53,1,11,0.14,0,0,0,1,6,high ss1
FG053,104,3,High-Slow,1,60,0.74,-1,10,0.22,1,0,0,1,6,high ss1
FG053,105,3,High-Slow,3,15,0.27,-1,9,0.25,0,1,1,0,6,high ss1
FG053,106,3,High-Slow,2,25,0.33,-1,8,0.68,0,1,1,0,6,high ss1
FG053,107,3,High-Slow,1,60,0.05,1,9,0.76,0,1,1,0,6,high ss1
FG053,108,3,High-Slow,1,60,0.02,1,10,0.42,1,0,0,1,6,high ss1
FG053,109,3,High-Slow,1,60,0.57,1,11,0.03,1,0,0,1,6,high ss1
FG053,110,3,High-Slow,1,60,0.84,-1,10,0.03,1,0,0,1,6,high ss1
FG053,111,3,High-Slow,3,15,0.65,-1,9,0.04,0,1,1,0,6,high ss1
FG053,112,3,High-Slow,2,25,0.03,1,10,1.73,0,1,1,0,6,high ss1
FG053,113,3,High-Slow,2,25,0.7,-1,9,2.47,1,0,0,1,6,high ss1
FG053,114,3,High-Slow,1,60,0.28,1,10,0.13,0,1,1,0,6,high ss1
FG053,115,3,High-Slow,1,60,0.24,1,11,0.14,1,0,0,1,6,high ss1
FG053,116,3,High-Slow,1,60,0.78,-1,10,1.32,1,0,0,1,6,high ss1
FG053,117,3,High-Slow,2,25,0.73,-1,9,0.23,0,1,1,0,6,high ss1
FG053,118,3,High-Slow,1,60,0.32,1,10,0.08,0,1,1,0,6,high ss1
FG053,119,3,High-Slow,1,60,0.75,-1,9,0.03,1,0,0,1,6,high ss1
FG053,120,3,High-Slow,2,25,0.22,1,10,0.02,0,1,1,0,6,high ss1
FG053,121,3,High-Slow,2,25,0.12,1,11,0.1,1,0,0,1,6,high ss1
FG053,122,3,High-Slow,2,25,0.27,-1,10,0.06,1,0,0,1,6,high ss1
FG053,123,3,High-Slow,1,60,0.46,1,11,0.1,0,1,1,0,6,high ss1
FG053,124,3,High-Slow,2,25,0.38,-1,10,1.62,0,0,1,0,6,high ss1
FG053,125,3,High-Slow,1,60,0.55,1,11,0.03,0,1,1,0,6,high ss1
FG053,126,3,High-Slow,1,15,0.51,-1,10,0.8,1,0,0,1,6,high ss1
FG053,127,3,High-Slow,2,60,0.46,1,11,0.03,0,1,1,0,6,high ss1
FG053,128,3,High-Slow,2,60,0.3,1,12,0.45,1,0,0,1,6,high ss1
FG053,129,3,High-Slow,2,60,0.76,-1,11,0.32,1,0,0,1,6,high ss1
FG053,130,3,High-Slow,1,15,0.75,-1,10,0.24,0,1,1,0,6,high ss1
FG053,131,3,High-Slow,3,25,0.04,1,11,0.12,0,1,1,0,6,high ss1
FG053,132,3,High-Slow,1,15,0.32,-1,10,0.38,0,0,1,0,6,high ss1
FG053,133,3,High-Slow,3,25,0.31,-1,9,0.02,0,1,1,0,6,high ss1
FG053,134,3,High-Slow,2,60,0.02,1,10,0.28,0,1,1,0,6,high ss1
FG053,135,3,High-Slow,2,60,0.79,-1,9,0.01,1,0,0,1,6,high ss1
FG053,136,3,High-Slow,1,15,0.22,-1,8,0.1,0,1,1,0,6,high ss1
FG053,137,3,High-Slow,3,25,0.43,-1,7,0.67,0,1,1,0,6,high ss1
FG053,138,3,High-Slow,2,60,0.42,1,8,0.04,0,1,1,0,6,high ss1
FG053,139,3,High-Slow,2,60,0.39,1,9,0.22,1,0,0,1,6,high ss1
FG053,140,3,High-Slow,2,60,0.78,-1,8,0.03,1,0,0,1,6,high ss1
FG053,141,3,High-Slow,1,15,0.66,-1,7,0.03,0,1,1,0,6,high ss1
FG053,142,3,High-Slow,3,25,0.04,1,8,0.03,0,1,1,0,6,high ss1
FG053,143,3,High-Slow,3,25,0.09,1,9,0.63,1,0,0,1,6,high ss1
FG053,144,3,High-Slow,3,25,0.84,-1,8,0.04,1,0,0,1,6,high ss1
FG053,145,3,High-Slow,1,15,0.12,1,9,0.15,0,1,1,0,6,high ss1
FG053,146,3,High-Slow,1,15,0.61,-1,8,0.7,1,0,0,1,6,high ss1
FG053,147,3,High-Slow,3,25,0.06,1,9,0.65,0,1,1,0,6,high ss1
FG053,148,3,High-Slow,3,25,0.08,1,10,0.28,1,0,0,1,6,high ss1
FG053,149,3,High-Slow,3,25,0.35,-1,9,0.02,1,0,0,1,6,high ss1
FG053,150,3,High-Slow,1,15,0.12,1,10,0.27,0,1,1,0,6,high ss1
FG053,151,4,High-Fast,3,15,0.58,-1,9,1.18,0,0,1,0,6,high ss1
FG053,152,4,High-Fast,2,25,0.33,-1,8,0.03,0,1,1,0,6,high ss1
FG053,153,4,High-Fast,1,60,0.25,1,9,2.7,0,1,1,0,6,high ss1
FG053,154,4,High-Fast,1,60,0.4,1,10,1.08,1,0,0,1,6,high ss1
FG053,155,4,High-Fast,1,60,0.57,1,11,0.4,1,0,0,1,6,high ss1
FG053,156,4,High-Fast,1,60,0.84,-1,10,0.3,1,0,0,1,6,high ss1
FG053,157,4,High-Fast,3,15,0.53,-1,9,1.8,0,1,1,0,6,high ss1
FG053,158,4,High-Fast,1,60,0.59,1,10,0.23,0,1,1,0,6,high ss1
FG053,159,4,High-Fast,1,60,0.58,1,11,0.72,1,0,0,1,6,high ss1
FG053,160,4,High-Fast,1,60,0.84,-1,10,0.17,1,0,0,1,6,high ss1
FG053,161,4,High-Fast,3,60,0.75,-1,9,2.05,0,1,1,0,6,high ss1
FG053,162,4,High-Fast,1,25,0.11,1,10,0.03,0,1,1,0,6,high ss1
FG053,163,4,High-Fast,1,25,0.11,1,11,0.1,1,0,0,1,6,high ss1
FG053,164,4,High-Fast,1,25,0.7,-1,10,1.63,1,0,0,1,6,high ss1
FG053,165,4,High-Fast,3,60,0.79,-1,9,0.06,0,1,1,0,6,high ss1
FG053,166,4,High-Fast,2,15,0.21,-1,8,0.1,0,1,1,0,6,high ss1
FG053,167,4,High-Fast,1,25,0.11,1,9,0.1,0,1,1,0,6,high ss1
FG053,168,4,High-Fast,1,25,0.75,-1,8,0.02,1,0,0,1,6,high ss1
FG053,169,4,High-Fast,3,60,0.85,-1,7,0.55,0,1,1,0,6,high ss1
FG053,170,4,High-Fast,1,25,0.5,-1,6,0.03,0,1,1,0,6,high ss1
FG053,171,4,High-Fast,2,60,0.94,-1,5,0.27,0,1,1,0,6,high ss1
FG053,172,4,High-Fast,3,25,0.01,1,6,0.17,0,1,1,0,6,high ss1
FG053,173,4,High-Fast,3,25,0.22,1,7,0.08,1,0,0,1,6,high ss1
FG053,174,4,High-Fast,3,25,0.65,-1,6,0.07,1,0,0,1,6,high ss1
FG053,175,4,High-Fast,2,60,0.23,1,7,1.02,0,1,1,0,6,high ss1
FG053,176,4,High-Fast,2,60,0.58,1,8,0.42,1,0,0,1,6,high ss1
FG053,177,4,High-Fast,3,25,0.16,1,9,0.72,0,0,1,0,6,high ss1
FG053,178,4,High-Fast,3,25,0.98,-1,8,0.14,1,0,0,1,6,high ss1
FG053,179,4,High-Fast,3,25,0.81,-1,7,0.69,0,0,0,1,6,high ss1
FG053,180,4,High-Fast,1,15,0.18,-1,6,0.4,0,1,1,0,6,high ss1
FG053,181,4,High-Fast,2,15,0.53,-1,5,1.1,0,1,1,0,6,high ss1
FG053,182,4,High-Fast,3,25,0.93,-1,4,0.25,0,1,1,0,6,high ss1
FG053,183,4,High-Fast,2,15,0.45,-1,3,0.08,0,1,1,0,6,high ss1
FG053,184,4,High-Fast,1,60,0.85,-1,2,0.28,0,1,1,0,6,high ss1
FG053,185,4,High-Fast,3,25,0.76,-1,1,0.93,0,1,1,0,6,high ss1
FG053,186,4,High-Fast,2,15,0.49,-1,0,0.75,0,1,1,0,6,high ss1
FG053,187,4,High-Fast,3,25,0.02,1,1,0.73,0,1,1,0,6,high ss1
FG053,188,4,High-Fast,2,15,0.6,-1,0,0.65,0,0,1,0,6,high ss1
FG053,189,4,High-Fast,3,25,0.84,-1,-1,0.04,0,1,1,0,6,high ss1
FG053,190,4,High-Fast,2,15,0.79,-1,-2,0.2,0,1,1,0,6,high ss1
FG053,191,4,High-Fast,1,15,0.11,1,-1,1.72,0,1,1,0,6,high ss1
FG053,192,4,High-Fast,3,60,0.25,1,0,0.93,0,0,1,0,6,high ss1
FG053,193,4,High-Fast,2,25,0.18,1,1,0.25,0,0,1,0,6,high ss1
FG053,194,4,High-Fast,1,15,0.4,-1,0,0.02,0,0,1,0,6,high ss1
FG053,195,4,High-Fast,3,60,0.99,-1,-1,0.18,0,1,1,0,6,high ss1
FG053,196,4,High-Fast,3,60,0.06,1,0,7.18,0,0,0,1,6,high ss1
FG053,197,4,High-Fast,2,25,0.11,1,1,0.1,0,0,1,0,6,high ss1
FG053,198,4,High-Fast,1,15,0.26,-1,0,0.03,0,0,1,0,6,high ss1
FG053,199,4,High-Fast,2,25,0.28,-1,-1,3.0,0,1,1,0,6,high ss1
FG053,200,4,High-Fast,2,25,0.02,1,0,4.35,0,0,0,1,6,high ss1
FG006,101,1,High-Slow,1,60,0.25,1,1,19.69,0,0,0,0,3,low ss1
FG006,102,1,High-Slow,3,15,0.68,-1,0,3.57,0,0,1,0,3,low ss1
FG006,103,1,High-Slow,1,60,0.85,-1,-1,3.08,0,1,1,0,3,low ss1
FG006,104,1,High-Slow,2,25,0.92,-1,-2,2.62,0,1,1,0,3,low ss1
FG006,105,1,High-Slow,2,25,0.06,1,-1,0.57,0,0,0,1,3,low ss1
FG006,106,1,High-Slow,2,25,0.78,-1,-2,1.1,1,0,0,1,3,low ss1
FG006,107,1,High-Slow,2,25,0.22,1,-1,0.95,0,0,0,1,3,low ss1
FG006,108,1,High-Slow,2,25,0.78,-1,-2,1.16,1,0,0,1,3,low ss1
FG006,109,1,High-Slow,2,25,0.89,-1,-3,0.4,0,0,0,1,3,low ss1
FG006,110,1,High-Slow,2,25,0.4,-1,-4,0.1,0,0,0,1,3,low ss1
FG006,111,1,High-Slow,1,60,0.81,-1,-5,0.38,0,1,1,0,3,low ss1
FG006,112,1,High-Slow,2,25,0.02,1,-4,0.49,0,1,1,0,3,low ss1
FG006,113,1,High-Slow,3,15,0.67,-1,-5,0.55,0,0,1,0,3,low ss1
FG006,114,1,High-Slow,3,15,0.69,-1,-6,0.88,0,0,0,1,3,low ss1
FG006,115,1,High-Slow,1,60,0.72,-1,-7,0.36,0,1,1,0,3,low ss1
FG006,116,1,High-Slow,3,15,0.14,1,-6,0.02,0,1,1,0,3,low ss1
FG006,117,1,High-Slow,2,25,0.42,-1,-7,6.43,0,0,1,0,3,low ss1
FG006,118,1,High-Slow,1,60,0.91,-1,-8,0.49,0,1,1,0,3,low ss1
FG006,119,1,High-Slow,3,15,0.38,-1,-9,0.15,0,1,1,0,3,low ss1
FG006,120,1,High-Slow,2,25,0.35,-1,-10,0.54,0,1,1,0,3,low ss1
FG006,121,1,High-Slow,1,60,0.26,1,-9,0.33,0,1,1,0,3,low ss1
FG006,122,1,High-Slow,3,15,0.42,-1,-10,0.68,0,0,1,0,3,low ss1
FG006,123,1,High-Slow,2,25,0.13,1,-9,0.59,0,1,1,0,3,low ss1
FG006,124,1,High-Slow,1,60,0.92,-1,-10,0.64,0,0,1,0,3,low ss1
FG006,125,1,High-Slow,3,15,0.45,-1,-11,2.57,0,1,1,0,3,low ss1
FG006,126,1,High-Slow,2,60,0.7,-1,-12,5.57,0,1,1,0,3,low ss1
FG006,127,1,High-Slow,1,15,0.93,-1,-13,6.79,0,1,1,0,3,low ss1
FG006,128,1,High-Slow,1,15,0.23,-1,-14,0.37,0,0,0,1,3,low ss1
FG006,129,1,High-Slow,1,15,0.54,-1,-15,0.15,0,0,0,1,3,low ss1
FG006,130,1,High-Slow,1,15,0.9,-1,-16,0.16,0,0,0,1,3,low ss1
FG006,131,1,High-Slow,1,15,0.3,-1,-17,0.17,0,0,0,1,3,low ss1
FG006,132,1,High-Slow,1,15,0.81,-1,-18,0.11,0,0,0,1,3,low ss1
FG006,133,1,High-Slow,3,25,0.2,1,-17,0.48,0,1,1,0,3,low ss1
FG006,134,1,High-Slow,3,25,1.0,-1,-18,0.25,1,0,0,1,3,low ss1
FG006,135,1,High-Slow,3,25,0.15,1,-17,0.18,0,0,0,1,3,low ss1
FG006,136,1,High-Slow,3,25,0.83,-1,-18,0.1,1,0,0,1,3,low ss1
FG006,137,1,High-Slow,3,25,0.63,-1,-19,0.12,0,0,0,1,3,low ss1
FG006,138,1,High-Slow,3,25,0.95,-1,-20,0.15,0,0,0,1,3,low ss1
FG006,139,1,High-Slow,2,60,0.61,-1,-21,0.34,0,1,1,0,3,low ss1
FG006,140,1,High-Slow,2,60,0.04,1,-20,0.22,0,0,0,1,3,low ss1
FG006,141,1,High-Slow,3,25,0.77,-1,-21,0.87,0,0,1,0,3,low ss1
FG006,142,1,High-Slow,3,25,0.12,1,-20,0.24,0,0,0,1,3,low ss1
FG006,143,1,High-Slow,2,60,0.8,-1,-21,0.27,0,0,1,0,3,low ss1
FG006,144,1,High-Slow,2,60,0.21,1,-20,0.25,0,0,0,1,3,low ss1
FG006,145,1,High-Slow,3,25,0.27,-1,-21,0.41,0,0,1,0,3,low ss1
FG006,146,1,High-Slow,3,25,0.32,-1,-22,5.25,0,0,0,1,3,low ss1
FG006,147,1,High-Slow,2,60,0.4,1,-21,0.85,0,1,1,0,3,low ss1
FG006,148,1,High-Slow,3,25,0.45,-1,-22,4.46,0,0,1,0,3,low ss1
FG006,149,1,High-Slow,1,15,0.73,-1,-23,0.14,0,1,1,0,3,low ss1
FG006,150,1,High-Slow,2,60,0.85,-1,-24,0.57,0,1,1,0,3,low ss1
FG006,51,2,Low-Fast,1,80,0.1,1,-23,3.72,0,1,1,0,3,low ss1
FG006,52,2,Low-Fast,3,5,0.94,-1,-24,1.63,0,0,1,0,3,low ss1
FG006,53,2,Low-Fast,2,15,0.97,-1,-25,0.4,0,1,1,0,3,low ss1
FG006,54,2,Low-Fast,1,80,0.58,1,-24,0.38,0,1,1,0,3,low ss1
FG006,55,2,Low-Fast,3,5,0.77,-1,-25,0.42,0,0,1,0,3,low ss1
FG006,56,2,Low-Fast,2,15,0.56,-1,-26,0.33,0,1,1,0,3,low ss1
FG006,57,2,Low-Fast,1,80,0.93,-1,-27,0.25,0,1,1,0,3,low ss1
FG006,58,2,Low-Fast,1,80,0.85,-1,-28,0.64,0,0,0,1,3,low ss1
FG006,59,2,Low-Fast,1,80,0.23,1,-27,0.29,0,0,0,1,3,low ss1
FG006,60,2,Low-Fast,3,5,0.8,-1,-28,1.15,0,0,1,0,3,low ss1
FG006,61,2,Low-Fast,3,80,0.48,1,-27,0.15,0,0,0,1,3,low ss1
FG006,62,2,Low-Fast,2,5,0.14,-1,-28,0.48,0,0,1,0,3,low ss1
FG006,63,2,Low-Fast,2,5,0.73,-1,-29,0.13,0,0,0,1,3,low ss1
FG006,64,2,Low-Fast,2,5,0.02,1,-28,0.23,0,0,0,1,3,low ss1
FG006,65,2,Low-Fast,2,5,0.99,-1,-29,0.83,1,0,0,1,3,low ss1
FG006,66,2,Low-Fast,1,15,0.75,-1,-30,0.89,0,1,1,0,3,low ss1
FG006,67,2,Low-Fast,3,80,0.27,1,-29,0.37,0,1,1,0,3,low ss1
FG006,68,2,Low-Fast,1,15,0.14,1,-28,1.9,0,0,1,0,3,low ss1
FG006,69,2,Low-Fast,2,5,0.43,-1,-29,3.18,0,0,1,0,3,low ss1
FG006,70,2,Low-Fast,1,15,0.9,-1,-30,1.07,0,1,1,0,3,low ss1
FG006,71,2,Low-Fast,3,15,0.39,-1,-31,0.39,0,1,1,0,3,low ss1
FG006,72,2,Low-Fast,3,15,0.76,-1,-32,0.28,0,0,0,1,3,low ss1
FG006,73,2,Low-Fast,1,5,0.4,-1,-33,0.13,0,1,1,0,3,low ss1
FG006,74,2,Low-Fast,3,15,0.34,-1,-34,0.46,0,1,1,0,3,low ss1
FG006,75,2,Low-Fast,2,80,0.98,-1,-35,0.59,0,1,1,0,3,low ss1
FG006,76,2,Low-Fast,1,5,0.5,-1,-36,0.27,0,1,1,0,3,low ss1
FG006,77,2,Low-Fast,1,5,0.26,-1,-37,0.13,0,0,0,1,3,low ss1
FG006,78,2,Low-Fast,1,5,0.88,-1,-38,0.04,0,0,0,1,3,low ss1
FG006,79,2,Low-Fast,1,5,0.89,-1,-39,0.43,0,0,0,1,3,low ss1
FG006,80,2,Low-Fast,3,15,0.08,1,-38,0.16,0,1,1,0,3,low ss1
FG006,81,2,Low-Fast,3,15,0.58,-1,-39,0.16,1,0,0,1,3,low ss1
FG006,82,2,Low-Fast,3,15,0.53,-1,-40,0.14,0,0,0,1,3,low ss1
FG006,83,2,Low-Fast,3,15,0.14,1,-39,0.1,0,0,0,1,3,low ss1
FG006,84,2,Low-Fast,3,15,0.96,-1,-40,1.08,1,0,0,1,3,low ss1
FG006,85,2,Low-Fast,1,80,0.44,1,-39,0.84,0,1,1,0,3,low ss1
FG006,86,2,Low-Fast,1,80,0.74,1,-38,0.21,1,0,0,1,3,low ss1
FG006,87,2,Low-Fast,1,80,0.96,-1,-39,0.28,1,0,0,1,3,low ss1
FG006,88,2,Low-Fast,1,80,0.67,1,-38,0.16,0,0,0,1,3,low ss1
FG006,89,2,Low-Fast,1,80,0.75,1,-37,0.11,1,0,0,1,3,low ss1
FG006,90,2,Low-Fast,1,80,0.67,1,-36,0.15,1,0,0,1,3,low ss1
FG006,91,2,Low-Fast,1,15,0.86,-1,-37,0.18,1,0,0,1,3,low ss1
FG006,92,2,Low-Fast,3,5,0.6,-1,-38,0.6,0,1,1,0,3,low ss1
FG006,93,2,Low-Fast,1,15,0.86,-1,-39,0.28,0,1,1,0,3,low ss1
FG006,94,2,Low-Fast,1,15,0.21,-1,-40,0.7,0,0,0,1,3,low ss1
FG006,95,2,Low-Fast,3,5,0.34,-1,-41,0.14,0,1,1,0,3,low ss1
FG006,96,2,Low-Fast,2,80,0.19,1,-40,0.14,0,1,1,0,3,low ss1
FG006,97,2,Low-Fast,2,80,0.21,1,-39,0.38,1,0,0,1,3,low ss1
FG006,98,2,Low-Fast,2,80,0.01,1,-38,0.28,1,0,0,1,3,low ss1
FG006,99,2,Low-Fast,2,80,0.33,1,-37,0.3,1,0,0,1,3,low ss1
FG006,100,2,Low-Fast,2,80,0.68,1,-36,0.18,1,0,0,1,3,low ss1
FG006,151,3,High-Fast,1,60,0.37,1,-35,2.15,0,0,1,0,3,low ss1
FG006,152,3,High-Fast,1,60,0.49,1,-34,0.18,1,0,0,1,3,low ss1
FG006,153,3,High-Fast,1,60,0.38,1,-33,0.01,1,0,0,1,3,low ss1
FG006,154,3,High-Fast,1,60,0.8,-1,-34,0.02,1,0,0,1,3,low ss1
FG006,155,3,High-Fast,2,25,0.35,-1,-35,1.11,0,1,1,0,3,low ss1
FG006,156,3,High-Fast,3,15,0.05,1,-34,0.91,0,1,1,0,3,low ss1
FG006,157,3,High-Fast,3,15,0.21,-1,-35,0.26,1,0,0,1,3,low ss1
FG006,158,3,High-Fast,2,25,0.68,-1,-36,1.83,0,1,1,0,3,low ss1
FG006,159,3,High-Fast,1,60,0.85,-1,-37,0.16,0,1,1,0,3,low ss1
FG006,160,3,High-Fast,3,15,0.09,1,-36,0.75,0,1,1,0,3,low ss1
FG006,161,3,High-Fast,3,60,0.89,-1,-37,0.16,1,0,0,1,3,low ss1
FG006,162,3,High-Fast,3,60,0.61,-1,-38,0.11,0,0,0,1,3,low ss1
FG006,163,3,High-Fast,1,25,0.61,-1,-39,0.59,0,1,1,0,3,low ss1
FG006,164,3,High-Fast,1,25,0.78,-1,-40,0.12,0,0,0,1,3,low ss1
FG006,165,3,High-Fast,2,15,0.02,1,-39,0.01,0,1,1,0,3,low ss1
FG006,166,3,High-Fast,2,15,0.94,-1,-40,0.13,1,0,0,1,3,low ss1
FG006,167,3,High-Fast,1,25,0.37,-1,-41,0.15,0,1,1,0,3,low ss1
FG006,168,3,High-Fast,3,60,0.39,1,-40,0.29,0,1,1,0,3,low ss1
FG006,169,3,High-Fast,3,60,0.22,1,-39,0.21,1,0,0,1,3,low ss1
FG006,170,3,High-Fast,3,60,0.66,-1,-40,0.23,1,0,0,1,3,low ss1
FG006,171,3,High-Fast,2,60,0.08,1,-39,0.46,0,1,1,0,3,low ss1
FG006,172,3,High-Fast,2,60,0.82,-1,-40,0.26,1,0,0,1,3,low ss1
FG006,173,3,High-Fast,1,15,0.27,-1,-41,0.45,0,1,1,0,3,low ss1
FG006,174,3,High-Fast,1,15,0.87,-1,-42,0.25,0,0,0,1,3,low ss1
FG006,175,3,High-Fast,3,25,0.87,-1,-43,0.23,0,1,1,0,3,low ss1
FG006,176,3,High-Fast,3,25,0.08,1,-42,0.13,0,0,0,1,3,low ss1
FG006,177,3,High-Fast,3,25,0.36,-1,-43,0.31,1,0,0,1,3,low ss1
FG006,178,3,High-Fast,2,60,0.35,1,-42,0.4,0,1,1,0,3,low ss1
FG006,179,3,High-Fast,2,60,0.04,1,-41,0.16,1,0,0,1,3,low ss1
FG006,180,3,High-Fast,2,60,0.44,1,-40,0.16,1,0,0,1,3,low ss1
FG006,181,3,High-Fast,2,15,0.09,1,-39,0.05,1,0,0,1,3,low ss1
FG006,182,3,High-Fast,2,15,0.12,1,-38,0.07,1,0,0,1,3,low ss1
FG006,183,3,High-Fast,2,15,0.88,-1,-39,0.01,1,0,0,1,3,low ss1
FG006,184,3,High-Fast,1,60,0.89,-1,-40,0.38,0,1,1,0,3,low ss1
FG006,185,3,High-Fast,3,25,0.05,1,-39,1.06,0,1,1,0,3,low ss1
FG006,186,3,High-Fast,3,25,0.94,-1,-40,0.23,1,0,0,1,3,low ss1
FG006,187,3,High-Fast,2,15,1.0,-1,-41,1.56,0,1,1,0,3,low ss1
FG006,188,3,High-Fast,3,25,0.62,-1,-42,1.43,0,1,1,0,3,low ss1
FG006,189,3,High-Fast,1,60,0.32,1,-41,0.73,0,1,1,0,3,low ss1
FG006,190,3,High-Fast,1,60,0.61,-1,-42,0.21,1,0,0,1,3,low ss1
FG006,191,3,High-Fast,3,60,0.86,-1,-43,0.5,0,1,1,0,3,low ss1
FG006,192,3,High-Fast,2,25,0.4,-1,-44,0.59,0,1,1,0,3,low ss1
FG006,193,3,High-Fast,3,60,0.38,1,-43,1.01,0,1,1,0,3,low ss1
FG006,194,3,High-Fast,3,60,0.5,1,-42,0.46,1,0,0,1,3,low ss1
FG006,195,3,High-Fast,3,60,0.32,1,-41,0.23,1,0,0,1,3,low ss1
FG006,196,3,High-Fast,3,60,0.62,-1,-42,0.28,1,0,0,1,3,low ss1
FG006,197,3,High-Fast,2,25,0.5,-1,-43,0.29,0,1,1,0,3,low ss1
FG006,198,3,High-Fast,1,15,0.79,-1,-44,0.46,0,1,1,0,3,low ss1
FG006,199,3,High-Fast,3,60,0.78,-1,-45,1.42,0,1,1,0,3,low ss1
FG006,200,3,High-Fast,1,15,0.65,-1,-46,0.3,0,1,1,0,3,low ss1
FG006,1,4,Low-Slow,1,80,0.21,1,-45,2.31,0,0,0,1,3,low ss1
FG006,2,4,Low-Slow,1,80,0.21,1,-44,0.07,1,0,0,1,3,low ss1
FG006,3,4,Low-Slow,1,80,0.97,-1,-45,0.02,1,0,0,1,3,low ss1
FG006,4,4,Low-Slow,3,5,0.39,-1,-46,0.26,0,1,1,0,3,low ss1
FG006,5,4,Low-Slow,3,5,0.17,-1,-47,0.02,0,0,0,1,3,low ss1
FG006,6,4,Low-Slow,2,15,0.42,-1,-48,0.58,0,1,1,0,3,low ss1
FG006,7,4,Low-Slow,2,15,0.68,-1,-49,0.09,0,0,0,1,3,low ss1
FG006,8,4,Low-Slow,3,5,0.17,-1,-50,0.4,0,1,1,0,3,low ss1
FG006,9,4,Low-Slow,1,80,0.33,1,-49,0.05,0,1,1,0,3,low ss1
FG006,10,4,Low-Slow,1,80,0.87,-1,-50,0.03,1,0,0,1,3,low ss1
FG006,11,4,Low-Slow,2,15,0.86,-1,-51,0.68,0,1,1,0,3,low ss1
FG006,12,4,Low-Slow,2,15,0.61,-1,-52,0.34,0,0,0,1,3,low ss1
FG006,13,4,Low-Slow,1,80,0.7,1,-51,0.13,0,1,1,0,3,low ss1
FG006,14,4,Low-Slow,1,80,0.45,1,-50,0.03,1,0,0,1,3,low ss1
FG006,15,4,Low-Slow,1,80,0.74,1,-49,0.05,1,0,0,1,3,low ss1
FG006,16,4,Low-Slow,1,80,0.62,1,-48,0.01,1,0,0,1,3,low ss1
FG006,17,4,Low-Slow,1,80,0.33,1,-47,0.01,1,0,0,1,3,low ss1
FG006,18,4,Low-Slow,1,80,0.25,1,-46,0.02,1,0,0,1,3,low ss1
FG006,19,4,Low-Slow,1,80,0.38,1,-45,0.01,1,0,0,1,3,low ss1
FG006,20,4,Low-Slow,1,80,0.0,1,-44,0.02,1,0,0,1,3,low ss1
FG006,21,4,Low-Slow,1,80,0.87,-1,-45,0.08,1,0,0,1,3,low ss1
FG006,22,4,Low-Slow,3,5,0.32,-1,-46,0.56,0,1,1,0,3,low ss1
FG006,23,4,Low-Slow,3,5,0.3,-1,-47,0.03,0,0,0,1,3,low ss1
FG006,24,4,Low-Slow,2,15,0.21,-1,-48,0.24,0,1,1,0,3,low ss1
FG006,25,4,Low-Slow,1,15,0.55,-1,-49,0.42,0,1,1,0,3,low ss1
FG006,26,4,Low-Slow,1,15,0.05,1,-48,0.22,0,0,0,1,3,low ss1
FG006,27,4,Low-Slow,1,15,0.46,-1,-49,0.18,1,0,0,1,3,low ss1
FG006,28,4,Low-Slow,1,15,0.68,-1,-50,0.12,0,0,0,1,3,low ss1
FG006,29,4,Low-Slow,1,15,0.98,-1,-51,0.01,0,0,0,1,3,low ss1
FG006,30,4,Low-Slow,3,80,0.45,1,-50,0.01,0,1,1,0,3,low ss1
FG006,31,4,Low-Slow,3,80,0.14,1,-49,0.05,1,0,0,1,3,low ss1
FG006,32,4,Low-Slow,3,80,0.73,1,-48,0.05,1,0,0,1,3,low ss1
FG006,33,4,Low-Slow,3,80,0.01,1,-47,0.17,1,0,0,1,3,low ss1
FG006,34,4,Low-Slow,3,80,0.49,1,-46,0.03,1,0,0,1,3,low ss1
FG006,35,4,Low-Slow,3,80,0.63,1,-45,0.07,1,0,0,1,3,low ss1
FG006,36,4,Low-Slow,3,80,0.89,-1,-46,0.08,1,0,0,1,3,low ss1
FG006,37,4,Low-Slow,2,5,0.44,-1,-47,0.45,0,1,1,0,3,low ss1
FG006,38,4,Low-Slow,1,15,0.07,1,-46,0.12,0,1,1,0,3,low ss1
FG006,39,4,Low-Slow,1,15,0.29,-1,-47,0.03,1,0,0,1,3,low ss1
FG006,40,4,Low-Slow,3,80,0.05,1,-46,0.36,0,1,1,0,3,low ss1
FG006,41,4,Low-Slow,3,80,0.44,1,-45,0.12,1,0,0,1,3,low ss1
FG006,42,4,Low-Slow,3,80,0.65,1,-44,0.1,1,0,0,1,3,low ss1
FG006,43,4,Low-Slow,3,80,0.34,1,-43,0.08,1,0,0,1,3,low ss1
FG006,44,4,Low-Slow,3,80,0.22,1,-42,0.01,1,0,0,1,3,low ss1
FG006,45,4,Low-Slow,3,80,0.22,1,-41,0.17,1,0,0,1,3,low ss1
FG006,46,4,Low-Slow,3,80,0.72,1,-40,0.15,1,0,0,1,3,low ss1
FG006,47,4,Low-Slow,3,80,0.3,1,-39,0.24,1,0,0,1,3,low ss1
FG006,48,4,Low-Slow,3,80,0.33,1,-38,0.06,1,0,0,1,3,low ss1
FG006,49,4,Low-Slow,3,80,0.08,1,-37,0.02,1,0,0,1,3,low ss1
FG006,50,4,Low-Slow,3,80,0.16,1,-36,0.86,1,0,0,1,3,low ss1
FG007,151,1,High-Fast,3,15,0.16,-1,-1,4.26,0,0,0,0,5,high ss1
FG007,152,1,High-Fast,2,25,0.61,-1,-2,8.68,0,1,1,0,5,high ss1
FG007,153,1,High-Fast,1,60,0.8,-1,-3,1.15,0,1,1,0,5,high ss1
FG007,154,1,High-Fast,1,60,0.48,1,-2,0.37,0,0,0,1,5,high ss1
FG007,155,1,High-Fast,1,60,0.79,-1,-3,0.13,1,0,0,1,5,high ss1
FG007,156,1,High-Fast,1,60,0.53,1,-2,0.4,0,0,0,1,5,high ss1
FG007,157,1,High-Fast,3,15,0.46,-1,-3,0.27,0,0,1,0,5,high ss1
FG007,158,1,High-Fast,3,15,0.3,-1,-4,0.08,0,0,0,1,5,high ss1
FG007,159,1,High-Fast,3,15,0.32,-1,-5,0.35,0,0,0,1,5,high ss1
FG007,160,1,High-Fast,2,25,0.3,-1,-6,0.18,0,1,1,0,5,high ss1
FG007,161,1,High-Fast,1,25,0.7,-1,-7,0.13,0,1,1,0,5,high ss1
FG007,162,1,High-Fast,1,25,0.89,-1,-8,0.32,0,0,0,1,5,high ss1
FG007,163,1,High-Fast,2,15,0.72,-1,-9,1.98,0,1,1,0,5,high ss1
FG007,164,1,High-Fast,2,15,0.93,-1,-10,2.28,0,0,0,1,5,high ss1
FG007,165,1,High-Fast,1,25,0.39,-1,-11,0.48,0,1,1,0,5,high ss1
FG007,166,1,High-Fast,3,60,0.37,1,-10,0.44,0,1,1,0,5,high ss1
FG007,167,1,High-Fast,1,25,0.26,-1,-11,1.61,0,0,1,0,5,high ss1
FG007,168,1,High-Fast,2,15,0.89,-1,-12,5.45,0,1,1,0,5,high ss1
FG007,169,1,High-Fast,2,15,0.57,-1,-13,0.99,0,0,0,1,5,high ss1
FG007,170,1,High-Fast,3,60,0.95,-1,-14,0.25,0,1,1,0,5,high ss1
FG007,171,1,High-Fast,1,15,0.45,-1,-15,1.46,0,1,1,0,5,high ss1
FG007,172,1,High-Fast,1,15,0.58,-1,-16,2.3,0,0,0,1,5,high ss1
FG007,173,1,High-Fast,3,25,0.72,-1,-17,0.68,0,1,1,0,5,high ss1
FG007,174,1,High-Fast,2,60,0.13,1,-16,0.23,0,1,1,0,5,high ss1
FG007,175,1,High-Fast,1,15,0.94,-1,-17,6.33,0,0,1,0,5,high ss1
FG007,176,1,High-Fast,3,25,0.32,-1,-18,1.92,0,1,1,0,5,high ss1
FG007,177,1,High-Fast,2,60,0.78,-1,-19,0.33,0,1,1,0,5,high ss1
FG007,178,1,High-Fast,1,15,0.83,-1,-20,9.3,0,1,1,0,5,high ss1
FG007,179,1,High-Fast,2,60,0.48,1,-19,1.77,0,1,1,0,5,high ss1
FG007,180,1,High-Fast,3,25,0.53,-1,-20,0.88,0,0,1,0,5,high ss1
FG007,181,1,High-Fast,1,60,0.96,-1,-21,3.09,0,1,1,0,5,high ss1
FG007,182,1,High-Fast,3,25,0.08,1,-20,0.7,0,1,1,0,5,high ss1
FG007,183,1,High-Fast,2,15,0.54,-1,-21,15.4,0,0,1,0,5,high ss1
FG007,184,1,High-Fast,3,25,0.52,-1,-22,3.58,0,1,1,0,5,high ss1
FG007,185,1,High-Fast,1,60,0.35,1,-21,0.74,0,1,1,0,5,high ss1
FG007,186,1,High-Fast,3,25,0.63,-1,-22,0.58,0,0,1,0,5,high ss1
FG007,187,1,High-Fast,2,15,0.42,-1,-23,1.27,0,1,1,0,5,high ss1
FG007,188,1,High-Fast,1,60,0.68,-1,-24,2.22,0,1,1,0,5,high ss1
FG007,189,1,High-Fast,2,15,0.88,-1,-25,1.03,0,1,1,0,5,high ss1
FG007,190,1,High-Fast,3,25,0.74,-1,-26,2.01,0,1,1,0,5,high ss1
FG007,191,1,High-Fast,3,60,0.7,-1,-27,0.8,0,0,0,1,5,high ss1
FG007,192,1,High-Fast,3,60,0.01,1,-26,1.32,0,0,0,1,5,high ss1
FG007,193,1,High-Fast,3,60,0.45,1,-25,1.31,1,0,0,1,5,high ss1
FG007,194,1,High-Fast,1,15,0.06,1,-24,1.96,0,0,1,0,5,high ss1
FG007,195,1,High-Fast,2,25,0.16,1,-23,3.79,0,0,1,0,5,high ss1
FG007,196,1,High-Fast,1,15,0.54,-1,-24,4.29,0,0,1,0,5,high ss1
FG007,197,1,High-Fast,2,25,0.49,-1,-25,2.06,0,1,1,0,5,high ss1
FG007,198,1,High-Fast,3,60,0.28,1,-24,1.61,0,1,1,0,5,high ss1
FG007,199,1,High-Fast,1,15,0.83,-1,-25,1.31,0,0,1,0,5,high ss1
FG007,200,1,High-Fast,3,60,0.18,1,-24,0.56,0,1,1,0,5,high ss1
FG007,1,2,Low-Slow,2,15,0.21,-1,-25,12.6,0,0,1,0,5,high ss1
FG007,2,2,Low-Slow,1,80,0.31,1,-24,1.55,0,1,1,0,5,high ss1
FG007,3,2,Low-Slow,3,5,0.17,-1,-25,2.65,0,0,1,0,5,high ss1
FG007,4,2,Low-Slow,2,15,0.79,-1,-26,4.73,0,1,1,0,5,high ss1
FG007,5,2,Low-Slow,3,5,0.39,-1,-27,1.52,0,1,1,0,5,high ss1
FG007,6,2,Low-Slow,1,80,0.18,1,-26,1.8,0,1,1,0,5,high ss1
FG007,7,2,Low-Slow,2,15,0.42,-1,-27,3.82,0,0,1,0,5,high ss1
FG007,8,2,Low-Slow,1,80,0.26,1,-26,0.5,0,1,1,0,5,high ss1
FG007,9,2,Low-Slow,3,5,0.4,-1,-27,10.8,0,0,1,0,5,high ss1
FG007,10,2,Low-Slow,2,15,0.95,-1,-28,4.14,0,1,1,0,5,high ss1
FG007,11,2,Low-Slow,2,15,0.54,-1,-29,0.38,0,0,0,1,5,high ss1
FG007,12,2,Low-Slow,3,5,0.88,-1,-30,0.14,0,1,1,0,5,high ss1
FG007,13,2,Low-Slow,1,80,0.45,1,-29,0.44,0,1,1,0,5,high ss1
FG007,14,2,Low-Slow,3,5,0.02,1,-28,3.67,0,0,1,0,5,high ss1
FG007,15,2,Low-Slow,1,80,0.97,-1,-29,2.36,0,0,1,0,5,high ss1
FG007,16,2,Low-Slow,2,15,0.32,-1,-30,1.18,0,1,1,0,5,high ss1
FG007,17,2,Low-Slow,3,5,0.7,-1,-31,1.85,0,1,1,0,5,high ss1
FG007,18,2,Low-Slow,1,80,0.99,-1,-32,0.3,0,1,1,0,5,high ss1
FG007,19,2,Low-Slow,1,80,0.14,1,-31,0.43,0,0,0,1,5,high ss1
FG007,20,2,Low-Slow,2,15,0.64,-1,-32,2.58,0,0,1,0,5,high ss1
FG007,21,2,Low-Slow,1,80,0.63,1,-31,0.95,0,1,1,0,5,high ss1
FG007,22,2,Low-Slow,3,5,0.66,-1,-32,1.93,0,0,1,0,5,high ss1
FG007,23,2,Low-Slow,1,80,0.65,1,-31,1.45,0,1,1,0,5,high ss1
FG007,24,2,Low-Slow,2,15,0.43,-1,-32,1.99,0,0,1,0,5,high ss1
FG007,25,2,Low-Slow,1,15,0.14,1,-31,1.15,0,1,1,0,5,high ss1
FG007,26,2,Low-Slow,1,15,0.19,-1,-32,0.41,1,0,0,1,5,high ss1
FG007,27,2,Low-Slow,1,15,0.07,1,-31,0.36,0,0,0,1,5,high ss1
FG007,28,2,Low-Slow,3,80,0.24,1,-30,0.41,0,0,1,0,5,high ss1
FG007,29,2,Low-Slow,1,15,0.12,1,-29,0.54,0,0,1,0,5,high ss1
FG007,30,2,Low-Slow,2,5,0.35,-1,-30,1.14,0,0,1,0,5,high ss1
FG007,31,2,Low-Slow,1,15,0.35,-1,-31,0.24,0,1,1,0,5,high ss1
FG007,32,2,Low-Slow,3,80,0.92,-1,-32,0.94,0,1,1,0,5,high ss1
FG007,33,2,Low-Slow,1,15,0.19,-1,-33,1.75,0,1,1,0,5,high ss1
FG007,34,2,Low-Slow,3,80,0.23,1,-32,0.81,0,1,1,0,5,high ss1
FG007,35,2,Low-Slow,2,5,0.31,-1,-33,1.28,0,0,1,0,5,high ss1
FG007,36,2,Low-Slow,3,80,0.7,1,-32,2.94,0,1,1,0,5,high ss1
FG007,37,2,Low-Slow,1,15,0.6,-1,-33,0.46,0,0,1,0,5,high ss1
FG007,38,2,Low-Slow,2,5,0.74,-1,-34,0.54,0,1,1,0,5,high ss1
FG007,39,2,Low-Slow,3,80,0.51,1,-33,0.41,0,1,1,0,5,high ss1
FG007,40,2,Low-Slow,2,5,0.62,-1,-34,2.28,0,0,1,0,5,high ss1
FG007,41,2,Low-Slow,1,15,0.1,1,-33,0.09,0,1,1,0,5,high ss1
FG007,42,2,Low-Slow,1,15,0.95,-1,-34,1.26,1,0,0,1,5,high ss1
FG007,43,2,Low-Slow,3,80,0.17,1,-33,0.17,0,1,1,0,5,high ss1
FG007,44,2,Low-Slow,1,15,0.65,-1,-34,2.39,0,0,1,0,5,high ss1
FG007,45,2,Low-Slow,2,5,0.24,-1,-35,0.61,0,1,1,0,5,high ss1
FG007,46,2,Low-Slow,1,15,0.4,-1,-36,0.57,0,1,1,0,5,high ss1
FG007,47,2,Low-Slow,3,80,0.89,-1,-37,0.12,0,1,1,0,5,high ss1
FG007,48,2,Low-Slow,1,15,0.97,-1,-38,1.33,0,1,1,0,5,high ss1
FG007,49,2,Low-Slow,2,5,0.65,-1,-39,0.33,0,1,1,0,5,high ss1
FG007,50,2,Low-Slow,1,15,0.75,-1,-40,0.36,0,1,1,0,5,high ss1
FG007,101,3,High-Slow,1,60,0.42,1,-39,1.73,0,0,0,1,5,high ss1
FG007,102,3,High-Slow,1,60,0.47,1,-38,0.27,1,0,0,1,5,high ss1
FG007,103,3,High-Slow,1,60,0.97,-1,-39,0.28,1,0,0,1,5,high ss1
FG007,104,3,High-Slow,2,25,0.48,-1,-40,0.01,0,1,1,0,5,high ss1
FG007,105,3,High-Slow,1,60,0.07,1,-39,0.23,0,1,1,0,5,high ss1
FG007,106,3,High-Slow,3,15,0.72,-1,-40,0.07,0,0,1,0,5,high ss1
FG007,107,3,High-Slow,1,60,0.18,1,-39,0.25,0,1,1,0,5,high ss1
FG007,108,3,High-Slow,1,60,0.57,1,-38,0.13,1,0,0,1,5,high ss1
FG007,109,3,High-Slow,2,25,0.64,-1,-39,0.19,0,0,1,0,5,high ss1
FG007,110,3,High-Slow,1,60,0.73,-1,-40,1.33,0,1,1,0,5,high ss1
FG007,111,3,High-Slow,1,60,0.19,1,-39,0.84,0,0,0,1,5,high ss1
FG007,112,3,High-Slow,1,60,0.42,1,-38,1.36,1,0,0,1,5,high ss1
FG007,113,3,High-Slow,1,60,0.69,-1,-39,1.22,1,0,0,1,5,high ss1
FG007,114,3,High-Slow,1,60,0.01,1,-38,1.1,0,0,0,1,5,high ss1
FG007,115,3,High-Slow,1,60,0.33,1,-37,0.46,1,0,0,1,5,high ss1
FG007,116,3,High-Slow,2,25,0.56,-1,-38,0.92,0,0,1,0,5,high ss1
FG007,117,3,High-Slow,1,60,0.32,1,-37,0.34,0,1,1,0,5,high ss1
FG007,118,3,High-Slow,1,60,1.0,-1,-38,0.41,1,0,0,1,5,high ss1
FG007,119,3,High-Slow,1,60,0.88,-1,-39,0.79,0,0,0,1,5,high ss1
FG007,120,3,High-Slow,3,15,0.47,-1,-40,0.19,0,1,1,0,5,high ss1
FG007,121,3,High-Slow,1,60,0.25,1,-39,0.56,0,1,1,0,5,high ss1
FG007,122,3,High-Slow,1,60,0.67,-1,-40,0.71,1,0,0,1,5,high ss1
FG007,123,3,High-Slow,1,60,0.29,1,-39,0.25,0,0,0,1,5,high ss1
FG007,124,3,High-Slow,3,15,0.87,-1,-40,1.09,0,0,1,0,5,high ss1
FG007,125,3,High-Slow,1,60,0.11,1,-39,0.3,0,1,1,0,5,high ss1
FG007,126,3,High-Slow,1,15,0.4,-1,-40,0.32,1,0,0,1,5,high ss1
FG007,127,3,High-Slow,1,15,0.08,1,-39,0.16,0,0,0,1,5,high ss1
FG007,128,3,High-Slow,2,60,0.92,-1,-40,0.55,0,0,1,0,5,high ss1
FG007,129,3,High-Slow,1,15,0.62,-1,-41,0.78,0,1,1,0,5,high ss1
FG007,130,3,High-Slow,1,15,0.52,-1,-42,0.24,0,0,0,1,5,high ss1
FG007,131,3,High-Slow,3,25,0.19,1,-41,0.31,0,1,1,0,5,high ss1
FG007,132,3,High-Slow,1,15,0.59,-1,-42,1.67,0,0,1,0,5,high ss1
FG007,133,3,High-Slow,1,15,0.86,-1,-43,0.05,0,0,0,1,5,high ss1
FG007,134,3,High-Slow,3,25,0.05,1,-42,0.05,0,1,1,0,5,high ss1
FG007,135,3,High-Slow,2,60,0.75,-1,-43,1.71,0,0,1,0,5,high ss1
FG007,136,3,High-Slow,2,60,0.86,-1,-44,1.13,0,0,0,1,5,high ss1
FG007,137,3,High-Slow,1,15,0.03,1,-43,0.01,0,1,1,0,5,high ss1
FG007,138,3,High-Slow,3,25,0.27,-1,-44,0.56,0,0,1,0,5,high ss1
FG007,139,3,High-Slow,1,15,0.91,-1,-45,0.32,0,1,1,0,5,high ss1
FG007,140,3,High-Slow,2,60,0.85,-1,-46,0.27,0,1,1,0,5,high ss1
FG007,141,3,High-Slow,1,15,0.97,-1,-47,0.63,0,1,1,0,5,high ss1
FG007,142,3,High-Slow,3,25,0.8,-1,-48,0.11,0,1,1,0,5,high ss1
FG007,143,3,High-Slow,3,25,0.47,-1,-49,0.84,0,0,0,1,5,high ss1
FG007,144,3,High-Slow,2,60,0.88,-1,-50,0.68,0,1,1,0,5,high ss1
FG007,145,3,High-Slow,1,15,0.08,1,-49,0.25,0,1,1,0,5,high ss1
FG007,146,3,High-Slow,1,15,0.23,-1,-50,1.28,1,0,0,1,5,high ss1
FG007,147,3,High-Slow,1,15,0.25,-1,-51,0.1,0,0,0,1,5,high ss1
FG007,148,3,High-Slow,3,25,0.34,-1,-52,0.18,0,1,1,0,5,high ss1
FG007,149,3,High-Slow,2,60,0.6,-1,-53,0.18,0,1,1,0,5,high ss1
FG007,150,3,High-Slow,1,15,0.19,-1,-54,0.35,0,1,1,0,5,high ss1
FG007,51,4,Low-Fast,1,80,0.94,-1,-55,0.68,0,0,0,1,5,high ss1
FG007,52,4,Low-Fast,1,80,0.71,1,-54,0.28,0,0,0,1,5,high ss1
FG007,53,4,Low-Fast,2,15,0.38,-1,-55,2.81,0,0,1,0,5,high ss1
FG007,54,4,Low-Fast,2,15,0.66,-1,-56,0.47,0,0,0,1,5,high ss1
FG007,55,4,Low-Fast,1,80,0.04,1,-55,0.28,0,1,1,0,5,high ss1
FG007,56,4,Low-Fast,3,5,0.35,-1,-56,0.51,0,0,1,0,5,high ss1
FG007,57,4,Low-Fast,1,80,0.01,1,-55,0.44,0,1,1,0,5,high ss1
FG007,58,4,Low-Fast,3,5,0.96,-1,-56,0.61,0,0,1,0,5,high ss1
FG007,59,4,Low-Fast,1,80,0.17,1,-55,0.28,0,1,1,0,5,high ss1
FG007,60,4,Low-Fast,2,15,0.28,-1,-56,0.9,0,0,1,0,5,high ss1
FG007,61,4,Low-Fast,1,15,0.53,-1,-57,0.21,0,1,1,0,5,high ss1
FG007,62,4,Low-Fast,2,5,0.92,-1,-58,0.38,0,1,1,0,5,high ss1
FG007,63,4,Low-Fast,3,80,0.87,-1,-59,0.16,0,1,1,0,5,high ss1
FG007,64,4,Low-Fast,1,15,0.96,-1,-60,0.07,0,1,1,0,5,high ss1
FG007,65,4,Low-Fast,1,15,0.83,-1,-61,0.01,0,0,0,1,5,high ss1
FG007,66,4,Low-Fast,3,80,0.9,-1,-62,0.22,0,1,1,0,5,high ss1
FG007,67,4,Low-Fast,3,80,0.27,1,-61,0.32,0,0,0,1,5,high ss1
FG007,68,4,Low-Fast,1,15,0.88,-1,-62,1.44,0,0,1,0,5,high ss1
FG007,69,4,Low-Fast,1,15,0.79,-1,-63,2.1,0,0,0,1,5,high ss1
FG007,70,4,Low-Fast,3,80,0.01,1,-62,0.6,0,1,1,0,5,high ss1
FG007,71,4,Low-Fast,3,15,0.06,1,-61,1.01,1,0,0,1,5,high ss1
FG007,72,4,Low-Fast,3,15,0.4,-1,-62,1.37,1,0,0,1,5,high ss1
FG007,73,4,Low-Fast,2,80,0.93,-1,-63,1.01,0,1,1,0,5,high ss1
FG007,74,4,Low-Fast,1,5,0.97,-1,-64,0.4,0,1,1,0,5,high ss1
FG007,75,4,Low-Fast,1,5,0.57,-1,-65,0.16,0,0,0,1,5,high ss1
FG007,76,4,Low-Fast,3,15,0.88,-1,-66,0.17,0,1,1,0,5,high ss1
FG007,77,4,Low-Fast,2,80,0.65,1,-65,0.02,0,1,1,0,5,high ss1
FG007,78,4,Low-Fast,2,80,0.53,1,-64,0.38,1,0,0,1,5,high ss1
FG007,79,4,Low-Fast,1,5,0.8,-1,-65,3.27,0,0,1,0,5,high ss1
FG007,80,4,Low-Fast,1,5,0.7,-1,-66,0.86,0,0,0,1,5,high ss1
FG007,81,4,Low-Fast,3,15,0.57,-1,-67,0.19,0,1,1,0,5,high ss1
FG007,82,4,Low-Fast,2,5,0.72,-1,-68,0.9,0,1,1,0,5,high ss1
FG007,83,4,Low-Fast,2,5,0.71,-1,-69,0.44,0,0,0,1,5,high ss1
FG007,84,4,Low-Fast,1,80,0.1,1,-68,0.79,0,1,1,0,5,high ss1
FG007,85,4,Low-Fast,1,80,0.07,1,-67,0.16,1,0,0,1,5,high ss1
FG007,86,4,Low-Fast,3,15,0.26,-1,-68,1.83,0,0,1,0,5,high ss1
FG007,87,4,Low-Fast,3,15,0.36,-1,-69,2.3,0,0,0,1,5,high ss1
FG007,88,4,Low-Fast,1,80,0.31,1,-68,0.06,0,1,1,0,5,high ss1
FG007,89,4,Low-Fast,2,5,0.45,-1,-69,0.95,0,0,1,0,5,high ss1
FG007,90,4,Low-Fast,1,80,0.14,1,-68,0.16,0,1,1,0,5,high ss1
FG007,91,4,Low-Fast,2,80,0.01,1,-67,0.36,0,0,1,0,5,high ss1
FG007,92,4,Low-Fast,2,80,0.15,1,-66,0.56,1,0,0,1,5,high ss1
FG007,93,4,Low-Fast,3,5,0.59,-1,-67,0.27,0,0,1,0,5,high ss1
FG007,94,4,Low-Fast,1,15,0.6,-1,-68,0.33,0,1,1,0,5,high ss1
FG007,95,4,Low-Fast,1,15,0.79,-1,-69,1.73,0,0,0,1,5,high ss1
FG007,96,4,Low-Fast,3,5,0.75,-1,-70,0.38,0,1,1,0,5,high ss1
FG007,97,4,Low-Fast,2,80,0.89,-1,-71,0.43,0,1,1,0,5,high ss1
FG007,98,4,Low-Fast,2,80,0.38,1,-70,0.14,0,0,0,1,5,high ss1
FG007,99,4,Low-Fast,2,80,0.33,1,-69,0.16,1,0,0,1,5,high ss1
FG007,100,4,Low-Fast,1,15,0.25,-1,-70,0.75,0,0,1,0,5,high ss1
FG008,151,1,High-Fast,1,60,0.25,1,1,1.4,0,0,0,0,3,low ss1
FG008,152,1,High-Fast,1,60,0.41,1,2,0.39,1,0,0,1,3,low ss1
FG008,153,1,High-Fast,1,60,0.9,-1,1,0.09,1,0,0,1,3,low ss1
FG008,154,1,High-Fast,1,60,0.83,-1,0,0.35,0,0,0,1,3,low ss1
FG008,155,1,High-Fast,2,25,0.6,-1,-1,0.6,0,1,1,0,3,low ss1
FG008,156,1,High-Fast,3,15,0.4,-1,-2,0.13,0,1,1,0,3,low ss1
FG008,157,1,High-Fast,1,60,0.6,1,-1,0.43,0,1,1,0,3,low ss1
FG008,158,1,High-Fast,1,60,0.74,-1,-2,0.13,1,0,0,1,3,low ss1
FG008,159,1,High-Fast,1,60,0.88,-1,-3,0.36,0,0,0,1,3,low ss1
FG008,160,1,High-Fast,1,60,0.96,-1,-4,0.07,0,0,0,1,3,low ss1
FG008,161,1,High-Fast,1,25,0.84,-1,-5,1.25,0,0,0,1,3,low ss1
FG008,162,1,High-Fast,2,15,0.97,-1,-6,0.47,0,1,1,0,3,low ss1
FG008,163,1,High-Fast,1,25,0.77,-1,-7,0.18,0,1,1,0,3,low ss1
FG008,164,1,High-Fast,3,60,0.34,1,-6,0.19,0,1,1,0,3,low ss1
FG008,165,1,High-Fast,3,60,0.14,1,-5,0.26,1,0,0,1,3,low ss1
FG008,166,1,High-Fast,1,25,0.44,-1,-6,0.66,0,0,1,0,3,low ss1
FG008,167,1,High-Fast,2,15,0.48,-1,-7,0.05,0,1,1,0,3,low ss1
FG008,168,1,High-Fast,3,60,0.21,1,-6,0.19,0,1,1,0,3,low ss1
FG008,169,1,High-Fast,3,60,0.35,1,-5,0.22,1,0,0,1,3,low ss1
FG008,170,1,High-Fast,1,25,0.53,-1,-6,0.94,0,0,1,0,3,low ss1
FG008,171,1,High-Fast,3,25,0.63,-1,-7,0.01,0,1,1,0,3,low ss1
FG008,172,1,High-Fast,3,25,0.59,-1,-8,0.05,0,0,0,1,3,low ss1
FG008,173,1,High-Fast,2,60,0.57,1,-7,0.14,0,1,1,0,3,low ss1
FG008,174,1,High-Fast,2,60,0.06,1,-6,1.98,1,0,0,1,3,low ss1
FG008,175,1,High-Fast,2,60,0.11,1,-5,0.58,1,0,0,1,3,low ss1
FG008,176,1,High-Fast,1,15,0.55,-1,-6,0.05,0,0,1,0,3,low ss1
FG008,177,1,High-Fast,3,25,0.12,1,-5,0.33,0,1,1,0,3,low ss1
FG008,178,1,High-Fast,2,60,0.8,-1,-6,0.22,0,0,1,0,3,low ss1
FG008,179,1,High-Fast,3,25,0.01,1,-5,0.51,0,1,1,0,3,low ss1
FG008,180,1,High-Fast,3,25,0.42,-1,-6,0.29,1,0,0,1,3,low ss1
FG008,181,1,High-Fast,1,60,0.31,1,-5,0.16,0,1,1,0,3,low ss1
FG008,182,1,High-Fast,1,60,0.77,-1,-6,0.83,1,0,0,1,3,low ss1
FG008,183,1,High-Fast,2,15,0.16,-1,-7,0.45,0,1,1,0,3,low ss1
FG008,184,1,High-Fast,3,25,0.69,-1,-8,0.57,0,1,1,0,3,low ss1
FG008,185,1,High-Fast,1,60,0.47,1,-7,0.49,0,1,1,0,3,low ss1
FG008,186,1,High-Fast,1,60,0.03,1,-6,1.59,1,0,0,1,3,low ss1
FG008,187,1,High-Fast,1,60,0.36,1,-5,1.35,1,0,0,1,3,low ss1
FG008,188,1,High-Fast,3,25,0.74,-1,-6,1.44,0,0,1,0,3,low ss1
FG008,189,1,High-Fast,1,60,0.95,-1,-7,7.15,0,1,1,0,3,low ss1
FG008,190,1,High-Fast,3,25,0.75,-1,-8,1.36,0,1,1,0,3,low ss1
FG008,191,1,High-Fast,1,15,0.5,-1,-9,0.08,0,1,1,0,3,low ss1
FG008,192,1,High-Fast,1,15,0.98,-1,-10,0.77,0,0,0,1,3,low ss1
FG008,193,1,High-Fast,3,60,0.68,-1,-11,0.01,0,1,1,0,3,low ss1
FG008,194,1,High-Fast,2,25,0.91,-1,-12,0.15,0,1,1,0,3,low ss1
FG008,195,1,High-Fast,1,15,0.75,-1,-13,0.34,0,1,1,0,3,low ss1
FG008,196,1,High-Fast,1,15,0.54,-1,-14,0.2,0,0,0,1,3,low ss1
FG008,197,1,High-Fast,3,60,0.39,1,-13,0.38,0,1,1,0,3,low ss1
FG008,198,1,High-Fast,3,60,0.89,-1,-14,0.01,1,0,0,1,3,low ss1
FG008,199,1,High-Fast,1,15,0.78,-1,-15,0.8,0,1,1,0,3,low ss1
FG008,200,1,High-Fast,3,60,0.29,1,-14,0.17,0,1,1,0,3,low ss1
FG008,51,2,Low-Fast,1,80,0.67,1,-13,1.05,0,0,1,0,3,low ss1
FG008,52,2,Low-Fast,1,80,0.54,1,-12,0.19,1,0,0,1,3,low ss1
FG008,53,2,Low-Fast,1,80,0.27,1,-11,0.07,1,0,0,1,3,low ss1
FG008,54,2,Low-Fast,1,80,0.98,-1,-12,0.01,1,0,0,1,3,low ss1
FG008,55,2,Low-Fast,3,5,0.1,-1,-13,0.35,0,1,1,0,3,low ss1
FG008,56,2,Low-Fast,3,5,0.03,1,-12,0.07,0,0,0,1,3,low ss1
FG008,57,2,Low-Fast,3,5,0.62,-1,-13,0.06,1,0,0,1,3,low ss1
FG008,58,2,Low-Fast,2,15,0.28,-1,-14,0.57,0,1,1,0,3,low ss1
FG008,59,2,Low-Fast,2,15,0.27,-1,-15,0.24,0,0,0,1,3,low ss1
FG008,60,2,Low-Fast,2,15,0.94,-1,-16,0.01,0,0,0,1,3,low ss1
FG008,61,2,Low-Fast,2,5,0.57,-1,-17,0.22,0,0,0,1,3,low ss1
FG008,62,2,Low-Fast,1,15,0.94,-1,-18,0.2,0,1,1,0,3,low ss1
FG008,63,2,Low-Fast,1,15,0.95,-1,-19,0.1,0,0,0,1,3,low ss1
FG008,64,2,Low-Fast,1,15,0.37,-1,-20,0.36,0,0,0,1,3,low ss1
FG008,65,2,Low-Fast,3,80,0.77,1,-19,0.07,0,1,1,0,3,low ss1
FG008,66,2,Low-Fast,3,80,0.26,1,-18,0.07,1,0,0,1,3,low ss1
FG008,67,2,Low-Fast,3,80,0.64,1,-17,0.21,1,0,0,1,3,low ss1
FG008,68,2,Low-Fast,3,80,0.54,1,-16,0.28,1,0,0,1,3,low ss1
FG008,69,2,Low-Fast,3,80,0.86,-1,-17,0.22,1,0,0,1,3,low ss1
FG008,70,2,Low-Fast,1,15,0.37,-1,-18,0.11,0,1,1,0,3,low ss1
FG008,71,2,Low-Fast,1,5,0.33,-1,-19,0.2,0,0,0,1,3,low ss1
FG008,72,2,Low-Fast,2,80,0.68,1,-18,0.18,0,1,1,0,3,low ss1
FG008,73,2,Low-Fast,2,80,0.67,1,-17,0.37,1,0,0,1,3,low ss1
FG008,74,2,Low-Fast,2,80,0.27,1,-16,0.2,1,0,0,1,3,low ss1
FG008,75,2,Low-Fast,2,80,0.15,1,-15,0.26,1,0,0,1,3,low ss1
FG008,76,2,Low-Fast,2,80,0.37,1,-14,0.31,1,0,0,1,3,low ss1
FG008,77,2,Low-Fast,2,80,0.1,1,-13,0.28,1,0,0,1,3,low ss1
FG008,78,2,Low-Fast,2,80,0.67,1,-12,0.2,1,0,0,1,3,low ss1
FG008,79,2,Low-Fast,2,80,0.85,-1,-13,0.07,1,0,0,1,3,low ss1
FG008,80,2,Low-Fast,3,15,0.07,1,-12,0.28,0,1,1,0,3,low ss1
FG008,81,2,Low-Fast,3,15,0.96,-1,-13,0.05,1,0,0,1,3,low ss1
FG008,82,2,Low-Fast,1,80,0.03,1,-12,0.1,0,1,1,0,3,low ss1
FG008,83,2,Low-Fast,1,80,0.03,1,-11,0.09,1,0,0,1,3,low ss1
FG008,84,2,Low-Fast,1,80,0.97,-1,-12,0.03,1,0,0,1,3,low ss1
FG008,85,2,Low-Fast,2,5,0.17,-1,-13,0.17,0,1,1,0,3,low ss1
FG008,86,2,Low-Fast,3,15,0.05,1,-12,0.19,0,1,1,0,3,low ss1
FG008,87,2,Low-Fast,3,15,0.13,1,-11,0.24,1,0,0,1,3,low ss1
FG008,88,2,Low-Fast,3,15,0.12,1,-10,0.2,1,0,0,1,3,low ss1
FG008,89,2,Low-Fast,3,15,0.69,-1,-11,0.1,1,0,0,1,3,low ss1
FG008,90,2,Low-Fast,1,80,0.07,1,-10,0.21,0,1,1,0,3,low ss1
FG008,91,2,Low-Fast,1,15,0.21,-1,-11,0.01,1,0,0,1,3,low ss1
FG008,92,2,Low-Fast,3,5,0.42,-1,-12,0.44,0,1,1,0,3,low ss1
FG008,93,2,Low-Fast,2,80,0.76,1,-11,0.05,0,1,1,0,3,low ss1
FG008,94,2,Low-Fast,2,80,0.71,1,-10,0.01,1,0,0,1,3,low ss1
FG008,95,2,Low-Fast,2,80,0.47,1,-9,0.23,1,0,0,1,3,low ss1
FG008,96,2,Low-Fast,3,5,0.78,-1,-10,0.86,0,0,1,0,3,low ss1
FG008,97,2,Low-Fast,1,15,0.02,1,-9,0.03,0,1,1,0,3,low ss1
FG008,98,2,Low-Fast,1,15,0.1,1,-8,0.11,1,0,0,1,3,low ss1
FG008,99,2,Low-Fast,1,15,0.96,-1,-9,0.26,1,0,0,1,3,low ss1
FG008,100,2,Low-Fast,3,5,0.35,-1,-10,0.07,0,1,1,0,3,low ss1
FG008,101,3,High-Slow,1,60,0.88,-1,-11,1.35,0,1,1,0,3,low ss1
FG008,102,3,High-Slow,1,60,0.22,1,-10,0.02,0,0,0,1,3,low ss1
FG008,103,3,High-Slow,1,60,0.74,-1,-11,0.04,1,0,0,1,3,low ss1
FG008,104,3,High-Slow,3,15,0.25,-1,-12,0.01,0,1,1,0,3,low ss1
FG008,105,3,High-Slow,2,25,0.64,-1,-13,0.11,0,1,1,0,3,low ss1
FG008,106,3,High-Slow,1,60,0.76,-1,-14,0.12,0,1,1,0,3,low ss1
FG008,107,3,High-Slow,1,60,0.35,1,-13,0.1,0,0,0,1,3,low ss1
FG008,108,3,High-Slow,1,60,0.39,1,-12,0.13,1,0,0,1,3,low ss1
FG008,109,3,High-Slow,1,60,0.66,-1,-13,0.16,1,0,0,1,3,low ss1
FG008,110,3,High-Slow,3,15,0.71,-1,-14,0.32,0,1,1,0,3,low ss1
FG008,111,3,High-Slow,3,15,0.84,-1,-15,0.02,0,0,0,1,3,low ss1
FG008,112,3,High-Slow,2,25,0.68,-1,-16,0.32,0,1,1,0,3,low ss1
FG008,113,3,High-Slow,2,25,0.09,1,-15,0.36,0,0,0,1,3,low ss1
FG008,114,3,High-Slow,2,25,0.48,-1,-16,0.16,1,0,0,1,3,low ss1
FG008,115,3,High-Slow,3,15,0.24,-1,-17,0.28,0,1,1,0,3,low ss1
FG008,116,3,High-Slow,3,15,0.06,1,-16,0.23,0,0,0,1,3,low ss1
FG008,117,3,High-Slow,3,15,0.12,1,-15,0.2,1,0,0,1,3,low ss1
FG008,118,3,High-Slow,1,60,0.54,1,-14,0.67,0,0,1,0,3,low ss1
FG008,119,3,High-Slow,3,15,0.21,-1,-15,0.28,0,0,1,0,3,low ss1
FG008,120,3,High-Slow,1,60,0.9,-1,-16,0.05,0,1,1,0,3,low ss1
FG008,121,3,High-Slow,3,15,0.26,-1,-17,0.11,0,1,1,0,3,low ss1
FG008,122,3,High-Slow,2,25,0.32,-1,-18,0.14,0,1,1,0,3,low ss1
FG008,123,3,High-Slow,3,15,0.2,-1,-19,0.19,0,1,1,0,3,low ss1
FG008,124,3,High-Slow,1,60,0.17,1,-18,0.08,0,1,1,0,3,low ss1
FG008,125,3,High-Slow,1,60,0.02,1,-17,0.02,1,0,0,1,3,low ss1
FG008,126,3,High-Slow,1,15,0.65,-1,-18,0.23,1,0,0,1,3,low ss1
FG008,127,3,High-Slow,3,25,0.68,-1,-19,0.11,0,1,1,0,3,low ss1
FG008,128,3,High-Slow,2,60,0.08,1,-18,0.67,0,1,1,0,3,low ss1
FG008,129,3,High-Slow,2,60,0.28,1,-17,0.4,1,0,0,1,3,low ss1
FG008,130,3,High-Slow,3,25,0.81,-1,-18,0.85,0,0,1,0,3,low ss1
FG008,131,3,High-Slow,2,60,0.65,-1,-19,0.15,0,1,1,0,3,low ss1
FG008,132,3,High-Slow,1,15,0.07,1,-18,0.06,0,1,1,0,3,low ss1
FG008,133,3,High-Slow,1,15,0.93,-1,-19,0.03,1,0,0,1,3,low ss1
FG008,134,3,High-Slow,3,25,0.39,-1,-20,0.21,0,1,1,0,3,low ss1
FG008,135,3,High-Slow,2,60,0.7,-1,-21,0.34,0,1,1,0,3,low ss1
FG008,136,3,High-Slow,1,15,0.93,-1,-22,0.32,0,1,1,0,3,low ss1
FG008,137,3,High-Slow,3,25,0.86,-1,-23,0.03,0,1,1,0,3,low ss1
FG008,138,3,High-Slow,2,60,0.71,-1,-24,0.31,0,1,1,0,3,low ss1
FG008,139,3,High-Slow,1,15,0.64,-1,-25,0.21,0,1,1,0,3,low ss1
FG008,140,3,High-Slow,3,25,0.33,-1,-26,0.12,0,1,1,0,3,low ss1
FG008,141,3,High-Slow,1,15,0.92,-1,-27,0.65,0,1,1,0,3,low ss1
FG008,142,3,High-Slow,3,25,0.08,1,-26,0.22,0,1,1,0,3,low ss1
FG008,143,3,High-Slow,3,25,0.51,-1,-27,0.16,1,0,0,1,3,low ss1
FG008,144,3,High-Slow,2,60,0.91,-1,-28,0.45,0,1,1,0,3,low ss1
FG008,145,3,High-Slow,1,15,0.2,-1,-29,0.8,0,1,1,0,3,low ss1
FG008,146,3,High-Slow,3,25,0.22,1,-28,0.09,0,1,1,0,3,low ss1
FG008,147,3,High-Slow,3,25,0.64,-1,-29,0.25,1,0,0,1,3,low ss1
FG008,148,3,High-Slow,2,60,0.46,1,-28,0.56,0,1,1,0,3,low ss1
FG008,149,3,High-Slow,2,60,0.81,-1,-29,0.35,1,0,0,1,3,low ss1
FG008,150,3,High-Slow,1,15,0.94,-1,-30,0.01,0,1,1,0,3,low ss1
FG008,1,4,Low-Slow,1,80,0.25,1,-29,1.99,0,0,0,1,3,low ss1
FG008,2,4,Low-Slow,1,80,0.3,1,-28,0.17,1,0,0,1,3,low ss1
FG008,3,4,Low-Slow,3,5,0.06,-1,-29,0.89,0,0,1,0,3,low ss1
FG008,4,4,Low-Slow,1,80,0.49,1,-28,0.01,0,1,1,0,3,low ss1
FG008,5,4,Low-Slow,1,80,0.09,1,-27,0.14,1,0,0,1,3,low ss1
FG008,6,4,Low-Slow,1,80,0.54,1,-26,0.09,1,0,0,1,3,low ss1
FG008,7,4,Low-Slow,1,80,0.29,1,-25,0.17,1,0,0,1,3,low ss1
FG008,8,4,Low-Slow,1,80,0.1,1,-24,0.06,1,0,0,1,3,low ss1
FG008,9,4,Low-Slow,1,80,0.85,-1,-25,0.01,1,0,0,1,3,low ss1
FG008,10,4,Low-Slow,2,15,0.51,-1,-26,0.05,0,1,1,0,3,low ss1
FG008,11,4,Low-Slow,3,5,0.05,-1,-27,0.12,0,1,1,0,3,low ss1
FG008,12,4,Low-Slow,1,80,0.28,1,-26,0.44,0,1,1,0,3,low ss1
FG008,13,4,Low-Slow,1,80,0.55,1,-25,0.27,1,0,0,1,3,low ss1
FG008,14,4,Low-Slow,1,80,0.02,1,-24,0.22,1,0,0,1,3,low ss1
FG008,15,4,Low-Slow,1,80,0.75,1,-23,0.01,1,0,0,1,3,low ss1
FG008,16,4,Low-Slow,1,80,0.73,1,-22,0.11,1,0,0,1,3,low ss1
FG008,17,4,Low-Slow,1,80,0.35,1,-21,0.01,1,0,0,1,3,low ss1
FG008,18,4,Low-Slow,1,80,0.64,1,-20,0.08,1,0,0,1,3,low ss1
FG008,19,4,Low-Slow,1,80,0.31,1,-19,0.14,1,0,0,1,3,low ss1
FG008,20,4,Low-Slow,1,80,0.95,-1,-20,0.21,1,0,0,1,3,low ss1
FG008,21,4,Low-Slow,1,80,0.85,-1,-21,0.01,0,0,0,1,3,low ss1
FG008,22,4,Low-Slow,1,80,0.87,-1,-22,0.01,0,0,0,1,3,low ss1
FG008,23,4,Low-Slow,3,5,0.68,-1,-23,0.08,0,1,1,0,3,low ss1
FG008,24,4,Low-Slow,2,15,0.71,-1,-24,0.01,0,1,1,0,3,low ss1
FG008,25,4,Low-Slow,1,15,0.73,-1,-25,0.21,0,1,1,0,3,low ss1
FG008,26,4,Low-Slow,1,15,0.38,-1,-26,0.04,0,0,0,1,3,low ss1
FG008,27,4,Low-Slow,1,15,0.55,-1,-27,0.12,0,0,0,1,3,low ss1
FG008,28,4,Low-Slow,3,80,0.8,1,-26,0.01,0,1,1,0,3,low ss1
FG008,29,4,Low-Slow,3,80,0.42,1,-25,0.01,1,0,0,1,3,low ss1
FG008,30,4,Low-Slow,3,80,0.03,1,-24,0.09,1,0,0,1,3,low ss1
FG008,31,4,Low-Slow,3,80,0.72,1,-23,0.21,1,0,0,1,3,low ss1
FG008,32,4,Low-Slow,3,80,0.34,1,-22,0.24,1,0,0,1,3,low ss1
FG008,33,4,Low-Slow,3,80,0.38,1,-21,0.11,1,0,0,1,3,low ss1
FG008,34,4,Low-Slow,3,80,0.26,1,-20,0.11,1,0,0,1,3,low ss1
FG008,35,4,Low-Slow,3,80,0.05,1,-19,0.17,1,0,0,1,3,low ss1
FG008,36,4,Low-Slow,3,80,0.8,1,-18,0.16,1,0,0,1,3,low ss1
FG008,37,4,Low-Slow,3,80,0.12,1,-17,0.14,1,0,0,1,3,low ss1
FG008,38,4,Low-Slow,3,80,0.22,1,-16,0.1,1,0,0,1,3,low ss1
FG008,39,4,Low-Slow,3,80,0.29,1,-15,0.2,1,0,0,1,3,low ss1
FG008,40,4,Low-Slow,3,80,0.03,1,-14,0.01,1,0,0,1,3,low ss1
FG008,41,4,Low-Slow,3,80,0.62,1,-13,0.15,1,0,0,1,3,low ss1
FG008,42,4,Low-Slow,3,80,0.76,1,-12,0.15,1,0,0,1,3,low ss1
FG008,43,4,Low-Slow,3,80,0.92,-1,-13,0.26,1,0,0,1,3,low ss1
FG008,44,4,Low-Slow,2,5,0.76,-1,-14,0.16,0,1,1,0,3,low ss1
FG008,45,4,Low-Slow,1,15,0.45,-1,-15,0.19,0,1,1,0,3,low ss1
FG008,46,4,Low-Slow,3,80,0.45,1,-14,0.06,0,1,1,0,3,low ss1
FG008,47,4,Low-Slow,3,80,0.66,1,-13,0.12,1,0,0,1,3,low ss1
FG008,48,4,Low-Slow,3,80,0.56,1,-12,0.28,1,0,0,1,3,low ss1
FG008,49,4,Low-Slow,3,80,0.61,1,-11,0.26,1,0,0,1,3,low ss1
FG008,50,4,Low-Slow,3,80,0.99,-1,-12,0.26,1,0,0,1,3,low ss1
FG009,51,1,Low-Fast,1,80,0.07,1,1,1.54,0,0,0,0,1,low ss1
FG009,52,1,Low-Fast,2,15,0.85,-1,0,1.58,0,0,1,0,1,low ss1
FG009,53,1,Low-Fast,3,5,0.43,-1,-1,0.97,0,1,1,0,1,low ss1
FG009,54,1,Low-Fast,3,5,0.52,-1,-2,1.06,0,0,0,1,1,low ss1
FG009,55,1,Low-Fast,3,5,0.03,1,-1,0.11,0,0,0,1,1,low ss1
FG009,56,1,Low-Fast,2,15,0.21,-1,-2,1.39,0,0,1,0,1,low ss1
FG009,57,1,Low-Fast,1,80,0.28,1,-1,0.85,0,1,1,0,1,low ss1
FG009,58,1,Low-Fast,2,15,0.67,-1,-2,1.72,0,0,1,0,1,low ss1
FG009,59,1,Low-Fast,2,15,0.97,-1,-3,0.02,0,0,0,1,1,low ss1
FG009,60,1,Low-Fast,2,15,0.61,-1,-4,0.01,0,0,0,1,1,low ss1
FG009,61,1,Low-Fast,3,80,0.09,1,-3,0.56,0,1,1,0,1,low ss1
FG009,62,1,Low-Fast,1,15,0.58,-1,-4,2.65,0,0,1,0,1,low ss1
FG009,63,1,Low-Fast,1,15,0.86,-1,-5,2.67,0,0,0,1,1,low ss1
FG009,64,1,Low-Fast,1,15,0.4,-1,-6,0.35,0,0,0,1,1,low ss1
FG009,65,1,Low-Fast,1,15,0.72,-1,-7,0.35,0,0,0,1,1,low ss1
FG009,66,1,Low-Fast,1,15,0.05,1,-6,0.37,0,0,0,1,1,low ss1
FG009,67,1,Low-Fast,2,5,0.88,-1,-7,1.09,0,0,1,0,1,low ss1
FG009,68,1,Low-Fast,3,80,0.03,1,-6,0.42,0,1,1,0,1,low ss1
FG009,69,1,Low-Fast,3,80,0.33,1,-5,0.62,1,0,0,1,1,low ss1
FG009,70,1,Low-Fast,3,80,0.13,1,-4,0.35,1,0,0,1,1,low ss1
FG009,71,1,Low-Fast,3,15,0.54,-1,-5,0.13,1,0,0,1,1,low ss1
FG009,72,1,Low-Fast,3,15,0.0,1,-4,0.25,0,0,0,1,1,low ss1
FG009,73,1,Low-Fast,1,5,0.7,-1,-5,0.82,0,0,1,0,1,low ss1
FG009,74,1,Low-Fast,1,5,1.0,-1,-6,0.14,0,0,0,1,1,low ss1
FG009,75,1,Low-Fast,1,5,0.06,-1,-7,0.38,0,0,0,1,1,low ss1
FG009,76,1,Low-Fast,2,80,0.74,1,-6,0.54,0,1,1,0,1,low ss1
FG009,77,1,Low-Fast,2,80,0.01,1,-5,0.37,1,0,0,1,1,low ss1
FG009,78,1,Low-Fast,2,80,0.06,1,-4,0.23,1,0,0,1,1,low ss1
FG009,79,1,Low-Fast,3,15,0.7,-1,-5,1.15,0,0,1,0,1,low ss1
FG009,80,1,Low-Fast,1,5,0.37,-1,-6,0.45,0,1,1,0,1,low ss1
FG009,81,1,Low-Fast,1,80,0.1,1,-5,0.64,0,0,0,1,1,low ss1
FG009,82,1,Low-Fast,3,15,0.78,-1,-6,1.62,0,0,1,0,1,low ss1
FG009,83,1,Low-Fast,2,5,0.86,-1,-7,0.07,0,1,1,0,1,low ss1
FG009,84,1,Low-Fast,1,80,0.46,1,-6,0.2,0,1,1,0,1,low ss1
FG009,85,1,Low-Fast,1,80,0.57,1,-5,0.32,1,0,0,1,1,low ss1
FG009,86,1,Low-Fast,1,80,0.68,1,-4,0.29,1,0,0,1,1,low ss1
FG009,87,1,Low-Fast,3,15,0.73,-1,-5,0.91,0,0,1,0,1,low ss1
FG009,88,1,Low-Fast,1,80,0.21,1,-4,0.46,0,1,1,0,1,low ss1
FG009,89,1,Low-Fast,1,80,0.43,1,-3,0.87,1,0,0,1,1,low ss1
FG009,90,1,Low-Fast,1,80,0.81,-1,-4,0.09,1,0,0,1,1,low ss1
FG009,91,1,Low-Fast,2,80,0.94,-1,-5,0.12,0,1,1,0,1,low ss1
FG009,92,1,Low-Fast,2,80,0.6,1,-4,0.43,0,0,0,1,1,low ss1
FG009,93,1,Low-Fast,2,80,0.76,1,-3,0.2,1,0,0,1,1,low ss1
FG009,94,1,Low-Fast,2,80,0.61,1,-2,0.07,1,0,0,1,1,low ss1
FG009,95,1,Low-Fast,2,80,0.29,1,-1,0.15,1,0,0,1,1,low ss1
FG009,96,1,Low-Fast,2,80,0.33,1,0,0.13,1,0,0,1,1,low ss1
FG009,97,1,Low-Fast,1,15,0.18,-1,-1,0.82,0,0,1,0,1,low ss1
FG009,98,1,Low-Fast,3,5,0.81,-1,-2,0.16,0,1,1,0,1,low ss1
FG009,99,1,Low-Fast,2,80,0.65,1,-1,0.01,0,1,1,0,1,low ss1
FG009,100,1,Low-Fast,2,80,0.27,1,0,0.07,1,0,0,1,1,low ss1
FG009,1,2,Low-Slow,1,80,0.25,1,1,4.75,0,0,1,0,1,low ss1
FG009,2,2,Low-Slow,1,80,0.49,1,2,0.56,1,0,0,1,1,low ss1
FG009,3,2,Low-Slow,1,80,0.74,1,3,0.17,1,0,0,1,1,low ss1
FG009,4,2,Low-Slow,1,80,0.5,1,4,0.22,1,0,0,1,1,low ss1
FG009,5,2,Low-Slow,1,80,0.97,-1,3,0.08,1,0,0,1,1,low ss1
FG009,6,2,Low-Slow,1,80,0.12,1,4,0.4,0,0,0,1,1,low ss1
FG009,7,2,Low-Slow,1,80,0.6,1,5,0.02,1,0,0,1,1,low ss1
FG009,8,2,Low-Slow,1,80,0.56,1,6,0.01,1,0,0,1,1,low ss1
FG009,9,2,Low-Slow,1,80,0.04,1,7,0.35,1,0,0,1,1,low ss1
FG009,10,2,Low-Slow,1,80,0.62,1,8,0.05,1,0,0,1,1,low ss1
FG009,11,2,Low-Slow,3,5,0.7,-1,7,0.73,0,0,1,0,1,low ss1
FG009,12,2,Low-Slow,1,80,0.17,1,8,0.02,0,1,1,0,1,low ss1
FG009,13,2,Low-Slow,1,80,0.63,1,9,0.02,1,0,0,1,1,low ss1
FG009,14,2,Low-Slow,1,80,0.21,1,10,0.02,1,0,0,1,1,low ss1
FG009,15,2,Low-Slow,1,80,0.32,1,11,0.04,1,0,0,1,1,low ss1
FG009,16,2,Low-Slow,1,80,0.77,1,12,1.64,1,0,0,1,1,low ss1
FG009,17,2,Low-Slow,1,80,0.27,1,13,0.04,1,0,0,1,1,low ss1
FG009,18,2,Low-Slow,1,80,0.06,1,14,0.02,1,0,0,1,1,low ss1
FG009,19,2,Low-Slow,1,80,0.51,1,15,0.01,1,0,0,1,1,low ss1
FG009,20,2,Low-Slow,1,80,0.26,1,16,0.21,1,0,0,1,1,low ss1
FG009,21,2,Low-Slow,1,80,0.48,1,17,0.13,1,0,0,1,1,low ss1
FG009,22,2,Low-Slow,1,80,0.79,1,18,0.02,1,0,0,1,1,low ss1
FG009,23,2,Low-Slow,1,80,0.91,-1,17,0.12,1,0,0,1,1,low ss1
FG009,24,2,Low-Slow,2,15,0.79,-1,16,0.28,0,1,1,0,1,low ss1
FG009,25,2,Low-Slow,1,15,0.6,-1,15,0.01,0,1,1,0,1,low ss1
FG009,26,2,Low-Slow,3,80,0.57,1,16,0.13,0,1,1,0,1,low ss1
FG009,27,2,Low-Slow,3,80,0.63,1,17,0.3,1,0,0,1,1,low ss1
FG009,28,2,Low-Slow,3,80,0.4,1,18,0.12,1,0,0,1,1,low ss1
FG009,29,2,Low-Slow,3,80,0.32,1,19,0.02,1,0,0,1,1,low ss1
FG009,30,2,Low-Slow,3,80,0.45,1,20,0.01,1,0,0,1,1,low ss1
FG009,31,2,Low-Slow,3,80,0.42,1,21,0.02,1,0,0,1,1,low ss1
FG009,32,2,Low-Slow,3,80,0.97,-1,20,0.02,1,0,0,1,1,low ss1
FG009,33,2,Low-Slow,2,5,0.8,-1,19,0.72,0,1,1,0,1,low ss1
FG009,34,2,Low-Slow,3,80,0.51,1,20,0.03,0,1,1,0,1,low ss1
FG009,35,2,Low-Slow,3,80,0.66,1,21,0.01,1,0,0,1,1,low ss1
FG009,36,2,Low-Slow,3,80,0.37,1,22,0.22,1,0,0,1,1,low ss1
FG009,37,2,Low-Slow,3,80,0.66,1,23,0.01,1,0,0,1,1,low ss1
FG009,38,2,Low-Slow,3,80,0.75,1,24,0.01,1,0,0,1,1,low ss1
FG009,39,2,Low-Slow,3,80,0.58,1,25,0.01,1,0,0,1,1,low ss1
FG009,40,2,Low-Slow,3,80,0.74,1,26,0.21,1,0,0,1,1,low ss1
FG009,41,2,Low-Slow,3,80,0.96,-1,25,0.05,1,0,0,1,1,low ss1
FG009,42,2,Low-Slow,1,15,0.03,1,26,0.33,0,1,1,0,1,low ss1
FG009,43,2,Low-Slow,1,15,0.57,-1,25,0.08,1,0,0,1,1,low ss1
FG009,44,2,Low-Slow,2,5,0.07,-1,24,0.31,0,1,1,0,1,low ss1
FG009,45,2,Low-Slow,3,80,0.14,1,25,0.13,0,1,1,0,1,low ss1
FG009,46,2,Low-Slow,3,80,0.68,1,26,0.01,1,0,0,1,1,low ss1
FG009,47,2,Low-Slow,3,80,0.53,1,27,0.22,1,0,0,1,1,low ss1
FG009,48,2,Low-Slow,3,80,0.05,1,28,0.01,1,0,0,1,1,low ss1
FG009,49,2,Low-Slow,3,80,0.75,1,29,0.02,1,0,0,1,1,low ss1
FG009,50,2,Low-Slow,3,80,0.72,1,30,0.01,1,0,0,1,1,low ss1
FG009,151,3,High-Fast,1,60,0.36,1,31,1.43,0,0,1,0,1,low ss1
FG009,152,3,High-Fast,1,60,0.21,1,32,0.18,1,0,0,1,1,low ss1
FG009,153,3,High-Fast,1,60,0.22,1,33,0.01,1,0,0,1,1,low ss1
FG009,154,3,High-Fast,1,60,0.16,1,34,0.01,1,0,0,1,1,low ss1
FG009,155,3,High-Fast,1,60,0.07,1,35,0.01,1,0,0,1,1,low ss1
FG009,156,3,High-Fast,1,60,0.24,1,36,0.02,1,0,0,1,1,low ss1
FG009,157,3,High-Fast,1,60,0.89,-1,35,0.02,1,0,0,1,1,low ss1
FG009,158,3,High-Fast,3,15,0.94,-1,34,0.26,0,1,1,0,1,low ss1
FG009,159,3,High-Fast,1,60,1.0,-1,33,0.24,0,1,1,0,1,low ss1
FG009,160,3,High-Fast,2,25,0.96,-1,32,0.01,0,1,1,0,1,low ss1
FG009,161,3,High-Fast,2,15,0.14,1,33,0.22,0,0,0,1,1,low ss1
FG009,162,3,High-Fast,2,15,0.1,1,34,0.11,1,0,0,1,1,low ss1
FG009,163,3,High-Fast,2,15,0.03,1,35,0.06,1,0,0,1,1,low ss1
FG009,164,3,High-Fast,2,15,0.3,-1,34,0.02,1,0,0,1,1,low ss1
FG009,165,3,High-Fast,2,15,0.7,-1,33,0.05,0,0,0,1,1,low ss1
FG009,166,3,High-Fast,1,25,0.03,1,34,0.04,0,1,1,0,1,low ss1
FG009,167,3,High-Fast,1,25,0.1,1,35,0.36,1,0,0,1,1,low ss1
FG009,168,3,High-Fast,1,25,0.62,-1,34,0.12,1,0,0,1,1,low ss1
FG009,169,3,High-Fast,3,60,0.85,-1,33,0.49,0,1,1,0,1,low ss1
FG009,170,3,High-Fast,2,15,0.62,-1,32,0.16,0,1,1,0,1,low ss1
FG009,171,3,High-Fast,2,60,0.73,-1,31,0.2,0,0,0,1,1,low ss1
FG009,172,3,High-Fast,3,25,0.51,-1,30,0.45,0,1,1,0,1,low ss1
FG009,173,3,High-Fast,1,15,0.48,-1,29,0.35,0,1,1,0,1,low ss1
FG009,174,3,High-Fast,1,15,0.29,-1,28,0.13,0,0,0,1,1,low ss1
FG009,175,3,High-Fast,1,15,0.81,-1,27,0.08,0,0,0,1,1,low ss1
FG009,176,3,High-Fast,3,25,0.45,-1,26,1.13,0,1,1,0,1,low ss1
FG009,177,3,High-Fast,3,25,0.32,-1,25,1.15,0,0,0,1,1,low ss1
FG009,178,3,High-Fast,3,25,0.5,-1,24,0.39,0,0,0,1,1,low ss1
FG009,179,3,High-Fast,2,60,0.01,1,25,0.45,0,1,1,0,1,low ss1
FG009,180,3,High-Fast,2,60,0.35,1,26,0.18,1,0,0,1,1,low ss1
FG009,181,3,High-Fast,2,15,0.57,-1,25,0.14,1,0,0,1,1,low ss1
FG009,182,3,High-Fast,3,25,0.33,-1,24,2.29,0,1,1,0,1,low ss1
FG009,183,3,High-Fast,3,25,0.01,1,25,0.93,0,0,0,1,1,low ss1
FG009,184,3,High-Fast,3,25,0.35,-1,24,0.11,1,0,0,1,1,low ss1
FG009,185,3,High-Fast,1,60,0.95,-1,23,0.55,0,1,1,0,1,low ss1
FG009,186,3,High-Fast,1,60,0.23,1,24,0.07,0,0,0,1,1,low ss1
FG009,187,3,High-Fast,2,15,0.94,-1,23,1.92,0,0,1,0,1,low ss1
FG009,188,3,High-Fast,2,15,0.63,-1,22,0.74,0,0,0,1,1,low ss1
FG009,189,3,High-Fast,3,25,0.5,-1,21,0.32,0,1,1,0,1,low ss1
FG009,190,3,High-Fast,2,15,0.86,-1,20,0.48,0,1,1,0,1,low ss1
FG009,191,3,High-Fast,2,25,0.35,-1,19,0.07,0,0,0,1,1,low ss1
FG009,192,3,High-Fast,2,25,0.01,1,20,0.13,0,0,0,1,1,low ss1
FG009,193,3,High-Fast,1,15,0.27,-1,19,1.3,0,0,1,0,1,low ss1
FG009,194,3,High-Fast,2,25,0.46,-1,18,0.25,0,1,1,0,1,low ss1
FG009,195,3,High-Fast,3,60,0.95,-1,17,0.31,0,1,1,0,1,low ss1
FG009,196,3,High-Fast,3,60,0.69,-1,16,2.95,0,0,0,1,1,low ss1
FG009,197,3,High-Fast,2,25,0.88,-1,15,1.91,0,1,1,0,1,low ss1
FG009,198,3,High-Fast,2,25,0.66,-1,14,0.01,0,0,0,1,1,low ss1
FG009,199,3,High-Fast,1,15,0.22,-1,13,1.71,0,1,1,0,1,low ss1
FG009,200,3,High-Fast,1,15,0.07,1,14,0.28,0,0,0,1,1,low ss1
FG009,101,4,High-Slow,1,60,0.05,1,15,1.83,1,0,0,1,1,low ss1
FG009,102,4,High-Slow,1,60,0.46,1,16,0.35,1,0,0,1,1,low ss1
FG009,103,4,High-Slow,1,60,0.3,1,17,0.32,1,0,0,1,1,low ss1
FG009,104,4,High-Slow,1,60,0.97,-1,16,0.2,1,0,0,1,1,low ss1
FG009,105,4,High-Slow,3,15,0.88,-1,15,2.22,0,1,1,0,1,low ss1
FG009,106,4,High-Slow,1,60,0.79,-1,14,1.03,0,1,1,0,1,low ss1
FG009,107,4,High-Slow,2,25,0.14,1,15,0.57,0,1,1,0,1,low ss1
FG009,108,4,High-Slow,2,25,0.67,-1,14,0.25,1,0,0,1,1,low ss1
FG009,109,4,High-Slow,3,15,0.75,-1,13,0.87,0,1,1,0,1,low ss1
FG009,110,4,High-Slow,3,15,0.42,-1,12,0.16,0,0,0,1,1,low ss1
FG009,111,4,High-Slow,1,60,0.55,1,13,0.53,0,1,1,0,1,low ss1
FG009,112,4,High-Slow,1,60,0.99,-1,12,0.13,1,0,0,1,1,low ss1
FG009,113,4,High-Slow,1,60,0.61,-1,11,0.45,0,0,0,1,1,low ss1
FG009,114,4,High-Slow,2,25,0.64,-1,10,0.61,0,1,1,0,1,low ss1
FG009,115,4,High-Slow,1,60,0.13,1,11,2.07,0,1,1,0,1,low ss1
FG009,116,4,High-Slow,1,60,0.76,-1,10,0.07,1,0,0,1,1,low ss1
FG009,117,4,High-Slow,1,60,1.0,-1,9,1.25,0,0,0,1,1,low ss1
FG009,118,4,High-Slow,3,15,0.13,1,10,0.26,0,1,1,0,1,low ss1
FG009,119,4,High-Slow,3,15,0.9,-1,9,0.34,1,0,0,1,1,low ss1
FG009,120,4,High-Slow,3,15,0.11,1,10,0.01,0,0,0,1,1,low ss1
FG009,121,4,High-Slow,2,25,0.09,1,11,1.16,0,0,1,0,1,low ss1
FG009,122,4,High-Slow,3,15,0.23,-1,10,0.13,0,0,1,0,1,low ss1
FG009,123,4,High-Slow,1,60,0.75,-1,9,0.59,0,1,1,0,1,low ss1
FG009,124,4,High-Slow,1,60,0.64,-1,8,0.25,0,0,0,1,1,low ss1
FG009,125,4,High-Slow,1,60,0.91,-1,7,0.33,0,0,0,1,1,low ss1
FG009,126,4,High-Slow,1,15,0.7,-1,6,0.13,0,0,0,1,1,low ss1
FG009,127,4,High-Slow,2,60,0.64,-1,5,0.83,0,1,1,0,1,low ss1
FG009,128,4,High-Slow,2,60,0.22,1,6,1.12,0,0,0,1,1,low ss1
FG009,129,4,High-Slow,2,60,0.29,1,7,0.63,1,0,0,1,1,low ss1
FG009,130,4,High-Slow,2,60,0.39,1,8,0.16,1,0,0,1,1,low ss1
FG009,131,4,High-Slow,2,60,0.06,1,9,0.39,1,0,0,1,1,low ss1
FG009,132,4,High-Slow,2,60,0.95,-1,8,0.08,1,0,0,1,1,low ss1
FG009,133,4,High-Slow,2,60,0.68,-1,7,0.33,0,0,0,1,1,low ss1
FG009,134,4,High-Slow,1,15,0.86,-1,6,0.27,0,1,1,0,1,low ss1
FG009,135,4,High-Slow,1,15,0.83,-1,5,0.05,0,0,0,1,1,low ss1
FG009,136,4,High-Slow,2,60,0.62,-1,4,1.72,0,1,1,0,1,low ss1
FG009,137,4,High-Slow,3,25,0.04,1,5,0.99,0,1,1,0,1,low ss1
FG009,138,4,High-Slow,3,25,0.36,-1,4,2.03,1,0,0,1,1,low ss1
FG009,139,4,High-Slow,2,60,0.8,-1,3,1.65,0,1,1,0,1,low ss1
FG009,140,4,High-Slow,1,15,0.58,-1,2,1.06,0,1,1,0,1,low ss1
FG009,141,4,High-Slow,1,15,0.57,-1,1,0.02,0,0,0,1,1,low ss1
FG009,142,4,High-Slow,2,60,0.14,1,2,1.27,0,1,1,0,1,low ss1
FG009,143,4,High-Slow,2,60,0.72,-1,1,0.34,1,0,0,1,1,low ss1
FG009,144,4,High-Slow,1,15,0.71,-1,0,2.95,0,1,1,0,1,low ss1
FG009,145,4,High-Slow,1,15,0.69,-1,-1,0.68,0,0,0,1,1,low ss1
FG009,146,4,High-Slow,3,25,0.73,-1,-2,0.78,0,1,1,0,1,low ss1
FG009,147,4,High-Slow,2,60,0.87,-1,-3,0.45,0,1,1,0,1,low ss1
FG009,148,4,High-Slow,1,15,0.98,-1,-4,0.45,0,1,1,0,1,low ss1
FG009,149,4,High-Slow,1,15,0.39,-1,-5,0.08,0,0,0,1,1,low ss1
FG009,150,4,High-Slow,1,15,0.26,-1,-6,1.65,0,0,0,1,1,low ss1
FG010,51,1,Low-Fast,2,15,0.73,-1,-1,3.56,0,0,0,0,5,high ss1
FG010,52,1,Low-Fast,1,80,0.6,1,0,19.55,0,1,1,0,5,high ss1
FG010,53,1,Low-Fast,1,80,0.95,-1,-1,17.52,1,0,0,1,5,high ss1
FG010,54,1,Low-Fast,3,5,0.04,1,0,4.46,0,1,1,0,5,high ss1
FG010,55,1,Low-Fast,3,5,0.42,-1,-1,5.15,1,0,0,1,5,high ss1
FG010,56,1,Low-Fast,1,80,0.71,1,0,2.43,0,1,1,0,5,high ss1
FG010,57,1,Low-Fast,2,15,0.41,-1,-1,2.17,0,0,1,0,5,high ss1
FG010,58,1,Low-Fast,3,5,0.2,-1,-2,1.28,0,1,1,0,5,high ss1
FG010,59,1,Low-Fast,1,80,0.79,1,-1,0.85,0,1,1,0,5,high ss1
FG010,60,1,Low-Fast,3,5,0.29,-1,-2,2.72,0,0,1,0,5,high ss1
FG010,61,1,Low-Fast,1,15,0.19,-1,-3,0.94,0,1,1,0,5,high ss1
FG010,62,1,Low-Fast,2,5,0.57,-1,-4,0.71,0,1,1,0,5,high ss1
FG010,63,1,Low-Fast,1,15,0.55,-1,-5,1.77,0,1,1,0,5,high ss1
FG010,64,1,Low-Fast,3,80,0.56,1,-4,0.79,0,1,1,0,5,high ss1
FG010,65,1,Low-Fast,1,15,0.73,-1,-5,3.82,0,0,1,0,5,high ss1
FG010,66,1,Low-Fast,3,80,0.12,1,-4,22.68,0,1,1,0,5,high ss1
FG010,67,1,Low-Fast,3,80,0.71,1,-3,0.53,1,0,0,1,5,high ss1
FG010,68,1,Low-Fast,3,80,0.22,1,-2,1.3,1,0,0,1,5,high ss1
FG010,69,1,Low-Fast,3,80,0.86,-1,-3,0.68,1,0,0,1,5,high ss1
FG010,70,1,Low-Fast,2,5,0.26,-1,-4,0.93,0,1,1,0,5,high ss1
FG010,71,1,Low-Fast,1,5,0.2,-1,-5,1.2,0,1,1,0,5,high ss1
FG010,72,1,Low-Fast,3,15,0.28,-1,-6,1.05,0,1,1,0,5,high ss1
FG010,73,1,Low-Fast,1,5,0.93,-1,-7,0.57,0,1,1,0,5,high ss1
FG010,74,1,Low-Fast,2,80,0.78,1,-6,1.15,0,1,1,0,5,high ss1
FG010,75,1,Low-Fast,2,80,0.51,1,-5,0.33,1,0,0,1,5,high ss1
FG010,76,1,Low-Fast,2,80,0.49,1,-4,0.28,1,0,0,1,5,high ss1
FG010,77,1,Low-Fast,2,80,0.85,-1,-5,0.56,1,0,0,1,5,high ss1
FG010,78,1,Low-Fast,3,15,0.83,-1,-6,1.06,0,1,1,0,5,high ss1
FG010,79,1,Low-Fast,1,5,0.62,-1,-7,0.38,0,1,1,0,5,high ss1
FG010,80,1,Low-Fast,3,15,0.61,-1,-8,0.96,0,1,1,0,5,high ss1
FG010,81,1,Low-Fast,2,5,0.87,-1,-9,0.55,0,1,1,0,5,high ss1
FG010,82,1,Low-Fast,1,80,0.35,1,-8,0.92,0,1,1,0,5,high ss1
FG010,83,1,Low-Fast,1,80,0.35,1,-7,0.34,1,0,0,1,5,high ss1
FG010,84,1,Low-Fast,1,80,0.76,1,-6,0.53,1,0,0,1,5,high ss1
FG010,85,1,Low-Fast,1,80,0.96,-1,-7,1.83,1,0,0,1,5,high ss1
FG010,86,1,Low-Fast,3,15,0.96,-1,-8,0.69,0,1,1,0,5,high ss1
FG010,87,1,Low-Fast,2,5,0.22,-1,-9,0.81,0,1,1,0,5,high ss1
FG010,88,1,Low-Fast,1,80,0.49,1,-8,1.27,0,1,1,0,5,high ss1
FG010,89,1,Low-Fast,1,80,0.08,1,-7,0.02,1,0,0,1,5,high ss1
FG010,90,1,Low-Fast,1,80,0.51,1,-6,0.71,1,0,0,1,5,high ss1
FG010,91,1,Low-Fast,3,5,0.55,-1,-7,2.06,0,0,1,0,5,high ss1
FG010,92,1,Low-Fast,2,80,0.47,1,-6,0.63,0,1,1,0,5,high ss1
FG010,93,1,Low-Fast,2,80,0.61,1,-5,0.42,1,0,0,1,5,high ss1
FG010,94,1,Low-Fast,2,80,0.97,-1,-6,0.4,1,0,0,1,5,high ss1
FG010,95,1,Low-Fast,3,5,0.16,-1,-7,0.6,0,1,1,0,5,high ss1
FG010,96,1,Low-Fast,1,15,0.81,-1,-8,0.44,0,1,1,0,5,high ss1
FG010,97,1,Low-Fast,2,80,0.14,1,-7,0.98,0,1,1,0,5,high ss1
FG010,98,1,Low-Fast,2,80,0.79,1,-6,0.28,1,0,0,1,5,high ss1
FG010,99,1,Low-Fast,2,80,0.88,-1,-7,0.29,1,0,0,1,5,high ss1
FG010,100,1,Low-Fast,3,5,0.69,-1,-8,1.08,0,1,1,0,5,high ss1
FG010,1,2,Low-Slow,1,80,0.64,1,-7,3.05,0,1,1,0,5,high ss1
FG010,2,2,Low-Slow,1,80,0.71,1,-6,0.63,1,0,0,1,5,high ss1
FG010,3,2,Low-Slow,1,80,0.89,-1,-7,0.48,1,0,0,1,5,high ss1
FG010,4,2,Low-Slow,2,15,0.14,1,-6,1.22,0,1,1,0,5,high ss1
FG010,5,2,Low-Slow,2,15,0.94,-1,-7,0.25,1,0,0,1,5,high ss1
FG010,6,2,Low-Slow,3,5,0.79,-1,-8,0.93,0,1,1,0,5,high ss1
FG010,7,2,Low-Slow,1,80,0.32,1,-7,2.37,0,1,1,0,5,high ss1
FG010,8,2,Low-Slow,1,80,0.41,1,-6,0.63,1,0,0,1,5,high ss1
FG010,9,2,Low-Slow,1,80,0.77,1,-5,0.47,1,0,0,1,5,high ss1
FG010,10,2,Low-Slow,1,80,0.51,1,-4,1.28,1,0,0,1,5,high ss1
FG010,11,2,Low-Slow,1,80,0.81,-1,-5,1.75,1,0,0,1,5,high ss1
FG010,12,2,Low-Slow,2,15,0.37,-1,-6,1.02,0,1,1,0,5,high ss1
FG010,13,2,Low-Slow,3,5,0.5,-1,-7,0.4,0,1,1,0,5,high ss1
FG010,14,2,Low-Slow,1,80,0.79,1,-6,0.48,0,1,1,0,5,high ss1
FG010,15,2,Low-Slow,1,80,0.9,-1,-7,0.31,1,0,0,1,5,high ss1
FG010,16,2,Low-Slow,2,15,0.83,-1,-8,0.7,0,1,1,0,5,high ss1
FG010,17,2,Low-Slow,3,5,0.82,-1,-9,0.67,0,1,1,0,5,high ss1
FG010,18,2,Low-Slow,1,80,0.46,1,-8,0.55,0,1,1,0,5,high ss1
FG010,19,2,Low-Slow,1,80,0.67,1,-7,0.38,1,0,0,1,5,high ss1
FG010,20,2,Low-Slow,1,80,0.61,1,-6,0.69,1,0,0,1,5,high ss1
FG010,21,2,Low-Slow,1,80,0.93,-1,-7,0.33,1,0,0,1,5,high ss1
FG010,22,2,Low-Slow,2,15,0.86,-1,-8,2.6,0,1,1,0,5,high ss1
FG010,23,2,Low-Slow,1,80,0.11,1,-7,0.86,0,1,1,0,5,high ss1
FG010,24,2,Low-Slow,1,80,0.05,1,-6,0.23,1,0,0,1,5,high ss1
FG010,25,2,Low-Slow,1,15,0.67,-1,-7,0.31,1,0,0,1,5,high ss1
FG010,26,2,Low-Slow,3,80,0.81,-1,-8,1.84,0,1,1,0,5,high ss1
FG010,27,2,Low-Slow,1,15,0.15,1,-7,0.9,0,1,1,0,5,high ss1
FG010,28,2,Low-Slow,1,15,0.33,-1,-8,0.42,1,0,0,1,5,high ss1
FG010,29,2,Low-Slow,2,5,0.57,-1,-9,0.57,0,1,1,0,5,high ss1
FG010,30,2,Low-Slow,1,15,0.79,-1,-10,0.67,0,1,1,0,5,high ss1
FG010,31,2,Low-Slow,3,80,0.52,1,-9,0.47,0,1,1,0,5,high ss1
FG010,32,2,Low-Slow,3,80,0.57,1,-8,0.3,1,0,0,1,5,high ss1
FG010,33,2,Low-Slow,3,80,0.81,-1,-9,0.36,1,0,0,1,5,high ss1
FG010,34,2,Low-Slow,2,5,0.49,-1,-10,0.63,0,1,1,0,5,high ss1
FG010,35,2,Low-Slow,1,15,0.48,-1,-11,0.64,0,1,1,0,5,high ss1
FG010,36,2,Low-Slow,3,80,0.0,1,-10,0.38,0,1,1,0,5,high ss1
FG010,37,2,Low-Slow,3,80,0.38,1,-9,0.89,1,0,0,1,5,high ss1
FG010,38,2,Low-Slow,3,80,0.8,-1,-10,0.4,1,0,0,1,5,high ss1
FG010,39,2,Low-Slow,1,15,0.16,-1,-11,1.54,0,1,1,0,5,high ss1
FG010,40,2,Low-Slow,3,80,0.07,1,-10,0.42,0,1,1,0,5,high ss1
FG010,41,2,Low-Slow,3,80,0.19,1,-9,0.29,1,0,0,1,5,high ss1
FG010,42,2,Low-Slow,3,80,0.01,1,-8,0.31,1,0,0,1,5,high ss1
FG010,43,2,Low-Slow,3,80,0.64,1,-7,0.46,1,0,0,1,5,high ss1
FG010,44,2,Low-Slow,2,5,0.94,-1,-8,1.96,0,0,1,0,5,high ss1
FG010,45,2,Low-Slow,3,80,0.39,1,-7,0.47,0,1,1,0,5,high ss1
FG010,46,2,Low-Slow,3,80,0.19,1,-6,0.27,1,0,0,1,5,high ss1
FG010,47,2,Low-Slow,3,80,0.0,1,-5,0.25,1,0,0,1,5,high ss1
FG010,48,2,Low-Slow,3,80,0.31,1,-4,0.44,1,0,0,1,5,high ss1
FG010,49,2,Low-Slow,3,80,0.98,-1,-5,0.33,1,0,0,1,5,high ss1
FG010,50,2,Low-Slow,1,15,0.55,-1,-6,0.59,0,1,1,0,5,high ss1
FG010,101,3,High-Slow,2,25,0.5,-1,-7,1.82,0,1,1,0,5,high ss1
FG010,102,3,High-Slow,3,15,0.06,1,-6,0.32,0,1,1,0,5,high ss1
FG010,103,3,High-Slow,3,15,0.4,-1,-7,0.34,1,0,0,1,5,high ss1
FG010,104,3,High-Slow,1,60,0.3,1,-6,0.27,0,1,1,0,5,high ss1
FG010,105,3,High-Slow,1,60,0.81,-1,-7,0.01,1,0,0,1,5,high ss1
FG010,106,3,High-Slow,3,15,0.49,-1,-8,0.98,0,1,1,0,5,high ss1
FG010,107,3,High-Slow,2,25,0.4,-1,-9,0.42,0,1,1,0,5,high ss1
FG010,108,3,High-Slow,1,60,0.56,1,-8,0.29,0,1,1,0,5,high ss1
FG010,109,3,High-Slow,1,60,0.48,1,-7,0.13,1,0,0,1,5,high ss1
FG010,110,3,High-Slow,1,60,0.41,1,-6,0.28,1,0,0,1,5,high ss1
FG010,111,3,High-Slow,1,60,0.72,-1,-7,0.34,1,0,0,1,5,high ss1
FG010,112,3,High-Slow,3,15,0.1,1,-6,0.29,0,1,1,0,5,high ss1
FG010,113,3,High-Slow,3,15,0.67,-1,-7,0.85,1,0,0,1,5,high ss1
FG010,114,3,High-Slow,1,60,0.89,-1,-8,0.22,0,1,1,0,5,high ss1
FG010,115,3,High-Slow,2,25,0.41,-1,-9,0.67,0,1,1,0,5,high ss1
FG010,116,3,High-Slow,3,15,0.72,-1,-10,0.12,0,1,1,0,5,high ss1
FG010,117,3,High-Slow,1,60,0.57,1,-9,1.17,0,1,1,0,5,high ss1
FG010,118,3,High-Slow,1,60,0.44,1,-8,0.43,1,0,0,1,5,high ss1
FG010,119,3,High-Slow,1,60,0.1,1,-7,0.24,1,0,0,1,5,high ss1
FG010,120,3,High-Slow,1,60,0.2,1,-6,0.27,1,0,0,1,5,high ss1
FG010,121,3,High-Slow,1,60,0.66,-1,-7,0.38,1,0,0,1,5,high ss1
FG010,122,3,High-Slow,3,15,0.59,-1,-8,0.43,0,1,1,0,5,high ss1
FG010,123,3,High-Slow,1,60,0.8,-1,-9,1.16,0,1,1,0,5,high ss1
FG010,124,3,High-Slow,2,25,0.72,-1,-10,0.5,0,1,1,0,5,high ss1
FG010,125,3,High-Slow,3,15,0.45,-1,-11,0.74,0,1,1,0,5,high ss1
FG010,126,3,High-Slow,1,15,0.42,-1,-12,0.18,0,1,1,0,5,high ss1
FG010,127,3,High-Slow,1,15,0.99,-1,-13,0.16,0,0,0,1,5,high ss1
FG010,128,3,High-Slow,3,25,0.86,-1,-14,0.38,0,1,1,0,5,high ss1
FG010,129,3,High-Slow,2,60,0.32,1,-13,0.81,0,1,1,0,5,high ss1
FG010,130,3,High-Slow,2,60,0.0,1,-12,0.28,1,0,0,1,5,high ss1
FG010,131,3,High-Slow,2,60,0.15,1,-11,0.29,1,0,0,1,5,high ss1
FG010,132,3,High-Slow,2,60,0.51,1,-10,0.43,1,0,0,1,5,high ss1
FG010,133,3,High-Slow,2,60,0.76,-1,-11,0.52,1,0,0,1,5,high ss1
FG010,134,3,High-Slow,1,15,0.78,-1,-12,0.79,0,1,1,0,5,high ss1
FG010,135,3,High-Slow,3,25,0.33,-1,-13,0.55,0,1,1,0,5,high ss1
FG010,136,3,High-Slow,2,60,0.62,-1,-14,0.44,0,1,1,0,5,high ss1
FG010,137,3,High-Slow,1,15,0.73,-1,-15,1.58,0,1,1,0,5,high ss1
FG010,138,3,High-Slow,2,60,0.2,1,-14,0.97,0,1,1,0,5,high ss1
FG010,139,3,High-Slow,2,60,0.49,1,-13,0.11,1,0,0,1,5,high ss1
FG010,140,3,High-Slow,2,60,0.33,1,-12,0.31,1,0,0,1,5,high ss1
FG010,141,3,High-Slow,2,60,0.46,1,-11,0.27,1,0,0,1,5,high ss1
FG010,142,3,High-Slow,2,60,0.48,1,-10,0.42,1,0,0,1,5,high ss1
FG010,143,3,High-Slow,2,60,0.38,1,-9,0.43,1,0,0,1,5,high ss1
FG010,144,3,High-Slow,2,60,0.75,-1,-10,0.51,1,0,0,1,5,high ss1
FG010,145,3,High-Slow,3,25,0.17,1,-9,1.7,0,1,1,0,5,high ss1
FG010,146,3,High-Slow,3,25,0.19,1,-8,0.07,1,0,0,1,5,high ss1
FG010,147,3,High-Slow,3,25,0.26,-1,-9,0.01,1,0,0,1,5,high ss1
FG010,148,3,High-Slow,2,60,0.97,-1,-10,0.82,0,1,1,0,5,high ss1
FG010,149,3,High-Slow,1,15,0.43,-1,-11,1.4,0,1,1,0,5,high ss1
FG010,150,3,High-Slow,2,60,0.46,1,-10,0.74,0,1,1,0,5,high ss1
FG010,151,4,High-Fast,2,25,0.33,-1,-11,2.1,1,0,0,1,5,high ss1
FG010,152,4,High-Fast,3,15,0.49,-1,-12,0.42,0,1,1,0,5,high ss1
FG010,153,4,High-Fast,1,60,0.8,-1,-13,0.33,0,1,1,0,5,high ss1
FG010,154,4,High-Fast,3,15,0.12,1,-12,0.79,0,1,1,0,5,high ss1
FG010,155,4,High-Fast,3,15,0.2,-1,-13,0.02,1,0,0,1,5,high ss1
FG010,156,4,High-Fast,2,25,0.16,1,-12,0.57,0,1,1,0,5,high ss1
FG010,157,4,High-Fast,2,25,0.67,-1,-13,0.02,1,0,0,1,5,high ss1
FG010,158,4,High-Fast,1,60,0.69,-1,-14,0.56,0,1,1,0,5,high ss1
FG010,159,4,High-Fast,3,15,0.62,-1,-15,0.39,0,1,1,0,5,high ss1
FG010,160,4,High-Fast,2,25,0.37,-1,-16,0.97,0,1,1,0,5,high ss1
FG010,161,4,High-Fast,1,25,0.14,1,-15,1.17,0,1,1,0,5,high ss1
FG010,162,4,High-Fast,1,25,0.5,-1,-16,0.22,1,0,0,1,5,high ss1
FG010,163,4,High-Fast,3,60,0.08,1,-15,0.15,0,1,1,0,5,high ss1
FG010,164,4,High-Fast,3,60,0.71,-1,-16,0.31,1,0,0,1,5,high ss1
FG010,165,4,High-Fast,2,15,0.58,-1,-17,1.46,0,1,1,0,5,high ss1
FG010,166,4,High-Fast,1,25,0.99,-1,-18,1.77,0,1,1,0,5,high ss1
FG010,167,4,High-Fast,3,60,0.83,-1,-19,0.49,0,1,1,0,5,high ss1
FG010,168,4,High-Fast,2,15,0.97,-1,-20,0.83,0,1,1,0,5,high ss1
FG010,169,4,High-Fast,1,25,0.27,-1,-21,0.5,0,1,1,0,5,high ss1
FG010,170,4,High-Fast,3,60,0.67,-1,-22,1.89,0,1,1,0,5,high ss1
FG010,171,4,High-Fast,2,60,0.32,1,-21,0.83,0,1,1,0,5,high ss1
FG010,172,4,High-Fast,2,60,0.47,1,-20,0.26,1,0,0,1,5,high ss1
FG010,173,4,High-Fast,2,60,0.66,-1,-21,0.41,1,0,0,1,5,high ss1
FG010,174,4,High-Fast,3,25,0.88,-1,-22,2.83,0,1,1,0,5,high ss1
FG010,175,4,High-Fast,1,15,0.5,-1,-23,0.66,0,1,1,0,5,high ss1
FG010,176,4,High-Fast,2,60,0.01,1,-22,0.45,0,1,1,0,5,high ss1
FG010,177,4,High-Fast,2,60,0.9,-1,-23,0.28,1,0,0,1,5,high ss1
FG010,178,4,High-Fast,3,25,0.56,-1,-24,0.24,0,1,1,0,5,high ss1
FG010,179,4,High-Fast,2,60,0.75,-1,-25,0.34,0,1,1,0,5,high ss1
FG010,180,4,High-Fast,3,25,0.46,-1,-26,0.51,0,1,1,0,5,high ss1
FG010,181,4,High-Fast,1,60,0.64,-1,-27,0.41,0,1,1,0,5,high ss1
FG010,182,4,High-Fast,2,15,0.32,-1,-28,0.47,0,1,1,0,5,high ss1
FG010,183,4,High-Fast,3,25,0.13,1,-27,0.63,0,1,1,0,5,high ss1
FG010,184,4,High-Fast,3,25,0.4,-1,-28,0.3,1,0,0,1,5,high ss1
FG010,185,4,High-Fast,1,60,0.28,1,-27,0.98,0,1,1,0,5,high ss1
FG010,186,4,High-Fast,1,60,0.54,1,-26,0.58,1,0,0,1,5,high ss1
FG010,187,4,High-Fast,1,60,0.32,1,-25,0.21,1,0,0,1,5,high ss1
FG010,188,4,High-Fast,1,60,0.46,1,-24,0.2,1,0,0,1,5,high ss1
FG010,189,4,High-Fast,1,60,0.39,1,-23,0.17,1,0,0,1,5,high ss1
FG010,190,4,High-Fast,1,60,0.39,1,-22,0.3,1,0,0,1,5,high ss1
FG010,191,4,High-Fast,1,15,0.06,1,-21,0.17,1,0,0,1,5,high ss1
FG010,192,4,High-Fast,1,15,0.76,-1,-22,0.15,1,0,0,1,5,high ss1
FG010,193,4,High-Fast,2,25,0.96,-1,-23,0.95,0,1,1,0,5,high ss1
FG010,194,4,High-Fast,3,60,0.34,1,-22,0.56,0,1,1,0,5,high ss1
FG010,195,4,High-Fast,3,60,0.15,1,-21,0.15,1,0,0,1,5,high ss1
FG010,196,4,High-Fast,3,60,0.84,-1,-22,0.1,1,0,0,1,5,high ss1
FG010,197,4,High-Fast,1,15,1.0,-1,-23,0.42,0,1,1,0,5,high ss1
FG010,198,4,High-Fast,3,60,0.38,1,-22,0.33,0,1,1,0,5,high ss1
FG010,199,4,High-Fast,3,60,0.28,1,-21,0.17,1,0,0,1,5,high ss1
FG010,200,4,High-Fast,3,60,0.33,1,-20,0.09,1,0,0,1,5,high ss1
FG031,101,1,High-Slow,1,60,0.82,-1,-1,2.36,0,0,0,0,4,high ss1
FG031,102,1,High-Slow,2,25,0.93,-1,-2,0.15,0,1,1,0,4,high ss1
FG031,103,1,High-Slow,3,15,0.87,-1,-3,0.18,0,1,1,0,4,high ss1
FG031,104,1,High-Slow,3,15,0.8,-1,-4,0.2,0,0,0,1,4,high ss1
FG031,105,1,High-Slow,1,60,0.27,1,-3,0.05,0,1,1,0,4,high ss1
FG031,106,1,High-Slow,1,60,0.88,-1,-4,4.08,1,0,0,1,4,high ss1
FG031,107,1,High-Slow,2,25,0.76,-1,-5,2.14,0,1,1,0,4,high ss1
FG031,108,1,High-Slow,1,60,0.56,1,-4,0.8,0,1,1,0,4,high ss1
FG031,109,1,High-Slow,1,60,0.07,1,-3,0.47,1,0,0,1,4,high ss1
FG031,110,1,High-Slow,1,60,0.74,-1,-4,0.61,1,0,0,1,4,high ss1
FG031,111,1,High-Slow,3,15,0.32,-1,-5,0.52,0,1,1,0,4,high ss1
FG031,112,1,High-Slow,2,25,0.18,1,-4,0.25,0,1,1,0,4,high ss1
FG031,113,1,High-Slow,2,25,0.94,-1,-5,0.22,1,0,0,1,4,high ss1
FG031,114,1,High-Slow,1,60,0.94,-1,-6,0.29,0,1,1,0,4,high ss1
FG031,115,1,High-Slow,3,15,0.83,-1,-7,0.36,0,1,1,0,4,high ss1
FG031,116,1,High-Slow,1,60,0.07,1,-6,0.26,0,1,1,0,4,high ss1
FG031,117,1,High-Slow,1,60,0.98,-1,-7,1.33,1,0,0,1,4,high ss1
FG031,118,1,High-Slow,3,15,0.49,-1,-8,0.82,0,1,1,0,4,high ss1
FG031,119,1,High-Slow,2,25,0.71,-1,-9,1.52,0,1,1,0,4,high ss1
FG031,120,1,High-Slow,1,60,0.9,-1,-10,0.18,0,1,1,0,4,high ss1
FG031,121,1,High-Slow,1,60,0.23,1,-9,0.71,0,0,0,1,4,high ss1
FG031,122,1,High-Slow,1,60,0.49,1,-8,0.64,1,0,0,1,4,high ss1
FG031,123,1,High-Slow,1,60,0.14,1,-7,0.56,1,0,0,1,4,high ss1
FG031,124,1,High-Slow,1,60,0.27,1,-6,0.28,1,0,0,1,4,high ss1
FG031,125,1,High-Slow,1,60,0.04,1,-5,0.2,1,0,0,1,4,high ss1
FG031,126,1,High-Slow,1,15,0.19,-1,-6,0.36,1,0,0,1,4,high ss1
FG031,127,1,High-Slow,2,60,0.69,-1,-7,0.19,0,1,1,0,4,high ss1
FG031,128,1,High-Slow,3,25,0.88,-1,-8,0.13,0,1,1,0,4,high ss1
FG031,129,1,High-Slow,1,15,0.63,-1,-9,0.21,0,1,1,0,4,high ss1
FG031,130,1,High-Slow,2,60,0.01,1,-8,0.28,0,1,1,0,4,high ss1
FG031,131,1,High-Slow,2,60,0.4,1,-7,0.13,1,0,0,1,4,high ss1
FG031,132,1,High-Slow,2,60,0.94,-1,-8,0.06,1,0,0,1,4,high ss1
FG031,133,1,High-Slow,1,15,0.44,-1,-9,0.01,0,1,1,0,4,high ss1
FG031,134,1,High-Slow,2,60,0.77,-1,-10,0.01,0,1,1,0,4,high ss1
FG031,135,1,High-Slow,3,25,0.9,-1,-11,0.01,0,1,1,0,4,high ss1
FG031,136,1,High-Slow,1,15,0.91,-1,-12,0.01,0,1,1,0,4,high ss1
FG031,137,1,High-Slow,2,60,0.95,-1,-13,0.15,0,1,1,0,4,high ss1
FG031,138,1,High-Slow,2,60,0.21,1,-12,0.12,0,0,0,1,4,high ss1
FG031,139,1,High-Slow,2,60,0.96,-1,-13,0.21,1,0,0,1,4,high ss1
FG031,140,1,High-Slow,1,15,0.68,-1,-14,0.93,0,1,1,0,4,high ss1
FG031,141,1,High-Slow,1,15,0.16,-1,-15,1.23,0,0,0,1,4,high ss1
FG031,142,1,High-Slow,2,60,0.44,1,-14,0.12,0,1,1,0,4,high ss1
FG031,143,1,High-Slow,2,60,0.41,1,-13,0.17,1,0,0,1,4,high ss1
FG031,144,1,High-Slow,2,60,0.26,1,-12,0.22,1,0,0,1,4,high ss1
FG031,145,1,High-Slow,2,60,0.01,1,-11,0.23,1,0,0,1,4,high ss1
FG031,146,1,High-Slow,1,15,0.96,-1,-12,1.6,0,0,1,0,4,high ss1
FG031,147,1,High-Slow,3,25,0.57,-1,-13,0.34,0,1,1,0,4,high ss1
FG031,148,1,High-Slow,2,60,0.78,-1,-14,0.07,0,1,1,0,4,high ss1
FG031,149,1,High-Slow,2,60,0.84,-1,-15,0.53,0,0,0,1,4,high ss1
FG031,150,1,High-Slow,1,15,0.54,-1,-16,0.01,0,1,1,0,4,high ss1
FG031,1,2,Low-Slow,3,5,0.32,-1,-17,3.41,0,1,1,0,4,high ss1
FG031,2,2,Low-Slow,2,15,0.85,-1,-18,1.34,0,1,1,0,4,high ss1
FG031,3,2,Low-Slow,1,80,0.8,1,-17,0.01,0,1,1,0,4,high ss1
FG031,4,2,Low-Slow,1,80,0.62,1,-16,0.17,1,0,0,1,4,high ss1
FG031,5,2,Low-Slow,1,80,0.99,-1,-17,0.18,1,0,0,1,4,high ss1
FG031,6,2,Low-Slow,3,5,0.29,-1,-18,0.25,0,1,1,0,4,high ss1
FG031,7,2,Low-Slow,2,15,0.35,-1,-19,0.01,0,1,1,0,4,high ss1
FG031,8,2,Low-Slow,3,5,0.31,-1,-20,0.27,0,1,1,0,4,high ss1
FG031,9,2,Low-Slow,2,15,0.67,-1,-21,0.18,0,1,1,0,4,high ss1
FG031,10,2,Low-Slow,1,80,0.11,1,-20,0.09,0,1,1,0,4,high ss1
FG031,11,2,Low-Slow,1,80,0.14,1,-19,0.13,1,0,0,1,4,high ss1
FG031,12,2,Low-Slow,1,80,0.23,1,-18,0.2,1,0,0,1,4,high ss1
FG031,13,2,Low-Slow,1,80,0.1,1,-17,1.05,1,0,0,1,4,high ss1
FG031,14,2,Low-Slow,1,80,0.81,-1,-18,0.34,1,0,0,1,4,high ss1
FG031,15,2,Low-Slow,2,15,0.81,-1,-19,0.1,0,1,1,0,4,high ss1
FG031,16,2,Low-Slow,3,5,0.49,-1,-20,0.55,0,1,1,0,4,high ss1
FG031,17,2,Low-Slow,2,15,0.87,-1,-21,0.01,0,1,1,0,4,high ss1
FG031,18,2,Low-Slow,2,15,0.95,-1,-22,0.18,0,0,0,1,4,high ss1
FG031,19,2,Low-Slow,1,80,0.59,1,-21,0.15,0,1,1,0,4,high ss1
FG031,20,2,Low-Slow,1,80,0.66,1,-20,0.22,1,0,0,1,4,high ss1
FG031,21,2,Low-Slow,1,80,0.1,1,-19,0.18,1,0,0,1,4,high ss1
FG031,22,2,Low-Slow,1,80,0.47,1,-18,0.16,1,0,0,1,4,high ss1
FG031,23,2,Low-Slow,1,80,0.67,1,-17,0.08,1,0,0,1,4,high ss1
FG031,24,2,Low-Slow,1,80,0.76,1,-16,0.1,1,0,0,1,4,high ss1
FG031,25,2,Low-Slow,1,15,0.81,-1,-17,0.12,1,0,0,1,4,high ss1
FG031,26,2,Low-Slow,1,15,0.71,-1,-18,0.07,0,0,0,1,4,high ss1
FG031,27,2,Low-Slow,2,5,0.17,-1,-19,0.05,0,1,1,0,4,high ss1
FG031,28,2,Low-Slow,2,5,0.38,-1,-20,0.18,0,0,0,1,4,high ss1
FG031,29,2,Low-Slow,3,80,0.81,-1,-21,0.13,0,1,1,0,4,high ss1
FG031,30,2,Low-Slow,2,5,0.69,-1,-22,0.05,0,1,1,0,4,high ss1
FG031,31,2,Low-Slow,1,15,0.43,-1,-23,0.09,0,1,1,0,4,high ss1
FG031,32,2,Low-Slow,2,5,0.56,-1,-24,0.12,0,1,1,0,4,high ss1
FG031,33,2,Low-Slow,3,80,0.66,1,-23,0.56,0,1,1,0,4,high ss1
FG031,34,2,Low-Slow,3,80,0.81,-1,-24,0.27,1,0,0,1,4,high ss1
FG031,35,2,Low-Slow,2,5,0.57,-1,-25,0.25,0,1,1,0,4,high ss1
FG031,36,2,Low-Slow,1,15,0.28,-1,-26,0.15,0,1,1,0,4,high ss1
FG031,37,2,Low-Slow,1,15,0.41,-1,-27,0.01,0,0,0,1,4,high ss1
FG031,38,2,Low-Slow,2,5,0.37,-1,-28,0.01,0,1,1,0,4,high ss1
FG031,39,2,Low-Slow,3,80,0.56,1,-27,0.33,0,1,1,0,4,high ss1
FG031,40,2,Low-Slow,3,80,0.02,1,-26,0.17,1,0,0,1,4,high ss1
FG031,41,2,Low-Slow,3,80,0.14,1,-25,0.16,1,0,0,1,4,high ss1
FG031,42,2,Low-Slow,3,80,0.35,1,-24,0.12,1,0,0,1,4,high ss1
FG031,43,2,Low-Slow,3,80,0.79,1,-23,0.26,1,0,0,1,4,high ss1
FG031,44,2,Low-Slow,3,80,0.1,1,-22,0.29,1,0,0,1,4,high ss1
FG031,45,2,Low-Slow,3,80,0.36,1,-21,0.41,1,0,0,1,4,high ss1
FG031,46,2,Low-Slow,3,80,0.88,-1,-22,0.31,1,0,0,1,4,high ss1
FG031,47,2,Low-Slow,2,5,0.73,-1,-23,0.13,0,1,1,0,4,high ss1
FG031,48,2,Low-Slow,1,15,0.13,1,-22,0.18,0,1,1,0,4,high ss1
FG031,49,2,Low-Slow,1,15,0.36,-1,-23,2.62,1,0,0,1,4,high ss1
FG031,50,2,Low-Slow,3,80,0.21,1,-22,3.98,0,1,1,0,4,high ss1
FG031,51,3,Low-Fast,3,5,0.46,-1,-23,1.48,1,0,0,1,4,high ss1
FG031,52,3,Low-Fast,1,80,0.57,1,-22,0.08,0,1,1,0,4,high ss1
FG031,53,3,Low-Fast,1,80,0.5,1,-21,0.07,1,0,0,1,4,high ss1
FG031,54,3,Low-Fast,1,80,0.17,1,-20,0.3,1,0,0,1,4,high ss1
FG031,55,3,Low-Fast,1,80,0.23,1,-19,0.24,1,0,0,1,4,high ss1
FG031,56,3,Low-Fast,1,80,0.93,-1,-20,0.21,1,0,0,1,4,high ss1
FG031,57,3,Low-Fast,2,15,0.98,-1,-21,0.09,0,1,1,0,4,high ss1
FG031,58,3,Low-Fast,3,5,0.97,-1,-22,0.07,0,1,1,0,4,high ss1
FG031,59,3,Low-Fast,1,80,0.36,1,-21,0.11,0,1,1,0,4,high ss1
FG031,60,3,Low-Fast,1,80,0.46,1,-20,0.36,1,0,0,1,4,high ss1
FG031,61,3,Low-Fast,1,15,0.37,-1,-21,0.08,1,0,0,1,4,high ss1
FG031,62,3,Low-Fast,3,80,0.81,-1,-22,0.09,0,1,1,0,4,high ss1
FG031,63,3,Low-Fast,1,15,0.03,1,-21,0.27,0,1,1,0,4,high ss1
FG031,64,3,Low-Fast,1,15,0.01,1,-20,0.11,1,0,0,1,4,high ss1
FG031,65,3,Low-Fast,1,15,0.36,-1,-21,0.27,1,0,0,1,4,high ss1
FG031,66,3,Low-Fast,2,5,0.24,-1,-22,0.01,0,1,1,0,4,high ss1
FG031,67,3,Low-Fast,3,80,0.02,1,-21,0.68,0,1,1,0,4,high ss1
FG031,68,3,Low-Fast,3,80,0.72,1,-20,0.06,1,0,0,1,4,high ss1
FG031,69,3,Low-Fast,3,80,0.55,1,-19,0.1,1,0,0,1,4,high ss1
FG031,70,3,Low-Fast,3,80,0.28,1,-18,0.18,1,0,0,1,4,high ss1
FG031,71,3,Low-Fast,3,15,0.73,-1,-19,0.1,1,0,0,1,4,high ss1
FG031,72,3,Low-Fast,2,80,0.09,1,-18,0.12,0,1,1,0,4,high ss1
FG031,73,3,Low-Fast,2,80,0.73,1,-17,0.01,1,0,0,1,4,high ss1
FG031,74,3,Low-Fast,2,80,0.66,1,-16,0.4,1,0,0,1,4,high ss1
FG031,75,3,Low-Fast,2,80,0.14,1,-15,0.01,1,0,0,1,4,high ss1
FG031,76,3,Low-Fast,2,80,0.59,1,-14,0.12,1,0,0,1,4,high ss1
FG031,77,3,Low-Fast,2,80,0.87,-1,-15,0.13,1,0,0,1,4,high ss1
FG031,78,3,Low-Fast,1,5,0.45,-1,-16,0.21,0,1,1,0,4,high ss1
FG031,79,3,Low-Fast,3,15,0.45,-1,-17,0.12,0,1,1,0,4,high ss1
FG031,80,3,Low-Fast,2,80,0.77,1,-16,0.21,0,1,1,0,4,high ss1
FG031,81,3,Low-Fast,2,5,0.07,-1,-17,0.11,1,0,0,1,4,high ss1
FG031,82,3,Low-Fast,3,15,0.25,-1,-18,0.14,0,1,1,0,4,high ss1
FG031,83,3,Low-Fast,1,80,0.5,1,-17,0.01,0,1,1,0,4,high ss1
FG031,84,3,Low-Fast,1,80,0.55,1,-16,0.01,1,0,0,1,4,high ss1
FG031,85,3,Low-Fast,1,80,0.2,1,-15,0.86,1,0,0,1,4,high ss1
FG031,86,3,Low-Fast,1,80,0.49,1,-14,0.03,1,0,0,1,4,high ss1
FG031,87,3,Low-Fast,1,80,0.01,1,-13,0.14,1,0,0,1,4,high ss1
FG031,88,3,Low-Fast,1,80,0.94,-1,-14,0.15,1,0,0,1,4,high ss1
FG031,89,3,Low-Fast,2,5,0.16,-1,-15,0.35,0,1,1,0,4,high ss1
FG031,90,3,Low-Fast,3,15,0.66,-1,-16,0.06,0,1,1,0,4,high ss1
FG031,91,3,Low-Fast,3,5,0.71,-1,-17,0.13,0,0,0,1,4,high ss1
FG031,92,3,Low-Fast,2,80,0.18,1,-16,0.01,0,1,1,0,4,high ss1
FG031,93,3,Low-Fast,1,15,0.02,1,-15,0.01,0,0,1,0,4,high ss1
FG031,94,3,Low-Fast,2,80,0.65,1,-14,0.18,0,0,1,0,4,high ss1
FG031,95,3,Low-Fast,1,15,0.54,-1,-15,0.03,0,0,1,0,4,high ss1
FG031,96,3,Low-Fast,2,80,0.14,1,-14,0.01,0,1,1,0,4,high ss1
FG031,97,3,Low-Fast,2,80,0.53,1,-13,0.44,1,0,0,1,4,high ss1
FG031,98,3,Low-Fast,2,80,0.19,1,-12,0.43,1,0,0,1,4,high ss1
FG031,99,3,Low-Fast,2,80,0.14,1,-11,0.81,1,0,0,1,4,high ss1
FG031,100,3,Low-Fast,2,80,0.79,1,-10,0.6,1,0,0,1,4,high ss1
FG031,151,4,High-Fast,3,15,0.52,-1,-11,2.8,0,0,1,0,4,high ss1
FG031,152,4,High-Fast,1,60,0.93,-1,-12,0.1,0,1,1,0,4,high ss1
FG031,153,4,High-Fast,2,25,0.34,-1,-13,0.7,0,1,1,0,4,high ss1
FG031,154,4,High-Fast,3,15,0.5,-1,-14,0.36,0,1,1,0,4,high ss1
FG031,155,4,High-Fast,1,60,0.5,1,-13,0.89,0,1,1,0,4,high ss1
FG031,156,4,High-Fast,1,60,0.75,-1,-14,0.37,1,0,0,1,4,high ss1
FG031,157,4,High-Fast,3,15,0.44,-1,-15,1.42,0,1,1,0,4,high ss1
FG031,158,4,High-Fast,2,25,0.01,1,-14,0.83,0,1,1,0,4,high ss1
FG031,159,4,High-Fast,2,25,0.8,-1,-15,0.31,1,0,0,1,4,high ss1
FG031,160,4,High-Fast,1,60,0.4,1,-14,0.53,0,1,1,0,4,high ss1
FG031,161,4,High-Fast,1,25,0.93,-1,-15,0.41,1,0,0,1,4,high ss1
FG031,162,4,High-Fast,3,60,0.75,-1,-16,0.53,0,1,1,0,4,high ss1
FG031,163,4,High-Fast,2,15,0.19,-1,-17,0.8,0,1,1,0,4,high ss1
FG031,164,4,High-Fast,1,25,0.16,1,-16,0.76,0,1,1,0,4,high ss1
FG031,165,4,High-Fast,1,25,0.71,-1,-17,0.52,1,0,0,1,4,high ss1
FG031,166,4,High-Fast,3,60,0.21,1,-16,2.12,0,1,1,0,4,high ss1
FG031,167,4,High-Fast,3,60,0.36,1,-15,0.51,1,0,0,1,4,high ss1
FG031,168,4,High-Fast,3,60,0.08,1,-14,0.63,1,0,0,1,4,high ss1
FG031,169,4,High-Fast,3,60,0.04,1,-13,0.4,1,0,0,1,4,high ss1
FG031,170,4,High-Fast,3,60,0.2,1,-12,0.41,1,0,0,1,4,high ss1
FG031,171,4,High-Fast,3,25,0.89,-1,-13,0.14,1,0,0,1,4,high ss1
FG031,172,4,High-Fast,2,60,0.42,1,-12,0.55,0,1,1,0,4,high ss1
FG031,173,4,High-Fast,2,60,0.05,1,-11,0.35,1,0,0,1,4,high ss1
FG031,174,4,High-Fast,2,60,0.51,1,-10,0.26,1,0,0,1,4,high ss1
FG031,175,4,High-Fast,2,60,0.42,1,-9,0.9,1,0,0,1,4,high ss1
FG031,176,4,High-Fast,2,60,0.91,-1,-10,0.63,1,0,0,1,4,high ss1
FG031,177,4,High-Fast,3,25,0.39,-1,-11,0.99,0,1,1,0,4,high ss1
FG031,178,4,High-Fast,1,15,0.43,-1,-12,0.07,0,1,1,0,4,high ss1
FG031,179,4,High-Fast,2,60,0.98,-1,-13,0.32,0,1,1,0,4,high ss1
FG031,180,4,High-Fast,1,15,0.91,-1,-14,0.13,0,1,1,0,4,high ss1
FG031,181,4,High-Fast,3,25,0.84,-1,-15,0.55,0,1,1,0,4,high ss1
FG031,182,4,High-Fast,2,15,0.94,-1,-16,0.2,0,1,1,0,4,high ss1
FG031,183,4,High-Fast,1,60,0.57,1,-15,0.05,0,1,1,0,4,high ss1
FG031,184,4,High-Fast,1,60,0.52,1,-14,0.34,1,0,0,1,4,high ss1
FG031,185,4,High-Fast,1,60,0.83,-1,-15,0.38,1,0,0,1,4,high ss1
FG031,186,4,High-Fast,3,25,0.56,-1,-16,2.22,0,1,1,0,4,high ss1
FG031,187,4,High-Fast,1,60,0.86,-1,-17,0.01,0,1,1,0,4,high ss1
FG031,188,4,High-Fast,3,25,0.02,1,-16,0.03,0,1,1,0,4,high ss1
FG031,189,4,High-Fast,3,25,0.8,-1,-17,0.68,1,0,0,1,4,high ss1
FG031,190,4,High-Fast,2,15,0.02,1,-16,0.22,0,1,1,0,4,high ss1
FG031,191,4,High-Fast,2,25,0.1,1,-15,0.36,1,0,0,1,4,high ss1
FG031,192,4,High-Fast,2,25,0.61,-1,-16,0.45,1,0,0,1,4,high ss1
FG031,193,4,High-Fast,3,60,0.83,-1,-17,1.3,0,1,1,0,4,high ss1
FG031,194,4,High-Fast,1,15,0.05,1,-16,0.31,0,1,1,0,4,high ss1
FG031,195,4,High-Fast,1,15,0.68,-1,-17,0.46,1,0,0,1,4,high ss1
FG031,196,4,High-Fast,3,60,0.31,1,-16,0.48,0,1,1,0,4,high ss1
FG031,197,4,High-Fast,3,60,0.31,1,-15,0.29,1,0,0,1,4,high ss1
FG031,198,4,High-Fast,3,60,0.29,1,-14,0.27,1,0,0,1,4,high ss1
FG031,199,4,High-Fast,3,60,0.25,1,-13,0.28,1,0,0,1,4,high ss1
FG031,200,4,High-Fast,3,60,0.73,-1,-14,0.54,1,0,0,1,4,high ss1
FG004,1,1,Low-Slow,1,80,0.46,1,1,26.31,0,0,0,0,5,high ss1
FG004,2,1,Low-Slow,3,5,0.94,-1,0,8.08,0,0,1,0,5,high ss1
FG004,3,1,Low-Slow,2,15,0.87,-1,-1,14.24,0,1,1,0,5,high ss1
FG004,4,1,Low-Slow,1,80,0.93,-1,-2,5.13,0,1,1,0,5,high ss1
FG004,5,1,Low-Slow,2,15,0.8,-1,-3,6.78,0,1,1,0,5,high ss1
FG004,6,1,Low-Slow,3,5,0.57,-1,-4,1.25,0,1,1,0,5,high ss1
FG004,7,1,Low-Slow,3,5,0.63,-1,-5,1.19,0,0,0,1,5,high ss1
FG004,8,1,Low-Slow,2,15,0.98,-1,-6,47.6,0,1,1,0,5,high ss1
FG004,9,1,Low-Slow,1,80,0.14,1,-5,1.56,0,1,1,0,5,high ss1
FG004,10,1,Low-Slow,2,15,0.68,-1,-6,3.13,0,0,1,0,5,high ss1
FG004,11,1,Low-Slow,2,15,1.0,-1,-7,15.05,0,0,0,1,5,high ss1
FG004,12,1,Low-Slow,1,80,0.36,1,-6,1.86,0,1,1,0,5,high ss1
FG004,13,1,Low-Slow,1,80,0.52,1,-5,3.35,1,0,0,1,5,high ss1
FG004,14,1,Low-Slow,1,80,0.36,1,-4,2.85,1,0,0,1,5,high ss1
FG004,15,1,Low-Slow,1,80,0.34,1,-3,10.22,1,0,0,1,5,high ss1
FG004,16,1,Low-Slow,1,80,0.98,-1,-4,1.55,1,0,0,1,5,high ss1
FG004,17,1,Low-Slow,2,15,0.54,-1,-5,4.41,0,1,1,0,5,high ss1
FG004,18,1,Low-Slow,3,5,0.12,-1,-6,0.96,0,1,1,0,5,high ss1
FG004,19,1,Low-Slow,1,80,0.28,1,-5,1.09,0,1,1,0,5,high ss1
FG004,20,1,Low-Slow,1,80,0.53,1,-4,0.94,1,0,0,1,5,high ss1
FG004,21,1,Low-Slow,1,80,0.41,1,-3,3.15,1,0,0,1,5,high ss1
FG004,22,1,Low-Slow,1,80,0.82,-1,-4,1.02,1,0,0,1,5,high ss1
FG004,23,1,Low-Slow,3,5,0.56,-1,-5,4.23,0,1,1,0,5,high ss1
FG004,24,1,Low-Slow,1,80,0.53,1,-4,3.99,0,1,1,0,5,high ss1
FG004,25,1,Low-Slow,1,15,0.38,-1,-5,3.39,1,0,0,1,5,high ss1
FG004,26,1,Low-Slow,1,15,0.78,-1,-6,2.41,0,0,0,1,5,high ss1
FG004,27,1,Low-Slow,1,15,0.59,-1,-7,1.15,0,0,0,1,5,high ss1
FG004,28,1,Low-Slow,2,5,0.95,-1,-8,1.14,0,1,1,0,5,high ss1
FG004,29,1,Low-Slow,3,80,0.79,1,-7,1.21,0,1,1,0,5,high ss1
FG004,30,1,Low-Slow,3,80,0.95,-1,-8,0.96,1,0,0,1,5,high ss1
FG004,31,1,Low-Slow,1,15,0.26,-1,-9,4.63,0,1,1,0,5,high ss1
FG004,32,1,Low-Slow,2,5,0.24,-1,-10,0.86,0,1,1,0,5,high ss1
FG004,33,1,Low-Slow,3,80,0.56,1,-9,2.13,0,1,1,0,5,high ss1
FG004,34,1,Low-Slow,3,80,0.76,1,-8,1.16,1,0,0,1,5,high ss1
FG004,35,1,Low-Slow,3,80,0.41,1,-7,1.12,1,0,0,1,5,high ss1
FG004,36,1,Low-Slow,3,80,0.51,1,-6,1.06,1,0,0,1,5,high ss1
FG004,37,1,Low-Slow,2,5,0.21,-1,-7,4.04,0,0,1,0,5,high ss1
FG004,38,1,Low-Slow,3,80,0.52,1,-6,1.33,0,1,1,0,5,high ss1
FG004,39,1,Low-Slow,3,80,0.9,-1,-7,0.95,1,0,0,1,5,high ss1
FG004,40,1,Low-Slow,2,5,0.82,-1,-8,4.15,0,1,1,0,5,high ss1
FG004,41,1,Low-Slow,3,80,0.52,1,-7,1.14,0,1,1,0,5,high ss1
FG004,42,1,Low-Slow,3,80,0.7,1,-6,1.05,1,0,0,1,5,high ss1
FG004,43,1,Low-Slow,3,80,0.77,1,-5,0.95,1,0,0,1,5,high ss1
FG004,44,1,Low-Slow,3,80,0.34,1,-4,1.66,1,0,0,1,5,high ss1
FG004,45,1,Low-Slow,1,15,0.69,-1,-5,2.17,0,0,1,0,5,high ss1
FG004,46,1,Low-Slow,3,80,0.82,-1,-6,0.96,0,1,1,0,5,high ss1
FG004,47,1,Low-Slow,3,80,0.95,-1,-7,1.14,0,0,0,1,5,high ss1
FG004,48,1,Low-Slow,2,5,0.28,-1,-8,1.13,0,1,1,0,5,high ss1
FG004,49,1,Low-Slow,1,15,0.63,-1,-9,0.9,0,1,1,0,5,high ss1
FG004,50,1,Low-Slow,3,80,0.8,-1,-10,0.89,0,1,1,0,5,high ss1
FG004,51,2,Low-Fast,1,80,0.14,1,-9,6.94,0,1,1,0,5,high ss1
FG004,52,2,Low-Fast,1,80,0.43,1,-8,1.18,1,0,0,1,5,high ss1
FG004,53,2,Low-Fast,1,80,0.7,1,-7,0.89,1,0,0,1,5,high ss1
FG004,54,2,Low-Fast,1,80,0.55,1,-6,1.36,1,0,0,1,5,high ss1
FG004,55,2,Low-Fast,1,80,0.68,1,-5,1.23,1,0,0,1,5,high ss1
FG004,56,2,Low-Fast,1,80,0.85,-1,-6,1.19,1,0,0,1,5,high ss1
FG004,57,2,Low-Fast,3,5,0.78,-1,-7,2.81,0,1,1,0,5,high ss1
FG004,58,2,Low-Fast,1,80,0.01,1,-6,1.68,0,1,1,0,5,high ss1
FG004,59,2,Low-Fast,1,80,0.96,-1,-7,0.83,1,0,0,1,5,high ss1
FG004,60,2,Low-Fast,2,15,0.74,-1,-8,1.48,0,1,1,0,5,high ss1
FG004,61,2,Low-Fast,1,15,0.83,-1,-9,1.48,0,1,1,0,5,high ss1
FG004,62,2,Low-Fast,3,80,0.43,1,-8,0.98,0,1,1,0,5,high ss1
FG004,63,2,Low-Fast,3,80,0.32,1,-7,0.91,1,0,0,1,5,high ss1
FG004,64,2,Low-Fast,3,80,0.83,-1,-8,0.89,1,0,0,1,5,high ss1
FG004,65,2,Low-Fast,1,15,0.05,1,-7,5.55,0,1,1,0,5,high ss1
FG004,66,2,Low-Fast,1,15,0.24,-1,-8,0.79,1,0,0,1,5,high ss1
FG004,67,2,Low-Fast,3,80,0.91,-1,-9,0.75,0,1,1,0,5,high ss1
FG004,68,2,Low-Fast,3,80,0.95,-1,-10,1.51,0,0,0,1,5,high ss1
FG004,69,2,Low-Fast,2,5,0.81,-1,-11,0.93,0,1,1,0,5,high ss1
FG004,70,2,Low-Fast,1,15,0.15,-1,-12,1.06,0,1,1,0,5,high ss1
FG004,71,2,Low-Fast,3,15,0.45,-1,-13,0.99,0,1,1,0,5,high ss1
FG004,72,2,Low-Fast,3,15,0.19,-1,-14,1.25,0,0,0,1,5,high ss1
FG004,73,2,Low-Fast,1,5,0.72,-1,-15,1.06,0,1,1,0,5,high ss1
FG004,74,2,Low-Fast,2,80,0.75,1,-14,0.82,0,1,1,0,5,high ss1
FG004,75,2,Low-Fast,2,80,0.18,1,-13,0.98,1,0,0,1,5,high ss1
FG004,76,2,Low-Fast,2,80,0.83,-1,-14,0.98,1,0,0,1,5,high ss1
FG004,77,2,Low-Fast,1,5,0.68,-1,-15,0.84,0,1,1,0,5,high ss1
FG004,78,2,Low-Fast,2,80,0.47,1,-14,0.74,0,1,1,0,5,high ss1
FG004,79,2,Low-Fast,2,80,0.97,-1,-15,0.78,1,0,0,1,5,high ss1
FG004,80,2,Low-Fast,2,80,0.68,1,-14,1.08,0,0,0,1,5,high ss1
FG004,81,2,Low-Fast,2,5,0.89,-1,-15,0.73,1,0,0,1,5,high ss1
FG004,82,2,Low-Fast,2,5,0.84,-1,-16,1.38,0,0,0,1,5,high ss1
FG004,83,2,Low-Fast,1,80,0.83,-1,-17,1.51,0,1,1,0,5,high ss1
FG004,84,2,Low-Fast,2,5,0.73,-1,-18,0.71,0,1,1,0,5,high ss1
FG004,85,2,Low-Fast,2,5,0.33,-1,-19,0.72,0,0,0,1,5,high ss1
FG004,86,2,Low-Fast,3,15,0.72,-1,-20,0.62,0,1,1,0,5,high ss1
FG004,87,2,Low-Fast,1,80,0.64,1,-19,3.22,0,1,1,0,5,high ss1
FG004,88,2,Low-Fast,1,80,0.64,1,-18,0.77,1,0,0,1,5,high ss1
FG004,89,2,Low-Fast,1,80,0.23,1,-17,0.95,1,0,0,1,5,high ss1
FG004,90,2,Low-Fast,1,80,0.83,-1,-18,0.76,1,0,0,1,5,high ss1
FG004,91,2,Low-Fast,1,15,0.14,1,-17,1.05,0,0,0,1,5,high ss1
FG004,92,2,Low-Fast,1,15,0.46,-1,-18,0.86,1,0,0,1,5,high ss1
FG004,93,2,Low-Fast,1,15,0.39,-1,-19,0.88,0,0,0,1,5,high ss1
FG004,94,2,Low-Fast,1,15,0.43,-1,-20,0.59,0,0,0,1,5,high ss1
FG004,95,2,Low-Fast,3,5,0.22,-1,-21,1.05,0,1,1,0,5,high ss1
FG004,96,2,Low-Fast,1,15,0.49,-1,-22,1.98,0,1,1,0,5,high ss1
FG004,97,2,Low-Fast,3,5,0.98,-1,-23,1.16,0,1,1,0,5,high ss1
FG004,98,2,Low-Fast,3,5,0.24,-1,-24,1.11,0,0,0,1,5,high ss1
FG004,99,2,Low-Fast,1,15,0.16,-1,-25,0.71,0,1,1,0,5,high ss1
FG004,100,2,Low-Fast,2,80,0.07,1,-24,2.26,0,1,1,0,5,high ss1
FG004,151,3,High-Fast,2,25,0.43,-1,-25,2.24,1,0,0,1,5,high ss1
FG004,152,3,High-Fast,1,60,0.03,1,-24,0.86,0,1,1,0,5,high ss1
FG004,153,3,High-Fast,1,60,0.18,1,-23,2.12,1,0,0,1,5,high ss1
FG004,154,3,High-Fast,1,60,0.37,1,-22,1.28,1,0,0,1,5,high ss1
FG004,155,3,High-Fast,1,60,0.31,1,-21,1.42,1,0,0,1,5,high ss1
FG004,156,3,High-Fast,1,60,0.55,1,-20,2.36,1,0,0,1,5,high ss1
FG004,157,3,High-Fast,1,60,0.61,-1,-21,1.14,1,0,0,1,5,high ss1
FG004,158,3,High-Fast,3,15,0.71,-1,-22,1.55,0,1,1,0,5,high ss1
FG004,159,3,High-Fast,1,60,0.43,1,-21,1.12,0,1,1,0,5,high ss1
FG004,160,3,High-Fast,1,60,0.8,-1,-22,0.82,1,0,0,1,5,high ss1
FG004,161,3,High-Fast,3,60,0.2,1,-21,1.08,0,1,1,0,5,high ss1
FG004,162,3,High-Fast,3,60,0.12,1,-20,1.01,1,0,0,1,5,high ss1
FG004,163,3,High-Fast,3,60,0.7,-1,-21,0.9,1,0,0,1,5,high ss1
FG004,164,3,High-Fast,3,60,0.65,-1,-22,3.07,0,0,0,1,5,high ss1
FG004,165,3,High-Fast,3,60,0.43,1,-21,1.09,0,0,0,1,5,high ss1
FG004,166,3,High-Fast,3,60,0.83,-1,-22,0.99,1,0,0,1,5,high ss1
FG004,167,3,High-Fast,3,60,0.6,1,-21,0.94,0,0,0,1,5,high ss1
FG004,168,3,High-Fast,3,60,0.46,1,-20,0.95,1,0,0,1,5,high ss1
FG004,169,3,High-Fast,3,60,0.41,1,-19,0.96,1,0,0,1,5,high ss1
FG004,170,3,High-Fast,3,60,0.78,-1,-20,0.85,1,0,0,1,5,high ss1
FG004,171,3,High-Fast,3,25,0.07,1,-19,2.4,0,0,0,1,5,high ss1
FG004,172,3,High-Fast,3,25,0.16,1,-18,1.0,1,0,0,1,5,high ss1
FG004,173,3,High-Fast,3,25,0.64,-1,-19,0.91,1,0,0,1,5,high ss1
FG004,174,3,High-Fast,3,25,0.59,-1,-20,1.57,0,0,0,1,5,high ss1
FG004,175,3,High-Fast,3,25,0.41,-1,-21,1.39,0,0,0,1,5,high ss1
FG004,176,3,High-Fast,2,60,0.14,1,-20,1.15,0,1,1,0,5,high ss1
FG004,177,3,High-Fast,2,60,0.27,1,-19,0.7,1,0,0,1,5,high ss1
FG004,178,3,High-Fast,2,60,0.69,-1,-20,0.86,1,0,0,1,5,high ss1
FG004,179,3,High-Fast,2,60,0.56,1,-19,0.72,0,0,0,1,5,high ss1
FG004,180,3,High-Fast,2,60,0.49,1,-18,0.89,1,0,0,1,5,high ss1
FG004,181,3,High-Fast,2,15,0.74,-1,-19,0.77,1,0,0,1,5,high ss1
FG004,182,3,High-Fast,2,15,0.8,-1,-20,1.17,0,0,0,1,5,high ss1
FG004,183,3,High-Fast,2,15,0.97,-1,-21,1.21,0,0,0,1,5,high ss1
FG004,184,3,High-Fast,2,15,0.56,-1,-22,1.44,0,0,0,1,5,high ss1
FG004,185,3,High-Fast,1,60,0.15,1,-21,0.91,0,1,1,0,5,high ss1
FG004,186,3,High-Fast,1,60,0.8,-1,-22,0.8,1,0,0,1,5,high ss1
FG004,187,3,High-Fast,1,60,0.77,-1,-23,1.08,0,0,0,1,5,high ss1
FG004,188,3,High-Fast,1,60,0.61,-1,-24,0.9,0,0,0,1,5,high ss1
FG004,189,3,High-Fast,2,15,0.56,-1,-25,2.01,0,1,1,0,5,high ss1
FG004,190,3,High-Fast,3,25,0.01,1,-24,0.83,0,1,1,0,5,high ss1
FG004,191,3,High-Fast,3,60,0.07,1,-23,0.8,1,0,0,1,5,high ss1
FG004,192,3,High-Fast,3,60,0.49,1,-22,0.82,1,0,0,1,5,high ss1
FG004,193,3,High-Fast,3,60,0.86,-1,-23,1.52,1,0,0,1,5,high ss1
FG004,194,3,High-Fast,2,25,0.74,-1,-24,2.93,0,1,1,0,5,high ss1
FG004,195,3,High-Fast,3,60,0.7,-1,-25,2.11,0,1,1,0,5,high ss1
FG004,196,3,High-Fast,3,60,0.26,1,-24,1.0,0,0,0,1,5,high ss1
FG004,197,3,High-Fast,3,60,0.06,1,-23,0.74,1,0,0,1,5,high ss1
FG004,198,3,High-Fast,3,60,0.58,1,-22,0.76,1,0,0,1,5,high ss1
FG004,199,3,High-Fast,3,60,0.72,-1,-23,0.86,1,0,0,1,5,high ss1
FG004,200,3,High-Fast,2,25,0.63,-1,-24,2.25,0,1,1,0,5,high ss1
FG004,101,4,High-Slow,1,60,0.61,-1,-25,2.2,0,1,1,0,5,high ss1
FG004,102,4,High-Slow,1,60,0.45,1,-24,0.74,0,0,0,1,5,high ss1
FG004,103,4,High-Slow,1,60,0.98,-1,-25,0.68,1,0,0,1,5,high ss1
FG004,104,4,High-Slow,1,60,0.07,1,-24,0.74,0,0,0,1,5,high ss1
FG004,105,4,High-Slow,1,60,0.42,1,-23,0.7,1,0,0,1,5,high ss1
FG004,106,4,High-Slow,1,60,0.24,1,-22,1.1,1,0,0,1,5,high ss1
FG004,107,4,High-Slow,1,60,0.11,1,-21,0.65,1,0,0,1,5,high ss1
FG004,108,4,High-Slow,1,60,0.63,-1,-22,1.01,1,0,0,1,5,high ss1
FG004,109,4,High-Slow,1,60,0.8,-1,-23,0.71,0,0,0,1,5,high ss1
FG004,110,4,High-Slow,3,15,0.98,-1,-24,0.81,0,1,1,0,5,high ss1
FG004,111,4,High-Slow,1,60,0.92,-1,-25,1.07,0,1,1,0,5,high ss1
FG004,112,4,High-Slow,3,15,0.61,-1,-26,0.86,0,1,1,0,5,high ss1
FG004,113,4,High-Slow,2,25,0.32,-1,-27,0.66,0,1,1,0,5,high ss1
FG004,114,4,High-Slow,2,25,0.64,-1,-28,0.62,0,0,0,1,5,high ss1
FG004,115,4,High-Slow,3,15,0.26,-1,-29,0.71,0,1,1,0,5,high ss1
FG004,116,4,High-Slow,1,60,0.85,-1,-30,0.87,0,1,1,0,5,high ss1
FG004,117,4,High-Slow,3,15,0.24,-1,-31,1.11,0,1,1,0,5,high ss1
FG004,118,4,High-Slow,3,15,0.93,-1,-32,1.04,0,0,0,1,5,high ss1
FG004,119,4,High-Slow,3,15,0.79,-1,-33,0.79,0,0,0,1,5,high ss1
FG004,120,4,High-Slow,1,60,0.5,1,-32,1.39,0,1,1,0,5,high ss1
FG004,121,4,High-Slow,1,60,0.07,1,-31,1.16,1,0,0,1,5,high ss1
FG004,122,4,High-Slow,1,60,0.02,1,-30,0.96,1,0,0,1,5,high ss1
FG004,123,4,High-Slow,1,60,0.82,-1,-31,1.15,1,0,0,1,5,high ss1
FG004,124,4,High-Slow,2,25,0.17,1,-30,2.59,0,1,1,0,5,high ss1
FG004,125,4,High-Slow,2,25,0.59,-1,-31,0.59,1,0,0,1,5,high ss1
FG004,126,4,High-Slow,2,60,0.13,1,-30,0.94,0,0,0,1,5,high ss1
FG004,127,4,High-Slow,2,60,0.53,1,-29,0.91,1,0,0,1,5,high ss1
FG004,128,4,High-Slow,2,60,0.63,-1,-30,2.17,1,0,0,1,5,high ss1
FG004,129,4,High-Slow,2,60,0.22,1,-29,1.0,0,0,0,1,5,high ss1
FG004,130,4,High-Slow,2,60,0.13,1,-28,1.66,1,0,0,1,5,high ss1
FG004,131,4,High-Slow,2,60,0.09,1,-27,0.73,1,0,0,1,5,high ss1
FG004,132,4,High-Slow,2,60,0.73,-1,-28,0.79,1,0,0,1,5,high ss1
FG004,133,4,High-Slow,2,60,0.24,1,-27,1.16,0,0,0,1,5,high ss1
FG004,134,4,High-Slow,2,60,0.73,-1,-28,0.51,1,0,0,1,5,high ss1
FG004,135,4,High-Slow,2,60,0.01,1,-27,0.68,0,0,0,1,5,high ss1
FG004,136,4,High-Slow,2,60,0.17,1,-26,1.19,1,0,0,1,5,high ss1
FG004,137,4,High-Slow,2,60,0.66,-1,-27,0.7,1,0,0,1,5,high ss1
FG004,138,4,High-Slow,2,60,0.29,1,-26,0.73,0,0,0,1,5,high ss1
FG004,139,4,High-Slow,2,60,0.4,1,-25,0.68,1,0,0,1,5,high ss1
FG004,140,4,High-Slow,2,60,0.31,1,-24,0.78,1,0,0,1,5,high ss1
FG004,141,4,High-Slow,2,60,0.23,1,-23,0.76,1,0,0,1,5,high ss1
FG004,142,4,High-Slow,2,60,0.61,-1,-24,0.7,1,0,0,1,5,high ss1
FG004,143,4,High-Slow,2,60,0.32,1,-23,0.61,0,0,0,1,5,high ss1
FG004,144,4,High-Slow,2,60,0.39,1,-22,0.72,1,0,0,1,5,high ss1
FG004,145,4,High-Slow,2,60,0.6,-1,-23,0.53,1,0,0,1,5,high ss1
FG004,146,4,High-Slow,2,60,0.8,-1,-24,0.58,0,0,0,1,5,high ss1
FG004,147,4,High-Slow,2,60,0.12,1,-23,1.0,0,0,0,1,5,high ss1
FG004,148,4,High-Slow,2,60,0.29,1,-22,0.57,1,0,0,1,5,high ss1
FG004,149,4,High-Slow,2,60,0.11,1,-21,0.77,1,0,0,1,5,high ss1
FG004,150,4,High-Slow,2,60,0.62,-1,-22,0.8,1,0,0,1,5,high ss1
FG005,51,1,Low-Fast,2,15,0.61,-1,-1,41.2,0,0,0,0,3,low ss1
FG005,52,1,Low-Fast,1,80,0.78,1,0,4.81,0,1,1,0,3,low ss1
FG005,53,1,Low-Fast,2,15,0.81,-1,-1,7.51,0,0,1,0,3,low ss1
FG005,54,1,Low-Fast,1,80,0.76,1,0,1.97,0,1,1,0,3,low ss1
FG005,55,1,Low-Fast,1,80,0.77,1,1,3.15,1,0,0,1,3,low ss1
FG005,56,1,Low-Fast,1,80,0.78,1,2,0.88,1,0,0,1,3,low ss1
FG005,57,1,Low-Fast,1,80,0.05,1,3,24.81,1,0,0,1,3,low ss1
FG005,58,1,Low-Fast,1,80,0.22,1,4,0.4,1,0,0,1,3,low ss1
FG005,59,1,Low-Fast,1,80,0.94,-1,3,3.62,1,0,0,1,3,low ss1
FG005,60,1,Low-Fast,2,15,0.18,-1,2,7.82,0,1,1,0,3,low ss1
FG005,61,1,Low-Fast,3,80,0.35,1,3,0.95,0,1,1,0,3,low ss1
FG005,62,1,Low-Fast,3,80,0.11,1,4,4.17,1,0,0,1,3,low ss1
FG005,63,1,Low-Fast,3,80,0.54,1,5,0.39,1,0,0,1,3,low ss1
FG005,64,1,Low-Fast,3,80,0.04,1,6,1.14,1,0,0,1,3,low ss1
FG005,65,1,Low-Fast,3,80,0.61,1,7,0.39,1,0,0,1,3,low ss1
FG005,66,1,Low-Fast,3,80,0.5,1,8,5.28,1,0,0,1,3,low ss1
FG005,67,1,Low-Fast,3,80,0.87,-1,7,5.71,1,0,0,1,3,low ss1
FG005,68,1,Low-Fast,2,5,0.84,-1,6,15.66,0,1,1,0,3,low ss1
FG005,69,1,Low-Fast,1,15,0.88,-1,5,1.08,0,1,1,0,3,low ss1
FG005,70,1,Low-Fast,3,80,0.59,1,6,1.77,0,1,1,0,3,low ss1
FG005,71,1,Low-Fast,3,15,0.4,-1,5,17.83,1,0,0,1,3,low ss1
FG005,72,1,Low-Fast,2,80,0.14,1,6,1.05,0,1,1,0,3,low ss1
FG005,73,1,Low-Fast,2,80,0.35,1,7,1.12,1,0,0,1,3,low ss1
FG005,74,1,Low-Fast,2,80,0.1,1,8,0.38,1,0,0,1,3,low ss1
FG005,75,1,Low-Fast,2,80,0.78,1,9,0.89,1,0,0,1,3,low ss1
FG005,76,1,Low-Fast,2,80,0.88,-1,8,0.21,1,0,0,1,3,low ss1
FG005,77,1,Low-Fast,1,5,0.45,-1,7,0.76,0,1,1,0,3,low ss1
FG005,78,1,Low-Fast,3,15,0.41,-1,6,0.85,0,1,1,0,3,low ss1
FG005,79,1,Low-Fast,2,80,0.22,1,7,1.38,0,1,1,0,3,low ss1
FG005,80,1,Low-Fast,2,80,0.37,1,8,2.68,1,0,0,1,3,low ss1
FG005,81,1,Low-Fast,2,5,0.02,1,9,1.24,1,0,0,1,3,low ss1
FG005,82,1,Low-Fast,2,5,0.83,-1,8,3.54,1,0,0,1,3,low ss1
FG005,83,1,Low-Fast,2,5,0.1,-1,7,10.53,0,0,0,1,3,low ss1
FG005,84,1,Low-Fast,3,15,0.81,-1,6,1.08,0,1,1,0,3,low ss1
FG005,85,1,Low-Fast,1,80,0.58,1,7,0.22,0,1,1,0,3,low ss1
FG005,86,1,Low-Fast,1,80,0.74,1,8,0.27,1,0,0,1,3,low ss1
FG005,87,1,Low-Fast,1,80,0.88,-1,7,0.2,1,0,0,1,3,low ss1
FG005,88,1,Low-Fast,1,80,0.48,1,8,2.79,0,0,0,1,3,low ss1
FG005,89,1,Low-Fast,1,80,0.27,1,9,0.15,1,0,0,1,3,low ss1
FG005,90,1,Low-Fast,1,80,0.93,-1,8,0.67,1,0,0,1,3,low ss1
FG005,91,1,Low-Fast,1,15,0.8,-1,7,2.66,0,0,0,1,3,low ss1
FG005,92,1,Low-Fast,3,5,0.96,-1,6,1.44,0,1,1,0,3,low ss1
FG005,93,1,Low-Fast,2,80,0.64,1,7,1.74,0,1,1,0,3,low ss1
FG005,94,1,Low-Fast,2,80,0.4,1,8,2.15,1,0,0,1,3,low ss1
FG005,95,1,Low-Fast,2,80,0.85,-1,7,0.51,1,0,0,1,3,low ss1
FG005,96,1,Low-Fast,2,80,0.44,1,8,3.22,0,0,0,1,3,low ss1
FG005,97,1,Low-Fast,2,80,0.71,1,9,1.07,1,0,0,1,3,low ss1
FG005,98,1,Low-Fast,2,80,0.09,1,10,0.03,1,0,0,1,3,low ss1
FG005,99,1,Low-Fast,2,80,0.56,1,11,0.45,1,0,0,1,3,low ss1
FG005,100,1,Low-Fast,2,80,0.39,1,12,0.12,1,0,0,1,3,low ss1
FG005,1,2,Low-Slow,1,80,0.16,1,13,2.81,0,0,1,0,3,low ss1
FG005,2,2,Low-Slow,1,80,0.97,-1,12,0.26,1,0,0,1,3,low ss1
FG005,3,2,Low-Slow,1,80,0.05,1,13,2.21,0,0,0,1,3,low ss1
FG005,4,2,Low-Slow,1,80,0.79,1,14,0.21,1,0,0,1,3,low ss1
FG005,5,2,Low-Slow,1,80,0.06,1,15,0.19,1,0,0,1,3,low ss1
FG005,6,2,Low-Slow,1,80,0.07,1,16,0.23,1,0,0,1,3,low ss1
FG005,7,2,Low-Slow,1,80,0.33,1,17,0.81,1,0,0,1,3,low ss1
FG005,8,2,Low-Slow,1,80,0.33,1,18,0.28,1,0,0,1,3,low ss1
FG005,9,2,Low-Slow,1,80,0.69,1,19,0.07,1,0,0,1,3,low ss1
FG005,10,2,Low-Slow,1,80,0.25,1,20,0.49,1,0,0,1,3,low ss1
FG005,11,2,Low-Slow,1,80,0.96,-1,19,0.3,1,0,0,1,3,low ss1
FG005,12,2,Low-Slow,1,80,0.04,1,20,2.87,0,0,0,1,3,low ss1
FG005,13,2,Low-Slow,1,80,0.46,1,21,0.18,1,0,0,1,3,low ss1
FG005,14,2,Low-Slow,1,80,0.22,1,22,0.05,1,0,0,1,3,low ss1
FG005,15,2,Low-Slow,1,80,0.99,-1,21,1.0,1,0,0,1,3,low ss1
FG005,16,2,Low-Slow,1,80,0.23,1,22,3.16,0,0,0,1,3,low ss1
FG005,17,2,Low-Slow,1,80,0.52,1,23,0.14,1,0,0,1,3,low ss1
FG005,18,2,Low-Slow,1,80,0.14,1,24,0.85,1,0,0,1,3,low ss1
FG005,19,2,Low-Slow,1,80,0.85,-1,23,0.29,1,0,0,1,3,low ss1
FG005,20,2,Low-Slow,1,80,0.55,1,24,2.57,0,0,0,1,3,low ss1
FG005,21,2,Low-Slow,1,80,0.84,-1,23,0.73,1,0,0,1,3,low ss1
FG005,22,2,Low-Slow,1,80,0.42,1,24,2.69,0,0,0,1,3,low ss1
FG005,23,2,Low-Slow,1,80,0.41,1,25,0.14,1,0,0,1,3,low ss1
FG005,24,2,Low-Slow,1,80,0.32,1,26,0.35,1,0,0,1,3,low ss1
FG005,25,2,Low-Slow,1,15,0.09,1,27,0.37,1,0,0,1,3,low ss1
FG005,26,2,Low-Slow,1,15,0.43,-1,26,0.21,1,0,0,1,3,low ss1
FG005,27,2,Low-Slow,1,15,0.61,-1,25,2.56,0,0,0,1,3,low ss1
FG005,28,2,Low-Slow,1,15,0.6,-1,24,2.59,0,0,0,1,3,low ss1
FG005,29,2,Low-Slow,3,80,0.67,1,25,0.99,0,1,1,0,3,low ss1
FG005,30,2,Low-Slow,3,80,0.11,1,26,0.58,1,0,0,1,3,low ss1
FG005,31,2,Low-Slow,3,80,0.67,1,27,0.28,1,0,0,1,3,low ss1
FG005,32,2,Low-Slow,3,80,0.37,1,28,0.23,1,0,0,1,3,low ss1
FG005,33,2,Low-Slow,3,80,0.23,1,29,0.19,1,0,0,1,3,low ss1
FG005,34,2,Low-Slow,3,80,0.23,1,30,0.8,1,0,0,1,3,low ss1
FG005,35,2,Low-Slow,3,80,0.5,1,31,0.71,1,0,0,1,3,low ss1
FG005,36,2,Low-Slow,3,80,0.43,1,32,0.68,1,0,0,1,3,low ss1
FG005,37,2,Low-Slow,3,80,0.51,1,33,0.2,1,0,0,1,3,low ss1
FG005,38,2,Low-Slow,3,80,0.48,1,34,0.27,1,0,0,1,3,low ss1
FG005,39,2,Low-Slow,3,80,0.51,1,35,1.32,1,0,0,1,3,low ss1
FG005,40,2,Low-Slow,3,80,0.28,1,36,0.24,1,0,0,1,3,low ss1
FG005,41,2,Low-Slow,3,80,0.93,-1,35,0.65,1,0,0,1,3,low ss1
FG005,42,2,Low-Slow,3,80,0.18,1,36,2.72,0,0,0,1,3,low ss1
FG005,43,2,Low-Slow,3,80,0.97,-1,35,0.17,1,0,0,1,3,low ss1
FG005,44,2,Low-Slow,3,80,0.78,1,36,1.82,0,0,0,1,3,low ss1
FG005,45,2,Low-Slow,3,80,0.21,1,37,1.76,1,0,0,1,3,low ss1
FG005,46,2,Low-Slow,3,80,0.34,1,38,0.13,1,0,0,1,3,low ss1
FG005,47,2,Low-Slow,3,80,0.44,1,39,0.33,1,0,0,1,3,low ss1
FG005,48,2,Low-Slow,3,80,0.21,1,40,0.29,1,0,0,1,3,low ss1
FG005,49,2,Low-Slow,3,80,0.63,1,41,0.6,1,0,0,1,3,low ss1
FG005,50,2,Low-Slow,3,80,0.48,1,42,0.3,1,0,0,1,3,low ss1
FG005,151,3,High-Fast,1,60,0.35,1,43,7.32,0,0,1,0,3,low ss1
FG005,152,3,High-Fast,1,60,0.81,-1,42,1.15,1,0,0,1,3,low ss1
FG005,153,3,High-Fast,1,60,0.33,1,43,1.93,0,0,0,1,3,low ss1
FG005,154,3,High-Fast,1,60,0.35,1,44,2.54,1,0,0,1,3,low ss1
FG005,155,3,High-Fast,1,60,0.87,-1,43,0.04,1,0,0,1,3,low ss1
FG005,156,3,High-Fast,1,60,0.93,-1,42,0.31,0,0,0,1,3,low ss1
FG005,157,3,High-Fast,3,15,0.17,-1,41,0.35,0,1,1,0,3,low ss1
FG005,158,3,High-Fast,2,25,0.04,1,42,0.36,0,1,1,0,3,low ss1
FG005,159,3,High-Fast,2,25,0.41,-1,41,0.11,1,0,0,1,3,low ss1
FG005,160,3,High-Fast,2,25,0.04,1,42,1.48,0,0,0,1,3,low ss1
FG005,161,3,High-Fast,2,15,0.75,-1,41,0.22,1,0,0,1,3,low ss1
FG005,162,3,High-Fast,1,25,0.5,-1,40,0.45,0,1,1,0,3,low ss1
FG005,163,3,High-Fast,3,60,0.2,1,41,0.68,0,1,1,0,3,low ss1
FG005,164,3,High-Fast,3,60,0.45,1,42,0.1,1,0,0,1,3,low ss1
FG005,165,3,High-Fast,3,60,0.56,1,43,0.72,1,0,0,1,3,low ss1
FG005,166,3,High-Fast,3,60,0.64,-1,42,1.17,1,0,0,1,3,low ss1
FG005,167,3,High-Fast,1,25,0.4,-1,41,2.41,0,1,1,0,3,low ss1
FG005,168,3,High-Fast,3,60,0.43,1,42,0.31,0,1,1,0,3,low ss1
FG005,169,3,High-Fast,3,60,0.39,1,43,1.13,1,0,0,1,3,low ss1
FG005,170,3,High-Fast,3,60,0.3,1,44,0.61,1,0,0,1,3,low ss1
FG005,171,3,High-Fast,3,25,0.86,-1,43,0.17,1,0,0,1,3,low ss1
FG005,172,3,High-Fast,3,25,0.61,-1,42,1.56,0,0,0,1,3,low ss1
FG005,173,3,High-Fast,1,15,0.34,-1,41,1.72,0,1,1,0,3,low ss1
FG005,174,3,High-Fast,2,60,0.01,1,42,0.64,0,1,1,0,3,low ss1
FG005,175,3,High-Fast,2,60,0.46,1,43,0.17,1,0,0,1,3,low ss1
FG005,176,3,High-Fast,2,60,0.23,1,44,0.18,1,0,0,1,3,low ss1
FG005,177,3,High-Fast,2,60,0.85,-1,43,0.31,1,0,0,1,3,low ss1
FG005,178,3,High-Fast,2,60,0.74,-1,42,0.35,0,0,0,1,3,low ss1
FG005,179,3,High-Fast,3,25,0.06,1,43,2.57,0,1,1,0,3,low ss1
FG005,180,3,High-Fast,3,25,0.36,-1,42,0.11,1,0,0,1,3,low ss1
FG005,181,3,High-Fast,3,25,0.54,-1,41,1.64,0,0,0,1,3,low ss1
FG005,182,3,High-Fast,1,60,0.47,1,42,2.52,0,1,1,0,3,low ss1
FG005,183,3,High-Fast,1,60,0.44,1,43,0.65,1,0,0,1,3,low ss1
FG005,184,3,High-Fast,1,60,0.98,-1,42,0.21,1,0,0,1,3,low ss1
FG005,185,3,High-Fast,1,60,0.07,1,43,0.85,0,0,0,1,3,low ss1
FG005,186,3,High-Fast,1,60,0.26,1,44,0.16,1,0,0,1,3,low ss1
FG005,187,3,High-Fast,1,60,0.87,-1,43,0.62,1,0,0,1,3,low ss1
FG005,188,3,High-Fast,2,15,0.36,-1,42,1.04,0,1,1,0,3,low ss1
FG005,189,3,High-Fast,2,15,0.17,-1,41,1.9,0,0,0,1,3,low ss1
FG005,190,3,High-Fast,3,25,0.53,-1,40,0.67,0,1,1,0,3,low ss1
FG005,191,3,High-Fast,1,15,0.43,-1,39,0.42,0,1,1,0,3,low ss1
FG005,192,3,High-Fast,1,15,0.26,-1,38,3.42,0,0,0,1,3,low ss1
FG005,193,3,High-Fast,3,60,0.15,1,39,0.43,0,1,1,0,3,low ss1
FG005,194,3,High-Fast,3,60,0.1,1,40,0.28,1,0,0,1,3,low ss1
FG005,195,3,High-Fast,3,60,0.14,1,41,0.61,1,0,0,1,3,low ss1
FG005,196,3,High-Fast,3,60,0.61,-1,40,1.29,1,0,0,1,3,low ss1
FG005,197,3,High-Fast,3,60,0.79,-1,39,1.43,0,0,0,1,3,low ss1
FG005,198,3,High-Fast,3,60,0.13,1,40,2.27,0,0,0,1,3,low ss1
FG005,199,3,High-Fast,3,60,0.85,-1,39,0.76,1,0,0,1,3,low ss1
FG005,200,3,High-Fast,2,25,0.05,1,40,3.25,0,1,1,0,3,low ss1
FG005,101,4,High-Slow,1,60,0.77,-1,39,1.97,0,0,1,0,3,low ss1
FG005,102,4,High-Slow,2,25,0.24,1,40,0.62,0,1,1,0,3,low ss1
FG005,103,4,High-Slow,2,25,0.65,-1,39,1.81,1,0,0,1,3,low ss1
FG005,104,4,High-Slow,2,25,0.94,-1,38,0.86,0,0,0,1,3,low ss1
FG005,105,4,High-Slow,1,60,0.21,1,39,0.57,0,1,1,0,3,low ss1
FG005,106,4,High-Slow,1,60,0.94,-1,38,0.32,1,0,0,1,3,low ss1
FG005,107,4,High-Slow,1,60,0.15,1,39,1.35,0,0,0,1,3,low ss1
FG005,108,4,High-Slow,1,60,0.94,-1,38,0.07,1,0,0,1,3,low ss1
FG005,109,4,High-Slow,1,60,0.24,1,39,1.27,0,0,0,1,3,low ss1
FG005,110,4,High-Slow,1,60,0.29,1,40,0.74,1,0,0,1,3,low ss1
FG005,111,4,High-Slow,1,60,0.73,-1,39,0.97,1,0,0,1,3,low ss1
FG005,112,4,High-Slow,1,60,0.03,1,40,1.98,0,0,0,1,3,low ss1
FG005,113,4,High-Slow,1,60,0.91,-1,39,0.28,1,0,0,1,3,low ss1
FG005,114,4,High-Slow,1,60,0.96,-1,38,0.97,0,0,0,1,3,low ss1
FG005,115,4,High-Slow,3,15,0.67,-1,37,0.51,0,1,1,0,3,low ss1
FG005,116,4,High-Slow,2,25,0.27,-1,36,0.55,0,1,1,0,3,low ss1
FG005,117,4,High-Slow,1,60,0.73,-1,35,1.93,0,1,1,0,3,low ss1
FG005,118,4,High-Slow,2,25,0.19,1,36,1.85,0,1,1,0,3,low ss1
FG005,119,4,High-Slow,2,25,0.98,-1,35,0.38,1,0,0,1,3,low ss1
FG005,120,4,High-Slow,2,25,0.73,-1,34,2.38,0,0,0,1,3,low ss1
FG005,121,4,High-Slow,3,15,0.2,-1,33,0.69,0,1,1,0,3,low ss1
FG005,122,4,High-Slow,3,15,0.57,-1,32,0.6,0,0,0,1,3,low ss1
FG005,123,4,High-Slow,1,60,0.8,-1,31,0.61,0,1,1,0,3,low ss1
FG005,124,4,High-Slow,1,60,0.56,1,32,6.02,0,0,0,1,3,low ss1
FG005,125,4,High-Slow,1,60,0.14,1,33,1.24,1,0,0,1,3,low ss1
FG005,126,4,High-Slow,1,15,0.5,-1,32,3.57,1,0,0,1,3,low ss1
FG005,127,4,High-Slow,1,15,0.14,1,33,0.29,0,0,0,1,3,low ss1
FG005,128,4,High-Slow,1,15,0.97,-1,32,0.13,1,0,0,1,3,low ss1
FG005,129,4,High-Slow,1,15,0.62,-1,31,0.96,0,0,0,1,3,low ss1
FG005,130,4,High-Slow,3,25,0.31,-1,30,2.73,0,1,1,0,3,low ss1
FG005,131,4,High-Slow,3,25,0.48,-1,29,0.48,0,0,0,1,3,low ss1
FG005,132,4,High-Slow,2,60,0.86,-1,28,0.8,0,1,1,0,3,low ss1
FG005,133,4,High-Slow,1,15,0.51,-1,27,4.34,0,1,1,0,3,low ss1
FG005,134,4,High-Slow,1,15,0.56,-1,26,1.49,0,0,0,1,3,low ss1
FG005,135,4,High-Slow,2,60,0.9,-1,25,0.15,0,1,1,0,3,low ss1
FG005,136,4,High-Slow,3,25,0.99,-1,24,0.35,0,1,1,0,3,low ss1
FG005,137,4,High-Slow,3,25,0.3,-1,23,6.07,0,0,0,1,3,low ss1
FG005,138,4,High-Slow,1,15,0.35,-1,22,1.04,0,1,1,0,3,low ss1
FG005,139,4,High-Slow,2,60,0.79,-1,21,0.53,0,1,1,0,3,low ss1
FG005,140,4,High-Slow,1,15,0.53,-1,20,12.44,0,1,1,0,3,low ss1
FG005,141,4,High-Slow,1,15,0.73,-1,19,0.65,0,0,0,1,3,low ss1
FG005,142,4,High-Slow,1,15,0.36,-1,18,0.23,0,0,0,1,3,low ss1
FG005,143,4,High-Slow,2,60,0.33,1,19,1.08,0,1,1,0,3,low ss1
FG005,144,4,High-Slow,2,60,0.25,1,20,1.08,1,0,0,1,3,low ss1
FG005,145,4,High-Slow,2,60,0.74,-1,19,0.38,1,0,0,1,3,low ss1
FG005,146,4,High-Slow,2,60,0.05,1,20,0.47,0,0,0,1,3,low ss1
FG005,147,4,High-Slow,2,60,0.62,-1,19,0.22,1,0,0,1,3,low ss1
FG005,148,4,High-Slow,2,60,0.25,1,20,1.1,0,0,0,1,3,low ss1
FG005,149,4,High-Slow,2,60,0.98,-1,19,0.14,1,0,0,1,3,low ss1
FG005,150,4,High-Slow,2,60,0.01,1,20,0.71,0,0,0,1,3,low ss1
FG011,1,1,Low-Slow,3,5,0.76,-1,-1,6.02,0,0,0,0,5,high ss1
FG011,2,1,Low-Slow,1,80,0.66,1,0,3.34,0,1,1,0,5,high ss1
FG011,3,1,Low-Slow,3,5,0.67,-1,-1,0.95,0,0,1,0,5,high ss1
FG011,4,1,Low-Slow,1,80,0.58,1,0,0.01,0,1,1,0,5,high ss1
FG011,5,1,Low-Slow,1,80,0.28,1,1,1.01,1,0,0,1,5,high ss1
FG011,6,1,Low-Slow,1,80,0.22,1,2,0.01,1,0,0,1,5,high ss1
FG011,7,1,Low-Slow,1,80,0.65,1,3,0.46,1,0,0,1,5,high ss1
FG011,8,1,Low-Slow,1,80,0.59,1,4,0.01,1,0,0,1,5,high ss1
FG011,9,1,Low-Slow,1,80,0.73,1,5,0.19,1,0,0,1,5,high ss1
FG011,10,1,Low-Slow,1,80,0.36,1,6,0.18,1,0,0,1,5,high ss1
FG011,11,1,Low-Slow,1,80,0.86,-1,5,0.13,1,0,0,1,5,high ss1
FG011,12,1,Low-Slow,3,5,0.19,-1,4,0.7,0,1,1,0,5,high ss1
FG011,13,1,Low-Slow,2,15,0.08,1,5,0.15,0,1,1,0,5,high ss1
FG011,14,1,Low-Slow,2,15,0.7,-1,4,0.98,1,0,0,1,5,high ss1
FG011,15,1,Low-Slow,3,5,0.42,-1,3,0.17,0,1,1,0,5,high ss1
FG011,16,1,Low-Slow,1,80,0.72,1,4,0.27,0,1,1,0,5,high ss1
FG011,17,1,Low-Slow,1,80,0.05,1,5,0.23,1,0,0,1,5,high ss1
FG011,18,1,Low-Slow,1,80,0.07,1,6,0.01,1,0,0,1,5,high ss1
FG011,19,1,Low-Slow,1,80,0.08,1,7,0.2,1,0,0,1,5,high ss1
FG011,20,1,Low-Slow,1,80,0.32,1,8,0.04,1,0,0,1,5,high ss1
FG011,21,1,Low-Slow,1,80,0.42,1,9,0.07,1,0,0,1,5,high ss1
FG011,22,1,Low-Slow,1,80,0.66,1,10,0.02,1,0,0,1,5,high ss1
FG011,23,1,Low-Slow,1,80,0.56,1,11,0.01,1,0,0,1,5,high ss1
FG011,24,1,Low-Slow,1,80,0.24,1,12,0.04,1,0,0,1,5,high ss1
FG011,25,1,Low-Slow,1,15,0.33,-1,11,0.01,1,0,0,1,5,high ss1
FG011,26,1,Low-Slow,1,15,0.68,-1,10,0.63,0,0,0,1,5,high ss1
FG011,27,1,Low-Slow,2,5,0.3,-1,9,0.01,0,1,1,0,5,high ss1
FG011,28,1,Low-Slow,3,80,0.52,1,10,0.41,0,1,1,0,5,high ss1
FG011,29,1,Low-Slow,1,15,0.32,-1,9,0.02,0,0,1,0,5,high ss1
FG011,30,1,Low-Slow,3,80,0.24,1,10,0.01,0,1,1,0,5,high ss1
FG011,31,1,Low-Slow,3,80,0.72,1,11,0.57,1,0,0,1,5,high ss1
FG011,32,1,Low-Slow,3,80,0.14,1,12,0.01,1,0,0,1,5,high ss1
FG011,33,1,Low-Slow,3,80,0.66,1,13,0.32,1,0,0,1,5,high ss1
FG011,34,1,Low-Slow,3,80,0.71,1,14,0.04,1,0,0,1,5,high ss1
FG011,35,1,Low-Slow,3,80,0.29,1,15,0.38,1,0,0,1,5,high ss1
FG011,36,1,Low-Slow,3,80,0.55,1,16,0.13,1,0,0,1,5,high ss1
FG011,37,1,Low-Slow,3,80,0.08,1,17,0.05,1,0,0,1,5,high ss1
FG011,38,1,Low-Slow,3,80,0.44,1,18,0.01,1,0,0,1,5,high ss1
FG011,39,1,Low-Slow,3,80,0.84,-1,17,0.01,1,0,0,1,5,high ss1
FG011,40,1,Low-Slow,1,15,0.45,-1,16,0.34,0,1,1,0,5,high ss1
FG011,41,1,Low-Slow,2,5,0.33,-1,15,0.2,0,1,1,0,5,high ss1
FG011,42,1,Low-Slow,1,15,0.08,1,16,0.15,0,1,1,0,5,high ss1
FG011,43,1,Low-Slow,1,15,0.03,1,17,0.02,1,0,0,1,5,high ss1
FG011,44,1,Low-Slow,1,15,0.44,-1,16,0.11,1,0,0,1,5,high ss1
FG011,45,1,Low-Slow,3,80,0.06,1,17,0.46,0,1,1,0,5,high ss1
FG011,46,1,Low-Slow,3,80,0.68,1,18,0.06,1,0,0,1,5,high ss1
FG011,47,1,Low-Slow,3,80,0.62,1,19,0.01,1,0,0,1,5,high ss1
FG011,48,1,Low-Slow,3,80,0.91,-1,18,0.01,1,0,0,1,5,high ss1
FG011,49,1,Low-Slow,1,15,0.74,-1,17,0.32,0,1,1,0,5,high ss1
FG011,50,1,Low-Slow,1,15,0.73,-1,16,0.01,0,0,0,1,5,high ss1
FG011,151,2,High-Fast,1,60,0.2,1,17,1.39,0,0,0,1,5,high ss1
FG011,152,2,High-Fast,1,60,0.76,-1,16,0.33,1,0,0,1,5,high ss1
FG011,153,2,High-Fast,3,15,0.47,-1,15,0.17,0,1,1,0,5,high ss1
FG011,154,2,High-Fast,2,25,0.19,1,16,0.05,0,1,1,0,5,high ss1
FG011,155,2,High-Fast,1,60,0.14,1,17,0.18,0,0,1,0,5,high ss1
FG011,156,2,High-Fast,2,25,0.3,-1,16,0.23,0,0,1,0,5,high ss1
FG011,157,2,High-Fast,3,15,0.24,-1,15,0.04,0,1,1,0,5,high ss1
FG011,158,2,High-Fast,1,60,0.25,1,16,0.01,0,1,1,0,5,high ss1
FG011,159,2,High-Fast,1,60,0.08,1,17,0.22,1,0,0,1,5,high ss1
FG011,160,2,High-Fast,1,60,0.09,1,18,0.02,1,0,0,1,5,high ss1
FG011,161,2,High-Fast,1,25,0.37,-1,17,0.18,1,0,0,1,5,high ss1
FG011,162,2,High-Fast,2,15,0.39,-1,16,0.14,0,1,1,0,5,high ss1
FG011,163,2,High-Fast,3,60,0.72,-1,15,0.17,0,1,1,0,5,high ss1
FG011,164,2,High-Fast,1,25,0.86,-1,14,0.23,0,1,1,0,5,high ss1
FG011,165,2,High-Fast,3,60,0.07,1,15,0.46,0,1,1,0,5,high ss1
FG011,166,2,High-Fast,3,60,0.65,-1,14,0.42,1,0,0,1,5,high ss1
FG011,167,2,High-Fast,2,15,0.33,-1,13,0.73,0,1,1,0,5,high ss1
FG011,168,2,High-Fast,3,60,0.67,-1,12,0.19,0,1,1,0,5,high ss1
FG011,169,2,High-Fast,1,25,0.52,-1,11,0.05,0,1,1,0,5,high ss1
FG011,170,2,High-Fast,3,60,0.08,1,12,1.76,0,1,1,0,5,high ss1
FG011,171,2,High-Fast,3,25,0.28,-1,11,0.52,1,0,0,1,5,high ss1
FG011,172,2,High-Fast,1,15,0.08,1,12,0.03,0,1,1,0,5,high ss1
FG011,173,2,High-Fast,1,15,0.26,-1,11,0.92,1,0,0,1,5,high ss1
FG011,174,2,High-Fast,2,60,0.45,1,12,0.3,0,1,1,0,5,high ss1
FG011,175,2,High-Fast,2,60,0.92,-1,11,0.18,1,0,0,1,5,high ss1
FG011,176,2,High-Fast,2,60,0.37,1,12,0.73,0,0,0,1,5,high ss1
FG011,177,2,High-Fast,2,60,0.55,1,13,0.25,1,0,0,1,5,high ss1
FG011,178,2,High-Fast,2,60,0.07,1,14,0.23,1,0,0,1,5,high ss1
FG011,179,2,High-Fast,2,60,0.31,1,15,0.04,1,0,0,1,5,high ss1
FG011,180,2,High-Fast,2,60,0.77,-1,14,0.42,1,0,0,1,5,high ss1
FG011,181,2,High-Fast,1,60,0.66,-1,13,0.32,0,1,1,0,5,high ss1
FG011,182,2,High-Fast,2,15,0.38,-1,12,0.31,0,1,1,0,5,high ss1
FG011,183,2,High-Fast,1,60,1.0,-1,11,0.6,0,1,1,0,5,high ss1
FG011,184,2,High-Fast,3,25,0.17,1,12,0.31,0,1,1,0,5,high ss1
FG011,185,2,High-Fast,2,15,0.11,1,13,0.52,0,0,1,0,5,high ss1
FG011,186,2,High-Fast,2,15,0.39,-1,12,0.09,1,0,0,1,5,high ss1
FG011,187,2,High-Fast,3,25,0.68,-1,11,0.42,0,1,1,0,5,high ss1
FG011,188,2,High-Fast,2,15,0.85,-1,10,0.1,0,1,1,0,5,high ss1
FG011,189,2,High-Fast,1,60,0.63,-1,9,0.13,0,1,1,0,5,high ss1
FG011,190,2,High-Fast,2,15,0.03,1,10,0.35,0,1,1,0,5,high ss1
FG011,191,2,High-Fast,2,25,0.19,1,11,0.08,1,0,0,1,5,high ss1
FG011,192,2,High-Fast,2,25,0.45,-1,10,0.1,1,0,0,1,5,high ss1
FG011,193,2,High-Fast,2,25,0.83,-1,9,1.08,0,0,0,1,5,high ss1
FG011,194,2,High-Fast,2,25,0.88,-1,8,0.01,0,0,0,1,5,high ss1
FG011,195,2,High-Fast,1,15,0.44,-1,7,0.01,0,1,1,0,5,high ss1
FG011,196,2,High-Fast,2,25,0.18,1,8,0.13,0,1,1,0,5,high ss1
FG011,197,2,High-Fast,2,25,0.19,1,9,0.08,1,0,0,1,5,high ss1
FG011,198,2,High-Fast,2,25,0.2,1,10,0.01,1,0,0,1,5,high ss1
FG011,199,2,High-Fast,2,25,0.45,-1,9,0.22,1,0,0,1,5,high ss1
FG011,200,2,High-Fast,3,60,0.52,1,10,1.13,0,1,1,0,5,high ss1
FG011,51,3,Low-Fast,1,80,0.81,-1,9,1.69,0,0,1,0,5,high ss1
FG011,52,3,Low-Fast,3,5,0.95,-1,8,0.27,0,1,1,0,5,high ss1
FG011,53,3,Low-Fast,2,15,0.33,-1,7,0.01,0,1,1,0,5,high ss1
FG011,54,3,Low-Fast,1,80,0.13,1,8,0.23,0,1,1,0,5,high ss1
FG011,55,3,Low-Fast,1,80,0.47,1,9,0.3,1,0,0,1,5,high ss1
FG011,56,3,Low-Fast,2,15,0.41,-1,8,0.19,0,0,1,0,5,high ss1
FG011,57,3,Low-Fast,1,80,0.71,1,9,0.05,0,1,1,0,5,high ss1
FG011,58,3,Low-Fast,3,5,0.11,-1,8,0.31,0,0,1,0,5,high ss1
FG011,59,3,Low-Fast,1,80,0.87,-1,7,0.27,0,1,1,0,5,high ss1
FG011,60,3,Low-Fast,2,15,0.9,-1,6,0.74,0,1,1,0,5,high ss1
FG011,61,3,Low-Fast,1,15,0.32,-1,5,0.18,0,1,1,0,5,high ss1
FG011,62,3,Low-Fast,3,80,0.25,1,6,0.42,0,1,1,0,5,high ss1
FG011,63,3,Low-Fast,3,80,0.66,1,7,0.01,1,0,0,1,5,high ss1
FG011,64,3,Low-Fast,3,80,0.85,-1,6,0.1,1,0,0,1,5,high ss1
FG011,65,3,Low-Fast,2,5,0.9,-1,5,0.17,0,1,1,0,5,high ss1
FG011,66,3,Low-Fast,1,15,0.42,-1,4,0.01,0,1,1,0,5,high ss1
FG011,67,3,Low-Fast,3,80,0.5,1,5,0.31,0,1,1,0,5,high ss1
FG011,68,3,Low-Fast,3,80,0.16,1,6,0.02,1,0,0,1,5,high ss1
FG011,69,3,Low-Fast,3,80,0.56,1,7,0.01,1,0,0,1,5,high ss1
FG011,70,3,Low-Fast,3,80,0.38,1,8,0.01,1,0,0,1,5,high ss1
FG011,71,3,Low-Fast,3,15,0.65,-1,7,0.01,1,0,0,1,5,high ss1
FG011,72,3,Low-Fast,3,15,0.08,1,8,0.35,0,0,0,1,5,high ss1
FG011,73,3,Low-Fast,3,15,1.0,-1,7,0.01,1,0,0,1,5,high ss1
FG011,74,3,Low-Fast,3,15,0.01,1,8,0.65,0,0,0,1,5,high ss1
FG011,75,3,Low-Fast,3,15,0.52,-1,7,0.06,1,0,0,1,5,high ss1
FG011,76,3,Low-Fast,1,5,0.92,-1,6,0.07,0,1,1,0,5,high ss1
FG011,77,3,Low-Fast,3,15,0.73,-1,5,0.01,0,1,1,0,5,high ss1
FG011,78,3,Low-Fast,3,15,0.51,-1,4,0.42,0,0,0,1,5,high ss1
FG011,79,3,Low-Fast,2,80,0.63,1,5,0.11,0,1,1,0,5,high ss1
FG011,80,3,Low-Fast,3,15,0.42,-1,4,0.37,0,0,1,0,5,high ss1
FG011,81,3,Low-Fast,2,5,0.48,-1,3,0.28,0,1,1,0,5,high ss1
FG011,82,3,Low-Fast,3,15,0.27,-1,2,0.02,0,1,1,0,5,high ss1
FG011,83,3,Low-Fast,1,80,0.3,1,3,0.27,0,1,1,0,5,high ss1
FG011,84,3,Low-Fast,1,80,0.75,1,4,0.42,1,0,0,1,5,high ss1
FG011,85,3,Low-Fast,1,80,0.08,1,5,0.02,1,0,0,1,5,high ss1
FG011,86,3,Low-Fast,1,80,0.49,1,6,0.35,1,0,0,1,5,high ss1
FG011,87,3,Low-Fast,1,80,0.54,1,7,0.02,1,0,0,1,5,high ss1
FG011,88,3,Low-Fast,1,80,0.02,1,8,0.01,1,0,0,1,5,high ss1
FG011,89,3,Low-Fast,1,80,0.96,-1,7,0.13,1,0,0,1,5,high ss1
FG011,90,3,Low-Fast,3,15,0.04,1,8,0.01,0,1,1,0,5,high ss1
FG011,91,3,Low-Fast,3,5,0.63,-1,7,0.3,1,0,0,1,5,high ss1
FG011,92,3,Low-Fast,2,80,0.08,1,8,0.26,0,1,1,0,5,high ss1
FG011,93,3,Low-Fast,2,80,0.73,1,9,0.02,1,0,0,1,5,high ss1
FG011,94,3,Low-Fast,2,80,0.46,1,10,0.01,1,0,0,1,5,high ss1
FG011,95,3,Low-Fast,2,80,0.6,1,11,0.01,1,0,0,1,5,high ss1
FG011,96,3,Low-Fast,2,80,0.82,-1,10,0.01,1,0,0,1,5,high ss1
FG011,97,3,Low-Fast,3,5,0.78,-1,9,0.01,0,1,1,0,5,high ss1
FG011,98,3,Low-Fast,3,5,0.37,-1,8,0.93,0,0,0,1,5,high ss1
FG011,99,3,Low-Fast,2,80,0.75,1,9,0.83,0,1,1,0,5,high ss1
FG011,100,3,Low-Fast,2,80,0.87,-1,8,0.01,1,0,0,1,5,high ss1
FG011,101,4,High-Slow,2,25,0.96,-1,7,1.81,0,0,0,1,5,high ss1
FG011,102,4,High-Slow,3,15,0.29,-1,6,0.62,0,1,1,0,5,high ss1
FG011,103,4,High-Slow,1,60,0.38,1,7,0.51,0,1,1,0,5,high ss1
FG011,104,4,High-Slow,1,60,0.81,-1,6,0.01,1,0,0,1,5,high ss1
FG011,105,4,High-Slow,2,25,0.22,1,7,0.05,0,1,1,0,5,high ss1
FG011,106,4,High-Slow,3,15,0.61,-1,6,0.01,0,0,1,0,5,high ss1
FG011,107,4,High-Slow,2,25,0.83,-1,5,0.02,0,1,1,0,5,high ss1
FG011,108,4,High-Slow,3,15,0.77,-1,4,0.07,0,1,1,0,5,high ss1
FG011,109,4,High-Slow,1,60,0.19,1,5,0.32,0,1,1,0,5,high ss1
FG011,110,4,High-Slow,1,60,0.98,-1,4,0.02,1,0,0,1,5,high ss1
FG011,111,4,High-Slow,3,15,0.52,-1,3,0.49,0,1,1,0,5,high ss1
FG011,112,4,High-Slow,2,25,0.77,-1,2,0.1,0,1,1,0,5,high ss1
FG011,113,4,High-Slow,1,60,0.72,-1,1,0.07,0,1,1,0,5,high ss1
FG011,114,4,High-Slow,1,60,0.3,1,2,0.07,0,0,0,1,5,high ss1
FG011,115,4,High-Slow,1,60,0.35,1,3,0.16,1,0,0,1,5,high ss1
FG011,116,4,High-Slow,1,60,0.32,1,4,0.01,1,0,0,1,5,high ss1
FG011,117,4,High-Slow,1,60,0.38,1,5,0.01,1,0,0,1,5,high ss1
FG011,118,4,High-Slow,1,60,0.22,1,6,0.15,1,0,0,1,5,high ss1
FG011,119,4,High-Slow,1,60,0.26,1,7,0.01,1,0,0,1,5,high ss1
FG011,120,4,High-Slow,1,60,0.48,1,8,0.12,1,0,0,1,5,high ss1
FG011,121,4,High-Slow,1,60,0.7,-1,7,0.25,1,0,0,1,5,high ss1
FG011,122,4,High-Slow,2,25,0.52,-1,6,0.26,0,1,1,0,5,high ss1
FG011,123,4,High-Slow,1,60,0.46,1,7,0.28,0,1,1,0,5,high ss1
FG011,124,4,High-Slow,1,60,0.29,1,8,0.01,1,0,0,1,5,high ss1
FG011,125,4,High-Slow,1,60,0.22,1,9,0.37,1,0,0,1,5,high ss1
FG011,126,4,High-Slow,1,15,0.65,-1,8,0.01,1,0,0,1,5,high ss1
FG011,127,4,High-Slow,2,60,0.67,-1,7,0.15,0,1,1,0,5,high ss1
FG011,128,4,High-Slow,1,15,0.62,-1,6,0.16,0,1,1,0,5,high ss1
FG011,129,4,High-Slow,3,25,0.32,-1,5,0.01,0,1,1,0,5,high ss1
FG011,130,4,High-Slow,1,15,0.62,-1,4,0.04,0,1,1,0,5,high ss1
FG011,131,4,High-Slow,1,15,0.67,-1,3,0.36,0,0,0,1,5,high ss1
FG011,132,4,High-Slow,2,60,0.04,1,4,0.47,0,1,1,0,5,high ss1
FG011,133,4,High-Slow,2,60,0.51,1,5,0.27,1,0,0,1,5,high ss1
FG011,134,4,High-Slow,2,60,0.2,1,6,0.01,1,0,0,1,5,high ss1
FG011,135,4,High-Slow,2,60,0.7,-1,5,0.39,1,0,0,1,5,high ss1
FG011,136,4,High-Slow,1,15,0.75,-1,4,0.08,0,1,1,0,5,high ss1
FG011,137,4,High-Slow,3,25,0.13,1,5,0.22,0,1,1,0,5,high ss1
FG011,138,4,High-Slow,3,25,0.74,-1,4,0.01,1,0,0,1,5,high ss1
FG011,139,4,High-Slow,1,15,0.19,-1,3,0.25,0,1,1,0,5,high ss1
FG011,140,4,High-Slow,2,60,0.11,1,4,0.01,0,1,1,0,5,high ss1
FG011,141,4,High-Slow,3,25,0.72,-1,3,0.33,0,0,1,0,5,high ss1
FG011,142,4,High-Slow,2,60,0.88,-1,2,0.2,0,1,1,0,5,high ss1
FG011,143,4,High-Slow,3,25,0.35,-1,1,0.01,0,1,1,0,5,high ss1
FG011,144,4,High-Slow,1,15,0.93,-1,0,0.04,0,1,1,0,5,high ss1
FG011,145,4,High-Slow,3,25,0.7,-1,-1,0.95,0,1,1,0,5,high ss1
FG011,146,4,High-Slow,2,60,0.5,1,0,0.52,0,1,1,0,5,high ss1
FG011,147,4,High-Slow,2,60,0.24,1,1,0.01,1,0,0,1,5,high ss1
FG011,148,4,High-Slow,2,60,0.92,-1,0,0.01,1,0,0,1,5,high ss1
FG011,149,4,High-Slow,1,15,0.17,-1,-1,0.64,0,1,1,0,5,high ss1
FG011,150,4,High-Slow,2,60,0.37,1,0,0.18,0,1,1,0,5,high ss1
FG012,1,1,Low-Slow,1,80,0.08,1,1,1.22,0,0,0,0,5,high ss1
FG012,2,1,Low-Slow,1,80,0.48,1,2,0.01,1,0,0,1,5,high ss1
FG012,3,1,Low-Slow,1,80,0.9,-1,1,0.01,1,0,0,1,5,high ss1
FG012,4,1,Low-Slow,3,5,0.83,-1,0,0.19,0,1,1,0,5,high ss1
FG012,5,1,Low-Slow,1,80,0.39,1,1,0.09,0,1,1,0,5,high ss1
FG012,6,1,Low-Slow,1,80,0.13,1,2,0.01,1,0,0,1,5,high ss1
FG012,7,1,Low-Slow,2,15,0.9,-1,1,0.01,0,0,1,0,5,high ss1
FG012,8,1,Low-Slow,1,80,0.34,1,2,0.01,0,1,1,0,5,high ss1
FG012,9,1,Low-Slow,3,5,0.98,-1,1,0.45,0,0,1,0,5,high ss1
FG012,10,1,Low-Slow,1,80,0.53,1,2,0.01,0,1,1,0,5,high ss1
FG012,11,1,Low-Slow,1,80,0.68,1,3,0.03,1,0,0,1,5,high ss1
FG012,12,1,Low-Slow,1,80,0.39,1,4,0.25,1,0,0,1,5,high ss1
FG012,13,1,Low-Slow,1,80,0.21,1,5,0.44,1,0,0,1,5,high ss1
FG012,14,1,Low-Slow,2,15,0.1,1,6,0.31,0,0,1,0,5,high ss1
FG012,15,1,Low-Slow,1,80,0.05,1,7,0.31,0,0,1,0,5,high ss1
FG012,16,1,Low-Slow,3,5,0.5,-1,6,0.11,0,0,1,0,5,high ss1
FG012,17,1,Low-Slow,1,80,0.24,1,7,0.25,0,1,1,0,5,high ss1
FG012,18,1,Low-Slow,2,15,0.78,-1,6,0.01,0,0,1,0,5,high ss1
FG012,19,1,Low-Slow,3,5,0.11,-1,5,0.7,0,1,1,0,5,high ss1
FG012,20,1,Low-Slow,1,80,0.77,1,6,0.28,0,1,1,0,5,high ss1
FG012,21,1,Low-Slow,1,80,0.19,1,7,0.01,1,0,0,1,5,high ss1
FG012,22,1,Low-Slow,1,80,0.1,1,8,0.17,1,0,0,1,5,high ss1
FG012,23,1,Low-Slow,2,15,0.26,-1,7,0.01,0,0,1,0,5,high ss1
FG012,24,1,Low-Slow,3,5,0.77,-1,6,0.19,0,1,1,0,5,high ss1
FG012,25,1,Low-Slow,1,15,0.62,-1,5,0.04,0,1,1,0,5,high ss1
FG012,26,1,Low-Slow,3,80,0.6,1,6,0.05,0,1,1,0,5,high ss1
FG012,27,1,Low-Slow,3,80,0.0,1,7,0.01,1,0,0,1,5,high ss1
FG012,28,1,Low-Slow,3,80,0.04,1,8,0.09,1,0,0,1,5,high ss1
FG012,29,1,Low-Slow,1,15,0.91,-1,7,0.1,0,0,1,0,5,high ss1
FG012,30,1,Low-Slow,3,80,0.32,1,8,0.25,0,1,1,0,5,high ss1
FG012,31,1,Low-Slow,2,5,0.78,-1,7,0.01,0,0,1,0,5,high ss1
FG012,32,1,Low-Slow,3,80,0.21,1,8,0.01,0,1,1,0,5,high ss1
FG012,33,1,Low-Slow,1,15,0.75,-1,7,0.17,0,0,1,0,5,high ss1
FG012,34,1,Low-Slow,3,80,0.69,1,8,0.07,0,1,1,0,5,high ss1
FG012,35,1,Low-Slow,3,80,0.28,1,9,0.05,1,0,0,1,5,high ss1
FG012,36,1,Low-Slow,1,15,0.17,-1,8,0.32,0,0,1,0,5,high ss1
FG012,37,1,Low-Slow,2,5,1.0,-1,7,0.18,0,1,1,0,5,high ss1
FG012,38,1,Low-Slow,3,80,0.55,1,8,0.35,0,1,1,0,5,high ss1
FG012,39,1,Low-Slow,3,80,0.53,1,9,0.06,1,0,0,1,5,high ss1
FG012,40,1,Low-Slow,3,80,0.87,-1,8,0.01,1,0,0,1,5,high ss1
FG012,41,1,Low-Slow,2,5,0.71,-1,7,0.03,0,1,1,0,5,high ss1
FG012,42,1,Low-Slow,1,15,0.11,1,8,0.39,0,1,1,0,5,high ss1
FG012,43,1,Low-Slow,1,15,0.92,-1,7,0.01,1,0,0,1,5,high ss1
FG012,44,1,Low-Slow,3,80,0.26,1,8,0.09,0,1,1,0,5,high ss1
FG012,45,1,Low-Slow,3,80,0.25,1,9,0.11,1,0,0,1,5,high ss1
FG012,46,1,Low-Slow,1,15,0.36,-1,8,0.01,0,0,1,0,5,high ss1
FG012,47,1,Low-Slow,2,5,0.19,-1,7,0.22,0,1,1,0,5,high ss1
FG012,48,1,Low-Slow,3,80,0.25,1,8,0.02,0,1,1,0,5,high ss1
FG012,49,1,Low-Slow,3,80,0.93,-1,7,0.01,1,0,0,1,5,high ss1
FG012,50,1,Low-Slow,2,5,1.0,-1,6,0.22,0,1,1,0,5,high ss1
FG012,51,2,Low-Fast,2,15,0.17,-1,5,0.99,0,0,0,1,5,high ss1
FG012,52,2,Low-Fast,3,5,0.07,-1,4,0.25,0,1,1,0,5,high ss1
FG012,53,2,Low-Fast,1,80,0.27,1,5,0.07,0,1,1,0,5,high ss1
FG012,54,2,Low-Fast,1,80,0.46,1,6,0.01,1,0,0,1,5,high ss1
FG012,55,2,Low-Fast,1,80,0.13,1,7,0.01,1,0,0,1,5,high ss1
FG012,56,2,Low-Fast,2,15,0.45,-1,6,0.35,0,0,1,0,5,high ss1
FG012,57,2,Low-Fast,1,80,0.45,1,7,1.25,0,1,1,0,5,high ss1
FG012,58,2,Low-Fast,3,5,0.05,-1,6,0.37,0,0,1,0,5,high ss1
FG012,59,2,Low-Fast,1,80,0.62,1,7,0.01,0,1,1,0,5,high ss1
FG012,60,2,Low-Fast,2,15,0.47,-1,6,0.26,0,0,1,0,5,high ss1
FG012,61,2,Low-Fast,1,15,0.98,-1,5,0.03,0,1,1,0,5,high ss1
FG012,62,2,Low-Fast,1,15,0.02,1,6,0.31,0,0,0,1,5,high ss1
FG012,63,2,Low-Fast,3,80,0.35,1,7,0.01,0,0,1,0,5,high ss1
FG012,64,2,Low-Fast,3,80,0.8,1,8,0.21,1,0,0,1,5,high ss1
FG012,65,2,Low-Fast,3,80,0.99,-1,7,0.18,1,0,0,1,5,high ss1
FG012,66,2,Low-Fast,2,5,0.54,-1,6,0.01,0,1,1,0,5,high ss1
FG012,67,2,Low-Fast,1,15,0.07,1,7,0.39,0,1,1,0,5,high ss1
FG012,68,2,Low-Fast,1,15,0.18,-1,6,0.01,1,0,0,1,5,high ss1
FG012,69,2,Low-Fast,1,15,0.04,1,7,0.43,0,0,0,1,5,high ss1
FG012,70,2,Low-Fast,1,15,0.48,-1,6,0.26,1,0,0,1,5,high ss1
FG012,71,2,Low-Fast,2,80,0.68,1,7,0.01,0,1,1,0,5,high ss1
FG012,72,2,Low-Fast,2,80,0.95,-1,6,0.08,1,0,0,1,5,high ss1
FG012,73,2,Low-Fast,3,15,0.15,1,7,0.16,0,1,1,0,5,high ss1
FG012,74,2,Low-Fast,3,15,0.05,1,8,0.01,1,0,0,1,5,high ss1
FG012,75,2,Low-Fast,3,15,0.06,1,9,0.01,1,0,0,1,5,high ss1
FG012,76,2,Low-Fast,3,15,0.72,-1,8,0.01,1,0,0,1,5,high ss1
FG012,77,2,Low-Fast,1,5,0.37,-1,7,0.4,0,1,1,0,5,high ss1
FG012,78,2,Low-Fast,3,15,0.15,-1,6,0.07,0,1,1,0,5,high ss1
FG012,79,2,Low-Fast,1,5,0.03,1,7,1.28,0,1,1,0,5,high ss1
FG012,80,2,Low-Fast,1,5,0.43,-1,6,0.05,1,0,0,1,5,high ss1
FG012,81,2,Low-Fast,2,5,0.96,-1,5,0.01,0,1,1,0,5,high ss1
FG012,82,2,Low-Fast,1,80,0.32,1,6,0.01,0,1,1,0,5,high ss1
FG012,83,2,Low-Fast,1,80,0.56,1,7,0.03,1,0,0,1,5,high ss1
FG012,84,2,Low-Fast,1,80,0.16,1,8,0.44,1,0,0,1,5,high ss1
FG012,85,2,Low-Fast,3,15,0.07,1,9,0.01,0,0,1,0,5,high ss1
FG012,86,2,Low-Fast,3,15,0.38,-1,8,1.86,1,0,0,1,5,high ss1
FG012,87,2,Low-Fast,2,5,0.7,-1,7,0.01,0,1,1,0,5,high ss1
FG012,88,2,Low-Fast,1,80,0.08,1,8,0.01,0,1,1,0,5,high ss1
FG012,89,2,Low-Fast,1,80,0.5,1,9,0.03,1,0,0,1,5,high ss1
FG012,90,2,Low-Fast,1,80,0.65,1,10,0.82,1,0,0,1,5,high ss1
FG012,91,2,Low-Fast,3,5,0.7,-1,9,0.01,0,0,1,0,5,high ss1
FG012,92,2,Low-Fast,2,80,0.33,1,10,0.01,0,1,1,0,5,high ss1
FG012,93,2,Low-Fast,3,5,0.91,-1,9,0.84,0,0,1,0,5,high ss1
FG012,94,2,Low-Fast,2,80,0.08,1,10,0.01,0,1,1,0,5,high ss1
FG012,95,2,Low-Fast,1,15,0.09,1,11,0.35,0,0,1,0,5,high ss1
FG012,96,2,Low-Fast,1,15,0.28,-1,10,0.05,1,0,0,1,5,high ss1
FG012,97,2,Low-Fast,2,80,0.19,1,11,0.01,0,1,1,0,5,high ss1
FG012,98,2,Low-Fast,3,5,0.23,-1,10,0.92,0,0,1,0,5,high ss1
FG012,99,2,Low-Fast,2,80,0.27,1,11,0.01,0,1,1,0,5,high ss1
FG012,100,2,Low-Fast,1,15,0.56,-1,10,0.64,0,0,1,0,5,high ss1
FG012,151,3,High-Fast,1,60,0.68,-1,9,1.77,0,0,0,1,5,high ss1
FG012,152,3,High-Fast,2,25,0.98,-1,8,0.01,0,1,1,0,5,high ss1
FG012,153,3,High-Fast,3,15,0.6,-1,7,0.01,0,1,1,0,5,high ss1
FG012,154,3,High-Fast,1,60,1.0,-1,6,0.28,0,1,1,0,5,high ss1
FG012,155,3,High-Fast,1,60,0.45,1,7,0.03,0,0,0,1,5,high ss1
FG012,156,3,High-Fast,1,60,0.11,1,8,0.2,1,0,0,1,5,high ss1
FG012,157,3,High-Fast,1,60,0.76,-1,7,0.23,1,0,0,1,5,high ss1
FG012,158,3,High-Fast,2,25,0.01,1,8,0.11,0,1,1,0,5,high ss1
FG012,159,3,High-Fast,2,25,0.3,-1,7,0.18,1,0,0,1,5,high ss1
FG012,160,3,High-Fast,1,60,0.12,1,8,0.05,0,1,1,0,5,high ss1
FG012,161,3,High-Fast,1,25,0.13,1,9,0.01,1,0,0,1,5,high ss1
FG012,162,3,High-Fast,1,25,0.32,-1,8,0.04,1,0,0,1,5,high ss1
FG012,163,3,High-Fast,3,60,0.16,1,9,1.18,0,1,1,0,5,high ss1
FG012,164,3,High-Fast,3,60,0.49,1,10,0.05,1,0,0,1,5,high ss1
FG012,165,3,High-Fast,3,60,0.92,-1,9,0.47,1,0,0,1,5,high ss1
FG012,166,3,High-Fast,1,25,0.0,1,10,0.27,0,1,1,0,5,high ss1
FG012,167,3,High-Fast,1,25,0.84,-1,9,0.12,1,0,0,1,5,high ss1
FG012,168,3,High-Fast,3,60,0.12,1,10,0.02,0,1,1,0,5,high ss1
FG012,169,3,High-Fast,2,15,0.71,-1,9,0.3,0,0,1,0,5,high ss1
FG012,170,3,High-Fast,1,25,0.76,-1,8,0.01,0,1,1,0,5,high ss1
FG012,171,3,High-Fast,2,60,0.92,-1,7,0.23,0,1,1,0,5,high ss1
FG012,172,3,High-Fast,3,25,0.07,1,8,0.41,0,1,1,0,5,high ss1
FG012,173,3,High-Fast,3,25,0.06,1,9,0.01,1,0,0,1,5,high ss1
FG012,174,3,High-Fast,3,25,0.19,1,10,0.6,1,0,0,1,5,high ss1
FG012,175,3,High-Fast,1,15,0.94,-1,9,0.33,0,0,1,0,5,high ss1
FG012,176,3,High-Fast,3,25,0.9,-1,8,0.62,0,1,1,0,5,high ss1
FG012,177,3,High-Fast,1,15,0.67,-1,7,0.12,0,1,1,0,5,high ss1
FG012,178,3,High-Fast,1,15,0.44,-1,6,1.11,0,0,0,1,5,high ss1
FG012,179,3,High-Fast,3,25,0.88,-1,5,1.05,0,1,1,0,5,high ss1
FG012,180,3,High-Fast,1,15,0.17,-1,4,0.16,0,1,1,0,5,high ss1
FG012,181,3,High-Fast,2,15,0.01,1,5,0.05,0,1,1,0,5,high ss1
FG012,182,3,High-Fast,2,15,0.5,-1,4,1.06,1,0,0,1,5,high ss1
FG012,183,3,High-Fast,1,60,0.77,-1,3,0.09,0,1,1,0,5,high ss1
FG012,184,3,High-Fast,2,15,0.82,-1,2,0.36,0,1,1,0,5,high ss1
FG012,185,3,High-Fast,3,25,0.98,-1,1,0.2,0,1,1,0,5,high ss1
FG012,186,3,High-Fast,1,60,0.69,-1,0,0.19,0,1,1,0,5,high ss1
FG012,187,3,High-Fast,1,60,0.67,-1,-1,0.19,0,0,0,1,5,high ss1
FG012,188,3,High-Fast,1,60,0.5,1,0,0.01,0,0,0,1,5,high ss1
FG012,189,3,High-Fast,1,60,0.02,1,1,0.01,1,0,0,1,5,high ss1
FG012,190,3,High-Fast,1,60,0.62,-1,0,0.02,1,0,0,1,5,high ss1
FG012,191,3,High-Fast,2,25,0.01,1,1,0.01,0,1,1,0,5,high ss1
FG012,192,3,High-Fast,2,25,0.32,-1,0,0.39,1,0,0,1,5,high ss1
FG012,193,3,High-Fast,1,15,0.49,-1,-1,0.01,0,1,1,0,5,high ss1
FG012,194,3,High-Fast,3,60,0.34,1,0,0.31,0,1,1,0,5,high ss1
FG012,195,3,High-Fast,3,60,0.78,-1,-1,0.85,1,0,0,1,5,high ss1
FG012,196,3,High-Fast,2,25,0.89,-1,-2,0.31,0,1,1,0,5,high ss1
FG012,197,3,High-Fast,1,15,0.05,1,-1,0.03,0,1,1,0,5,high ss1
FG012,198,3,High-Fast,1,15,0.67,-1,-2,0.2,1,0,0,1,5,high ss1
FG012,199,3,High-Fast,2,25,0.43,-1,-3,0.01,0,1,1,0,5,high ss1
FG012,200,3,High-Fast,3,60,0.66,-1,-4,0.05,0,1,1,0,5,high ss1
FG012,101,4,High-Slow,1,60,0.43,1,-3,1.44,0,1,1,0,5,high ss1
FG012,102,4,High-Slow,1,60,0.16,1,-2,0.01,1,0,0,1,5,high ss1
FG012,103,4,High-Slow,3,15,0.43,-1,-3,0.01,0,0,1,0,5,high ss1
FG012,104,4,High-Slow,2,25,0.74,-1,-4,0.44,0,1,1,0,5,high ss1
FG012,105,4,High-Slow,1,60,0.26,1,-3,0.58,0,1,1,0,5,high ss1
FG012,106,4,High-Slow,2,25,0.29,-1,-4,0.01,0,0,1,0,5,high ss1
FG012,107,4,High-Slow,3,15,0.45,-1,-5,0.35,0,1,1,0,5,high ss1
FG012,108,4,High-Slow,1,60,0.87,-1,-6,0.12,0,1,1,0,5,high ss1
FG012,109,4,High-Slow,1,60,0.91,-1,-7,0.18,0,0,0,1,5,high ss1
FG012,110,4,High-Slow,3,15,0.45,-1,-8,0.01,0,1,1,0,5,high ss1
FG012,111,4,High-Slow,1,60,0.07,1,-7,0.43,0,1,1,0,5,high ss1
FG012,112,4,High-Slow,1,60,0.63,-1,-8,0.12,1,0,0,1,5,high ss1
FG012,113,4,High-Slow,3,15,0.88,-1,-9,0.66,0,1,1,0,5,high ss1
FG012,114,4,High-Slow,1,60,0.93,-1,-10,0.02,0,1,1,0,5,high ss1
FG012,115,4,High-Slow,2,25,0.2,1,-9,0.76,0,1,1,0,5,high ss1
FG012,116,4,High-Slow,2,25,0.89,-1,-10,0.1,1,0,0,1,5,high ss1
FG012,117,4,High-Slow,1,60,0.95,-1,-11,0.03,0,1,1,0,5,high ss1
FG012,118,4,High-Slow,1,60,0.02,1,-10,0.75,0,0,0,1,5,high ss1
FG012,119,4,High-Slow,2,25,0.65,-1,-11,0.12,0,0,1,0,5,high ss1
FG012,120,4,High-Slow,3,15,0.42,-1,-12,0.05,0,1,1,0,5,high ss1
FG012,121,4,High-Slow,1,60,0.89,-1,-13,0.13,0,1,1,0,5,high ss1
FG012,122,4,High-Slow,3,15,0.26,-1,-14,0.08,0,1,1,0,5,high ss1
FG012,123,4,High-Slow,2,25,0.16,1,-13,0.06,0,1,1,0,5,high ss1
FG012,124,4,High-Slow,2,25,0.96,-1,-14,0.19,1,0,0,1,5,high ss1
FG012,125,4,High-Slow,1,60,0.84,-1,-15,0.01,0,1,1,0,5,high ss1
FG012,126,4,High-Slow,3,25,0.35,-1,-16,0.01,0,1,1,0,5,high ss1
FG012,127,4,High-Slow,1,15,0.31,-1,-17,0.36,0,1,1,0,5,high ss1
FG012,128,4,High-Slow,2,60,0.88,-1,-18,0.01,0,1,1,0,5,high ss1
FG012,129,4,High-Slow,1,15,0.65,-1,-19,0.07,0,1,1,0,5,high ss1
FG012,130,4,High-Slow,3,25,0.49,-1,-20,0.31,0,1,1,0,5,high ss1
FG012,131,4,High-Slow,2,60,0.78,-1,-21,0.07,0,1,1,0,5,high ss1
FG012,132,4,High-Slow,1,15,0.89,-1,-22,0.01,0,1,1,0,5,high ss1
FG012,133,4,High-Slow,1,15,0.89,-1,-23,0.23,0,0,0,1,5,high ss1
FG012,134,4,High-Slow,3,25,0.38,-1,-24,0.23,0,1,1,0,5,high ss1
FG012,135,4,High-Slow,1,15,0.84,-1,-25,0.05,0,1,1,0,5,high ss1
FG012,136,4,High-Slow,2,60,0.83,-1,-26,0.01,0,1,1,0,5,high ss1
FG012,137,4,High-Slow,1,15,0.28,-1,-27,0.29,0,1,1,0,5,high ss1
FG012,138,4,High-Slow,3,25,0.34,-1,-28,0.58,0,1,1,0,5,high ss1
FG012,139,4,High-Slow,1,15,0.05,1,-27,0.09,0,1,1,0,5,high ss1
FG012,140,4,High-Slow,2,60,0.24,1,-26,0.31,0,0,1,0,5,high ss1
FG012,141,4,High-Slow,1,15,0.68,-1,-27,0.03,0,0,1,0,5,high ss1
FG012,142,4,High-Slow,2,60,0.02,1,-26,0.01,0,1,1,0,5,high ss1
FG012,143,4,High-Slow,2,60,0.46,1,-25,0.7,1,0,0,1,5,high ss1
FG012,144,4,High-Slow,3,25,0.06,1,-24,0.23,0,0,1,0,5,high ss1
FG012,145,4,High-Slow,1,15,0.18,-1,-25,0.25,0,0,1,0,5,high ss1
FG012,146,4,High-Slow,3,25,0.29,-1,-26,0.08,0,1,1,0,5,high ss1
FG012,147,4,High-Slow,1,15,0.77,-1,-27,0.29,0,1,1,0,5,high ss1
FG012,148,4,High-Slow,2,60,0.09,1,-26,0.52,0,1,1,0,5,high ss1
FG012,149,4,High-Slow,2,60,0.97,-1,-27,0.08,1,0,0,1,5,high ss1
FG012,150,4,High-Slow,3,25,0.77,-1,-28,0.11,0,1,1,0,5,high ss1
FG013,51,1,Low-Fast,1,80,0.75,1,1,6.85,0,0,0,0,1,low ss1
FG013,52,1,Low-Fast,3,5,0.89,-1,0,4.44,0,0,1,0,1,low ss1
FG013,53,1,Low-Fast,1,80,0.54,1,1,0.6,0,1,1,0,1,low ss1
FG013,54,1,Low-Fast,1,80,0.18,1,2,0.53,1,0,0,1,1,low ss1
FG013,55,1,Low-Fast,1,80,0.99,-1,1,0.2,1,0,0,1,1,low ss1
FG013,56,1,Low-Fast,2,15,0.04,1,2,0.69,0,1,1,0,1,low ss1
FG013,57,1,Low-Fast,1,80,0.74,1,3,0.29,0,0,1,0,1,low ss1
FG013,58,1,Low-Fast,3,5,0.15,-1,2,0.95,0,0,1,0,1,low ss1
FG013,59,1,Low-Fast,1,80,0.72,1,3,0.04,0,1,1,0,1,low ss1
FG013,60,1,Low-Fast,2,15,0.01,1,4,0.01,0,0,1,0,1,low ss1
FG013,61,1,Low-Fast,1,15,0.43,-1,3,0.01,0,0,1,0,1,low ss1
FG013,62,1,Low-Fast,2,5,0.35,-1,2,0.5,0,1,1,0,1,low ss1
FG013,63,1,Low-Fast,1,15,0.17,-1,1,0.01,0,1,1,0,1,low ss1
FG013,64,1,Low-Fast,3,80,0.23,1,2,0.08,0,1,1,0,1,low ss1
FG013,65,1,Low-Fast,1,15,0.98,-1,1,0.34,0,0,1,0,1,low ss1
FG013,66,1,Low-Fast,3,80,0.14,1,2,0.01,0,1,1,0,1,low ss1
FG013,67,1,Low-Fast,2,5,0.99,-1,1,0.51,0,0,1,0,1,low ss1
FG013,68,1,Low-Fast,3,80,0.83,-1,0,0.02,0,1,1,0,1,low ss1
FG013,69,1,Low-Fast,1,15,0.02,1,1,0.01,0,1,1,0,1,low ss1
FG013,70,1,Low-Fast,3,80,0.03,1,2,0.61,0,0,1,0,1,low ss1
FG013,71,1,Low-Fast,2,80,0.91,-1,1,1.41,0,0,1,0,1,low ss1
FG013,72,1,Low-Fast,1,5,0.15,-1,0,0.18,0,1,1,0,1,low ss1
FG013,73,1,Low-Fast,3,15,0.72,-1,-1,0.01,0,1,1,0,1,low ss1
FG013,74,1,Low-Fast,2,80,0.63,1,0,0.53,0,1,1,0,1,low ss1
FG013,75,1,Low-Fast,1,5,0.83,-1,-1,0.01,0,0,1,0,1,low ss1
FG013,76,1,Low-Fast,3,15,0.58,-1,-2,0.01,0,1,1,0,1,low ss1
FG013,77,1,Low-Fast,3,15,0.64,-1,-3,0.19,0,0,0,1,1,low ss1
FG013,78,1,Low-Fast,1,5,0.46,-1,-4,0.01,0,1,1,0,1,low ss1
FG013,79,1,Low-Fast,2,80,0.97,-1,-5,0.01,0,1,1,0,1,low ss1
FG013,80,1,Low-Fast,3,15,0.91,-1,-6,1.2,0,1,1,0,1,low ss1
FG013,81,1,Low-Fast,1,80,0.94,-1,-7,0.33,0,1,1,0,1,low ss1
FG013,82,1,Low-Fast,2,5,0.86,-1,-8,0.19,0,1,1,0,1,low ss1
FG013,83,1,Low-Fast,1,80,0.42,1,-7,0.3,0,1,1,0,1,low ss1
FG013,84,1,Low-Fast,1,80,0.08,1,-6,0.27,1,0,0,1,1,low ss1
FG013,85,1,Low-Fast,1,80,0.39,1,-5,0.15,1,0,0,1,1,low ss1
FG013,86,1,Low-Fast,1,80,0.74,1,-4,0.53,1,0,0,1,1,low ss1
FG013,87,1,Low-Fast,1,80,0.49,1,-3,0.18,1,0,0,1,1,low ss1
FG013,88,1,Low-Fast,2,5,0.98,-1,-4,0.04,0,0,1,0,1,low ss1
FG013,89,1,Low-Fast,3,15,0.41,-1,-5,0.01,0,1,1,0,1,low ss1
FG013,90,1,Low-Fast,1,80,0.58,1,-4,0.33,0,1,1,0,1,low ss1
FG013,91,1,Low-Fast,1,15,0.02,1,-3,0.11,1,0,0,1,1,low ss1
FG013,92,1,Low-Fast,1,15,0.81,-1,-4,0.21,1,0,0,1,1,low ss1
FG013,93,1,Low-Fast,3,5,0.04,1,-3,0.49,0,1,1,0,1,low ss1
FG013,94,1,Low-Fast,3,5,0.3,-1,-4,0.52,1,0,0,1,1,low ss1
FG013,95,1,Low-Fast,2,80,0.63,1,-3,0.13,0,1,1,0,1,low ss1
FG013,96,1,Low-Fast,2,80,0.6,1,-2,0.2,1,0,0,1,1,low ss1
FG013,97,1,Low-Fast,2,80,0.21,1,-1,0.02,1,0,0,1,1,low ss1
FG013,98,1,Low-Fast,2,80,0.42,1,0,0.06,1,0,0,1,1,low ss1
FG013,99,1,Low-Fast,2,80,0.03,1,1,0.11,1,0,0,1,1,low ss1
FG013,100,1,Low-Fast,2,80,0.66,1,2,0.13,1,0,0,1,1,low ss1
FG013,101,2,High-Slow,2,25,0.57,-1,1,1.88,1,0,0,1,1,low ss1
FG013,102,2,High-Slow,3,15,0.07,1,2,0.12,0,1,1,0,1,low ss1
FG013,103,2,High-Slow,3,15,0.83,-1,1,0.13,1,0,0,1,1,low ss1
FG013,104,2,High-Slow,1,60,0.12,1,2,0.17,0,1,1,0,1,low ss1
FG013,105,2,High-Slow,1,60,0.18,1,3,0.2,1,0,0,1,1,low ss1
FG013,106,2,High-Slow,1,60,0.77,-1,2,0.39,1,0,0,1,1,low ss1
FG013,107,2,High-Slow,2,25,0.59,-1,1,1.22,0,1,1,0,1,low ss1
FG013,108,2,High-Slow,3,15,0.32,-1,0,0.02,0,1,1,0,1,low ss1
FG013,109,2,High-Slow,3,15,0.49,-1,-1,0.08,0,0,0,1,1,low ss1
FG013,110,2,High-Slow,1,60,0.06,1,0,0.24,0,1,1,0,1,low ss1
FG013,111,2,High-Slow,1,60,0.14,1,1,0.19,1,0,0,1,1,low ss1
FG013,112,2,High-Slow,1,60,0.88,-1,0,0.1,1,0,0,1,1,low ss1
FG013,113,2,High-Slow,2,25,0.54,-1,-1,0.24,0,1,1,0,1,low ss1
FG013,114,2,High-Slow,3,15,0.81,-1,-2,0.23,0,1,1,0,1,low ss1
FG013,115,2,High-Slow,2,25,0.04,1,-1,0.49,0,1,1,0,1,low ss1
FG013,116,2,High-Slow,2,25,0.55,-1,-2,0.14,1,0,0,1,1,low ss1
FG013,117,2,High-Slow,1,60,0.78,-1,-3,0.31,0,1,1,0,1,low ss1
FG013,118,2,High-Slow,3,15,0.89,-1,-4,0.25,0,1,1,0,1,low ss1
FG013,119,2,High-Slow,3,15,0.47,-1,-5,0.16,0,0,0,1,1,low ss1
FG013,120,2,High-Slow,1,60,0.88,-1,-6,0.01,0,1,1,0,1,low ss1
FG013,121,2,High-Slow,2,25,0.72,-1,-7,0.01,0,1,1,0,1,low ss1
FG013,122,2,High-Slow,2,25,0.49,-1,-8,0.2,0,0,0,1,1,low ss1
FG013,123,2,High-Slow,2,25,0.06,1,-7,0.43,0,0,0,1,1,low ss1
FG013,124,2,High-Slow,2,25,0.77,-1,-8,0.21,1,0,0,1,1,low ss1
FG013,125,2,High-Slow,1,60,0.14,1,-7,0.62,0,1,1,0,1,low ss1
FG013,126,2,High-Slow,3,25,0.32,-1,-8,0.98,0,0,1,0,1,low ss1
FG013,127,2,High-Slow,1,15,0.48,-1,-9,0.07,0,1,1,0,1,low ss1
FG013,128,2,High-Slow,3,25,0.15,1,-8,0.36,0,1,1,0,1,low ss1
FG013,129,2,High-Slow,3,25,0.12,1,-7,0.14,1,0,0,1,1,low ss1
FG013,130,2,High-Slow,3,25,0.2,1,-6,0.18,1,0,0,1,1,low ss1
FG013,131,2,High-Slow,3,25,0.6,-1,-7,0.11,1,0,0,1,1,low ss1
FG013,132,2,High-Slow,2,60,0.6,-1,-8,1.48,0,1,1,0,1,low ss1
FG013,133,2,High-Slow,2,60,0.06,1,-7,0.2,0,0,0,1,1,low ss1
FG013,134,2,High-Slow,2,60,0.21,1,-6,0.16,1,0,0,1,1,low ss1
FG013,135,2,High-Slow,2,60,0.04,1,-5,0.32,1,0,0,1,1,low ss1
FG013,136,2,High-Slow,2,60,0.97,-1,-6,0.28,1,0,0,1,1,low ss1
FG013,137,2,High-Slow,3,25,0.79,-1,-7,1.12,0,1,1,0,1,low ss1
FG013,138,2,High-Slow,1,15,0.88,-1,-8,0.24,0,1,1,0,1,low ss1
FG013,139,2,High-Slow,1,15,0.5,-1,-9,0.16,0,0,0,1,1,low ss1
FG013,140,2,High-Slow,1,15,0.4,-1,-10,0.06,0,0,0,1,1,low ss1
FG013,141,2,High-Slow,1,15,0.77,-1,-11,0.16,0,0,0,1,1,low ss1
FG013,142,2,High-Slow,3,25,0.61,-1,-12,0.01,0,1,1,0,1,low ss1
FG013,143,2,High-Slow,3,25,0.14,1,-11,0.01,0,0,0,1,1,low ss1
FG013,144,2,High-Slow,3,25,0.99,-1,-12,0.17,1,0,0,1,1,low ss1
FG013,145,2,High-Slow,2,60,0.37,1,-11,0.36,0,1,1,0,1,low ss1
FG013,146,2,High-Slow,2,60,0.73,-1,-12,0.25,1,0,0,1,1,low ss1
FG013,147,2,High-Slow,2,60,0.31,1,-11,0.01,0,0,0,1,1,low ss1
FG013,148,2,High-Slow,2,60,0.47,1,-10,0.05,1,0,0,1,1,low ss1
FG013,149,2,High-Slow,2,60,0.62,-1,-11,0.19,1,0,0,1,1,low ss1
FG013,150,2,High-Slow,1,15,0.2,-1,-12,0.43,0,1,1,0,1,low ss1
FG013,151,3,High-Fast,3,15,0.55,-1,-13,1.04,0,1,1,0,1,low ss1
FG013,152,3,High-Fast,1,60,0.53,1,-12,0.01,0,1,1,0,1,low ss1
FG013,153,3,High-Fast,1,60,0.35,1,-11,0.35,1,0,0,1,1,low ss1
FG013,154,3,High-Fast,1,60,0.92,-1,-12,0.12,1,0,0,1,1,low ss1
FG013,155,3,High-Fast,1,60,0.66,-1,-13,0.01,0,0,0,1,1,low ss1
FG013,156,3,High-Fast,1,60,0.93,-1,-14,1.17,0,0,0,1,1,low ss1
FG013,157,3,High-Fast,2,25,0.58,-1,-15,0.31,0,1,1,0,1,low ss1
FG013,158,3,High-Fast,3,15,0.16,-1,-16,0.23,0,1,1,0,1,low ss1
FG013,159,3,High-Fast,2,25,0.18,1,-15,0.23,0,1,1,0,1,low ss1
FG013,160,3,High-Fast,2,25,0.99,-1,-16,0.2,1,0,0,1,1,low ss1
FG013,161,3,High-Fast,3,60,0.64,-1,-17,0.41,0,1,1,0,1,low ss1
FG013,162,3,High-Fast,1,25,0.26,-1,-18,0.13,0,1,1,0,1,low ss1
FG013,163,3,High-Fast,1,25,0.96,-1,-19,0.08,0,0,0,1,1,low ss1
FG013,164,3,High-Fast,2,15,0.89,-1,-20,0.6,0,1,1,0,1,low ss1
FG013,165,3,High-Fast,2,15,0.56,-1,-21,0.07,0,0,0,1,1,low ss1
FG013,166,3,High-Fast,1,25,0.24,1,-20,0.14,0,1,1,0,1,low ss1
FG013,167,3,High-Fast,1,25,0.98,-1,-21,1.22,1,0,0,1,1,low ss1
FG013,168,3,High-Fast,3,60,0.53,1,-20,0.6,0,1,1,0,1,low ss1
FG013,169,3,High-Fast,3,60,0.67,-1,-21,0.09,1,0,0,1,1,low ss1
FG013,170,3,High-Fast,1,25,0.04,1,-20,0.08,0,1,1,0,1,low ss1
FG013,171,3,High-Fast,1,15,0.37,-1,-21,0.08,1,0,0,1,1,low ss1
FG013,172,3,High-Fast,3,25,0.44,-1,-22,0.61,0,1,1,0,1,low ss1
FG013,173,3,High-Fast,2,60,0.33,1,-21,0.16,0,1,1,0,1,low ss1
FG013,174,3,High-Fast,2,60,0.99,-1,-22,0.01,1,0,0,1,1,low ss1
FG013,175,3,High-Fast,1,15,0.02,1,-21,0.24,0,1,1,0,1,low ss1
FG013,176,3,High-Fast,1,15,0.31,-1,-22,0.21,1,0,0,1,1,low ss1
FG013,177,3,High-Fast,3,25,0.41,-1,-23,0.14,0,1,1,0,1,low ss1
FG013,178,3,High-Fast,2,60,0.94,-1,-24,0.21,0,1,1,0,1,low ss1
FG013,179,3,High-Fast,1,15,0.04,1,-23,0.07,0,1,1,0,1,low ss1
FG013,180,3,High-Fast,2,60,0.93,-1,-24,2.43,0,0,1,0,1,low ss1
FG013,181,3,High-Fast,3,25,0.98,-1,-25,0.56,0,1,1,0,1,low ss1
FG013,182,3,High-Fast,1,60,0.67,-1,-26,0.23,0,1,1,0,1,low ss1
FG013,183,3,High-Fast,3,25,0.66,-1,-27,0.16,0,1,1,0,1,low ss1
FG013,184,3,High-Fast,3,25,0.14,1,-26,3.98,0,0,0,1,1,low ss1
FG013,185,3,High-Fast,3,25,0.53,-1,-27,0.01,1,0,0,1,1,low ss1
FG013,186,3,High-Fast,2,15,0.19,-1,-28,0.53,0,1,1,0,1,low ss1
FG013,187,3,High-Fast,1,60,0.9,-1,-29,0.01,0,1,1,0,1,low ss1
FG013,188,3,High-Fast,1,60,0.23,1,-28,0.02,0,0,0,1,1,low ss1
FG013,189,3,High-Fast,1,60,0.99,-1,-29,0.11,1,0,0,1,1,low ss1
FG013,190,3,High-Fast,3,25,0.01,1,-28,0.15,0,1,1,0,1,low ss1
FG013,191,3,High-Fast,2,25,0.39,-1,-29,0.16,0,0,1,0,1,low ss1
FG013,192,3,High-Fast,3,60,0.65,-1,-30,0.01,0,1,1,0,1,low ss1
FG013,193,3,High-Fast,1,15,0.91,-1,-31,0.1,0,1,1,0,1,low ss1
FG013,194,3,High-Fast,2,25,0.7,-1,-32,0.06,0,1,1,0,1,low ss1
FG013,195,3,High-Fast,2,25,0.32,-1,-33,0.15,0,0,0,1,1,low ss1
FG013,196,3,High-Fast,1,15,0.42,-1,-34,0.1,0,1,1,0,1,low ss1
FG013,197,3,High-Fast,1,15,0.8,-1,-35,0.01,0,0,0,1,1,low ss1
FG013,198,3,High-Fast,3,60,0.15,1,-34,0.01,0,1,1,0,1,low ss1
FG013,199,3,High-Fast,1,15,0.75,-1,-35,0.95,0,0,1,0,1,low ss1
FG013,200,3,High-Fast,3,60,0.66,-1,-36,0.14,0,1,1,0,1,low ss1
FG013,1,4,Low-Slow,2,15,0.22,-1,-37,0.88,0,1,1,0,1,low ss1
FG013,2,4,Low-Slow,1,80,0.34,1,-36,0.75,0,1,1,0,1,low ss1
FG013,3,4,Low-Slow,3,5,0.24,-1,-37,0.23,0,0,1,0,1,low ss1
FG013,4,4,Low-Slow,1,80,0.44,1,-36,0.36,0,1,1,0,1,low ss1
FG013,5,4,Low-Slow,3,5,0.89,-1,-37,0.53,0,0,1,0,1,low ss1
FG013,6,4,Low-Slow,2,15,0.24,-1,-38,0.23,0,1,1,0,1,low ss1
FG013,7,4,Low-Slow,1,80,0.63,1,-37,0.27,0,1,1,0,1,low ss1
FG013,8,4,Low-Slow,3,5,0.39,-1,-38,0.41,0,0,1,0,1,low ss1
FG013,9,4,Low-Slow,2,15,0.43,-1,-39,0.06,0,1,1,0,1,low ss1
FG013,10,4,Low-Slow,1,80,0.09,1,-38,0.01,0,1,1,0,1,low ss1
FG013,11,4,Low-Slow,3,5,0.83,-1,-39,0.23,0,0,1,0,1,low ss1
FG013,12,4,Low-Slow,1,80,0.05,1,-38,0.24,0,1,1,0,1,low ss1
FG013,13,4,Low-Slow,1,80,0.76,1,-37,0.21,1,0,0,1,1,low ss1
FG013,14,4,Low-Slow,1,80,0.91,-1,-38,0.22,1,0,0,1,1,low ss1
FG013,15,4,Low-Slow,2,15,0.68,-1,-39,0.01,0,1,1,0,1,low ss1
FG013,16,4,Low-Slow,3,5,0.91,-1,-40,0.05,0,1,1,0,1,low ss1
FG013,17,4,Low-Slow,1,80,0.67,1,-39,0.01,0,1,1,0,1,low ss1
FG013,18,4,Low-Slow,2,15,0.9,-1,-40,0.01,0,0,1,0,1,low ss1
FG013,19,4,Low-Slow,1,80,0.74,1,-39,0.42,0,1,1,0,1,low ss1
FG013,20,4,Low-Slow,1,80,0.11,1,-38,0.01,1,0,0,1,1,low ss1
FG013,21,4,Low-Slow,1,80,0.16,1,-37,0.26,1,0,0,1,1,low ss1
FG013,22,4,Low-Slow,1,80,0.47,1,-36,0.01,1,0,0,1,1,low ss1
FG013,23,4,Low-Slow,1,80,0.45,1,-35,0.14,1,0,0,1,1,low ss1
FG013,24,4,Low-Slow,1,80,0.86,-1,-36,0.11,1,0,0,1,1,low ss1
FG013,25,4,Low-Slow,3,80,0.56,1,-35,0.4,0,1,1,0,1,low ss1
FG013,26,4,Low-Slow,3,80,0.76,1,-34,0.92,1,0,0,1,1,low ss1
FG013,27,4,Low-Slow,3,80,0.31,1,-33,0.03,1,0,0,1,1,low ss1
FG013,28,4,Low-Slow,3,80,0.68,1,-32,0.01,1,0,0,1,1,low ss1
FG013,29,4,Low-Slow,3,80,0.03,1,-31,0.17,1,0,0,1,1,low ss1
FG013,30,4,Low-Slow,3,80,0.29,1,-30,0.29,1,0,0,1,1,low ss1
FG013,31,4,Low-Slow,3,80,0.92,-1,-31,0.01,1,0,0,1,1,low ss1
FG013,32,4,Low-Slow,2,5,0.04,1,-30,0.31,0,1,1,0,1,low ss1
FG013,33,4,Low-Slow,2,5,0.92,-1,-31,0.32,1,0,0,1,1,low ss1
FG013,34,4,Low-Slow,1,15,0.51,-1,-32,0.4,0,1,1,0,1,low ss1
FG013,35,4,Low-Slow,1,15,0.72,-1,-33,0.19,0,0,0,1,1,low ss1
FG013,36,4,Low-Slow,3,80,0.29,1,-32,0.18,0,1,1,0,1,low ss1
FG013,37,4,Low-Slow,3,80,0.14,1,-31,0.13,1,0,0,1,1,low ss1
FG013,38,4,Low-Slow,3,80,0.16,1,-30,0.34,1,0,0,1,1,low ss1
FG013,39,4,Low-Slow,3,80,1.0,-1,-31,0.01,1,0,0,1,1,low ss1
FG013,40,4,Low-Slow,1,15,0.07,1,-30,0.79,0,1,1,0,1,low ss1
FG013,41,4,Low-Slow,1,15,0.26,-1,-31,0.02,1,0,0,1,1,low ss1
FG013,42,4,Low-Slow,2,5,0.12,-1,-32,0.18,0,1,1,0,1,low ss1
FG013,43,4,Low-Slow,3,80,0.45,1,-31,0.04,0,1,1,0,1,low ss1
FG013,44,4,Low-Slow,3,80,0.08,1,-30,0.12,1,0,0,1,1,low ss1
FG013,45,4,Low-Slow,3,80,0.87,-1,-31,1.16,1,0,0,1,1,low ss1
FG013,46,4,Low-Slow,3,80,0.07,1,-30,0.26,0,0,0,1,1,low ss1
FG013,47,4,Low-Slow,3,80,0.64,1,-29,0.01,1,0,0,1,1,low ss1
FG013,48,4,Low-Slow,3,80,0.89,-1,-30,0.13,1,0,0,1,1,low ss1
FG013,49,4,Low-Slow,2,5,0.02,1,-29,0.77,0,1,1,0,1,low ss1
FG013,50,4,Low-Slow,2,5,0.02,1,-28,0.01,1,0,0,1,1,low ss1
FG014,51,1,Low-Fast,3,5,0.56,-1,-1,1.71,0,0,0,0,1,low ss1
FG014,52,1,Low-Fast,1,80,0.93,-1,-2,0.01,0,1,1,0,1,low ss1
FG014,53,1,Low-Fast,2,15,0.41,-1,-3,0.03,0,1,1,0,1,low ss1
FG014,54,1,Low-Fast,1,80,0.01,1,-2,0.01,0,1,1,0,1,low ss1
FG014,55,1,Low-Fast,1,80,0.7,1,-1,0.41,1,0,0,1,1,low ss1
FG014,56,1,Low-Fast,1,80,0.77,1,0,0.13,1,0,0,1,1,low ss1
FG014,57,1,Low-Fast,1,80,0.43,1,1,0.12,1,0,0,1,1,low ss1
FG014,58,1,Low-Fast,1,80,0.62,1,2,0.14,1,0,0,1,1,low ss1
FG014,59,1,Low-Fast,1,80,0.22,1,3,0.09,1,0,0,1,1,low ss1
FG014,60,1,Low-Fast,1,80,0.05,1,4,0.2,1,0,0,1,1,low ss1
FG014,61,1,Low-Fast,1,15,0.2,-1,3,0.22,1,0,0,1,1,low ss1
FG014,62,1,Low-Fast,3,80,0.67,1,4,0.19,0,1,1,0,1,low ss1
FG014,63,1,Low-Fast,2,5,0.61,-1,3,0.01,0,0,1,0,1,low ss1
FG014,64,1,Low-Fast,3,80,0.14,1,4,0.01,0,1,1,0,1,low ss1
FG014,65,1,Low-Fast,3,80,0.06,1,5,0.01,1,0,0,1,1,low ss1
FG014,66,1,Low-Fast,3,80,0.29,1,6,0.19,1,0,0,1,1,low ss1
FG014,67,1,Low-Fast,3,80,0.32,1,7,0.03,1,0,0,1,1,low ss1
FG014,68,1,Low-Fast,3,80,0.64,1,8,0.04,1,0,0,1,1,low ss1
FG014,69,1,Low-Fast,3,80,0.83,-1,7,0.09,1,0,0,1,1,low ss1
FG014,70,1,Low-Fast,1,15,0.9,-1,6,0.24,0,1,1,0,1,low ss1
FG014,71,1,Low-Fast,2,80,0.64,1,7,0.01,0,1,1,0,1,low ss1
FG014,72,1,Low-Fast,2,80,0.07,1,8,0.01,1,0,0,1,1,low ss1
FG014,73,1,Low-Fast,2,80,0.84,-1,7,0.01,1,0,0,1,1,low ss1
FG014,74,1,Low-Fast,1,5,0.67,-1,6,0.28,0,1,1,0,1,low ss1
FG014,75,1,Low-Fast,3,15,0.3,-1,5,0.06,0,1,1,0,1,low ss1
FG014,76,1,Low-Fast,2,80,0.4,1,6,0.13,0,1,1,0,1,low ss1
FG014,77,1,Low-Fast,2,80,0.45,1,7,0.07,1,0,0,1,1,low ss1
FG014,78,1,Low-Fast,2,80,0.44,1,8,0.08,1,0,0,1,1,low ss1
FG014,79,1,Low-Fast,2,80,0.25,1,9,0.18,1,0,0,1,1,low ss1
FG014,80,1,Low-Fast,2,80,0.65,1,10,0.08,1,0,0,1,1,low ss1
FG014,81,1,Low-Fast,2,5,0.67,-1,9,0.01,1,0,0,1,1,low ss1
FG014,82,1,Low-Fast,3,15,0.78,-1,8,0.06,0,1,1,0,1,low ss1
FG014,83,1,Low-Fast,1,80,0.16,1,9,0.01,0,1,1,0,1,low ss1
FG014,84,1,Low-Fast,1,80,0.8,-1,8,0.01,1,0,0,1,1,low ss1
FG014,85,1,Low-Fast,3,15,0.46,-1,7,0.16,0,1,1,0,1,low ss1
FG014,86,1,Low-Fast,1,80,0.66,1,8,0.23,0,1,1,0,1,low ss1
FG014,87,1,Low-Fast,1,80,0.14,1,9,0.01,1,0,0,1,1,low ss1
FG014,88,1,Low-Fast,1,80,0.12,1,10,0.01,1,0,0,1,1,low ss1
FG014,89,1,Low-Fast,1,80,0.05,1,11,0.12,1,0,0,1,1,low ss1
FG014,90,1,Low-Fast,1,80,0.51,1,12,0.07,1,0,0,1,1,low ss1
FG014,91,1,Low-Fast,3,5,0.65,-1,11,0.01,0,0,1,0,1,low ss1
FG014,92,1,Low-Fast,2,80,0.97,-1,10,0.01,0,1,1,0,1,low ss1
FG014,93,1,Low-Fast,1,15,0.85,-1,9,0.01,0,1,1,0,1,low ss1
FG014,94,1,Low-Fast,2,80,1.0,-1,8,0.01,0,1,1,0,1,low ss1
FG014,95,1,Low-Fast,2,80,0.87,-1,7,0.01,0,0,0,1,1,low ss1
FG014,96,1,Low-Fast,3,5,0.92,-1,6,0.04,0,1,1,0,1,low ss1
FG014,97,1,Low-Fast,1,15,0.7,-1,5,0.29,0,1,1,0,1,low ss1
FG014,98,1,Low-Fast,3,5,0.57,-1,4,0.02,0,1,1,0,1,low ss1
FG014,99,1,Low-Fast,2,80,0.48,1,5,0.01,0,1,1,0,1,low ss1
FG014,100,1,Low-Fast,2,80,0.98,-1,4,0.01,1,0,0,1,1,low ss1
FG014,151,2,High-Fast,3,15,0.14,1,5,1.05,0,1,1,0,1,low ss1
FG014,152,2,High-Fast,3,15,0.91,-1,4,0.47,1,0,0,1,1,low ss1
FG014,153,2,High-Fast,1,60,0.89,-1,3,0.17,0,1,1,0,1,low ss1
FG014,154,2,High-Fast,3,15,0.1,1,4,0.01,0,1,1,0,1,low ss1
FG014,155,2,High-Fast,3,15,0.27,-1,3,0.07,1,0,0,1,1,low ss1
FG014,156,2,High-Fast,2,25,0.56,-1,2,0.4,0,1,1,0,1,low ss1
FG014,157,2,High-Fast,3,15,0.12,1,3,0.03,0,1,1,0,1,low ss1
FG014,158,2,High-Fast,3,15,0.88,-1,2,0.01,1,0,0,1,1,low ss1
FG014,159,2,High-Fast,1,60,0.34,1,3,0.23,0,1,1,0,1,low ss1
FG014,160,2,High-Fast,2,25,0.59,-1,2,1.17,0,0,1,0,1,low ss1
FG014,161,2,High-Fast,3,60,0.58,1,3,0.01,0,1,1,0,1,low ss1
FG014,162,2,High-Fast,1,25,0.89,-1,2,0.07,0,0,1,0,1,low ss1
FG014,163,2,High-Fast,3,60,0.77,-1,1,0.01,0,1,1,0,1,low ss1
FG014,164,2,High-Fast,2,15,0.36,-1,0,0.24,0,1,1,0,1,low ss1
FG014,165,2,High-Fast,3,60,0.08,1,1,0.04,0,1,1,0,1,low ss1
FG014,166,2,High-Fast,3,60,0.26,1,2,0.8,1,0,0,1,1,low ss1
FG014,167,2,High-Fast,3,60,0.3,1,3,0.05,1,0,0,1,1,low ss1
FG014,168,2,High-Fast,3,60,0.93,-1,2,0.65,1,0,0,1,1,low ss1
FG014,169,2,High-Fast,1,25,0.57,-1,1,0.33,0,1,1,0,1,low ss1
FG014,170,2,High-Fast,3,60,0.63,-1,0,0.14,0,1,1,0,1,low ss1
FG014,171,2,High-Fast,2,60,0.41,1,1,0.01,0,1,1,0,1,low ss1
FG014,172,2,High-Fast,2,60,0.5,1,2,0.05,1,0,0,1,1,low ss1
FG014,173,2,High-Fast,2,60,0.85,-1,1,0.12,1,0,0,1,1,low ss1
FG014,174,2,High-Fast,3,25,0.41,-1,0,0.25,0,1,1,0,1,low ss1
FG014,175,2,High-Fast,3,25,0.43,-1,-1,0.09,0,0,0,1,1,low ss1
FG014,176,2,High-Fast,1,15,0.75,-1,-2,0.35,0,1,1,0,1,low ss1
FG014,177,2,High-Fast,2,60,0.55,1,-1,0.02,0,1,1,0,1,low ss1
FG014,178,2,High-Fast,2,60,0.13,1,0,0.05,1,0,0,1,1,low ss1
FG014,179,2,High-Fast,2,60,0.69,-1,-1,0.16,1,0,0,1,1,low ss1
FG014,180,2,High-Fast,3,25,0.5,-1,-2,0.33,0,1,1,0,1,low ss1
FG014,181,2,High-Fast,3,25,0.57,-1,-3,0.01,0,0,0,1,1,low ss1
FG014,182,2,High-Fast,1,60,0.42,1,-2,0.01,0,1,1,0,1,low ss1
FG014,183,2,High-Fast,1,60,0.46,1,-1,0.01,1,0,0,1,1,low ss1
FG014,184,2,High-Fast,3,25,0.78,-1,-2,0.06,0,0,1,0,1,low ss1
FG014,185,2,High-Fast,3,25,0.8,-1,-3,0.99,0,0,0,1,1,low ss1
FG014,186,2,High-Fast,3,25,0.2,1,-2,0.29,0,0,0,1,1,low ss1
FG014,187,2,High-Fast,3,25,0.6,-1,-3,0.01,1,0,0,1,1,low ss1
FG014,188,2,High-Fast,2,15,0.67,-1,-4,0.11,0,1,1,0,1,low ss1
FG014,189,2,High-Fast,2,15,1.0,-1,-5,0.15,0,0,0,1,1,low ss1
FG014,190,2,High-Fast,1,60,0.16,1,-4,0.15,0,1,1,0,1,low ss1
FG014,191,2,High-Fast,1,15,0.16,-1,-5,0.11,1,0,0,1,1,low ss1
FG014,192,2,High-Fast,3,60,0.21,1,-4,0.19,0,1,1,0,1,low ss1
FG014,193,2,High-Fast,1,15,0.72,-1,-5,0.36,0,0,1,0,1,low ss1
FG014,194,2,High-Fast,3,60,0.45,1,-4,0.11,0,1,1,0,1,low ss1
FG014,195,2,High-Fast,3,60,0.36,1,-3,0.02,1,0,0,1,1,low ss1
FG014,196,2,High-Fast,3,60,0.54,1,-2,0.1,1,0,0,1,1,low ss1
FG014,197,2,High-Fast,3,60,0.53,1,-1,0.03,1,0,0,1,1,low ss1
FG014,198,2,High-Fast,3,60,0.74,-1,-2,0.13,1,0,0,1,1,low ss1
FG014,199,2,High-Fast,2,25,0.91,-1,-3,0.01,0,1,1,0,1,low ss1
FG014,200,2,High-Fast,1,15,0.06,1,-2,0.04,0,1,1,0,1,low ss1
FG014,1,3,Low-Slow,1,80,0.97,-1,-3,1.0,1,0,0,1,1,low ss1
FG014,2,3,Low-Slow,3,5,0.95,-1,-4,0.01,0,1,1,0,1,low ss1
FG014,3,3,Low-Slow,3,5,0.56,-1,-5,0.08,0,0,0,1,1,low ss1
FG014,4,3,Low-Slow,2,15,0.17,-1,-6,0.01,0,1,1,0,1,low ss1
FG014,5,3,Low-Slow,2,15,0.33,-1,-7,0.12,0,0,0,1,1,low ss1
FG014,6,3,Low-Slow,1,80,0.87,-1,-8,0.01,0,1,1,0,1,low ss1
FG014,7,3,Low-Slow,3,5,0.38,-1,-9,0.17,0,1,1,0,1,low ss1
FG014,8,3,Low-Slow,3,5,0.77,-1,-10,0.1,0,0,0,1,1,low ss1
FG014,9,3,Low-Slow,1,80,0.46,1,-9,0.1,0,1,1,0,1,low ss1
FG014,10,3,Low-Slow,1,80,0.53,1,-8,0.1,1,0,0,1,1,low ss1
FG014,11,3,Low-Slow,1,80,0.57,1,-7,0.14,1,0,0,1,1,low ss1
FG014,12,3,Low-Slow,1,80,0.13,1,-6,0.09,1,0,0,1,1,low ss1
FG014,13,3,Low-Slow,1,80,0.6,1,-5,0.07,1,0,0,1,1,low ss1
FG014,14,3,Low-Slow,1,80,0.36,1,-4,0.05,1,0,0,1,1,low ss1
FG014,15,3,Low-Slow,1,80,0.29,1,-3,0.22,1,0,0,1,1,low ss1
FG014,16,3,Low-Slow,1,80,0.18,1,-2,0.14,1,0,0,1,1,low ss1
FG014,17,3,Low-Slow,1,80,0.92,-1,-3,0.2,1,0,0,1,1,low ss1
FG014,18,3,Low-Slow,3,5,0.12,-1,-4,0.06,0,1,1,0,1,low ss1
FG014,19,3,Low-Slow,1,80,0.99,-1,-5,0.01,0,1,1,0,1,low ss1
FG014,20,3,Low-Slow,2,15,0.42,-1,-6,0.11,0,1,1,0,1,low ss1
FG014,21,3,Low-Slow,1,80,0.34,1,-5,0.05,0,1,1,0,1,low ss1
FG014,22,3,Low-Slow,1,80,0.89,-1,-6,0.01,1,0,0,1,1,low ss1
FG014,23,3,Low-Slow,3,5,0.06,-1,-7,0.04,0,1,1,0,1,low ss1
FG014,24,3,Low-Slow,1,80,0.1,1,-6,0.01,0,1,1,0,1,low ss1
FG014,25,3,Low-Slow,2,5,0.29,-1,-7,0.16,0,0,1,0,1,low ss1
FG014,26,3,Low-Slow,1,15,0.39,-1,-8,0.01,0,1,1,0,1,low ss1
FG014,27,3,Low-Slow,1,15,0.33,-1,-9,0.25,0,0,0,1,1,low ss1
FG014,28,3,Low-Slow,3,80,0.32,1,-8,0.03,0,1,1,0,1,low ss1
FG014,29,3,Low-Slow,2,5,0.43,-1,-9,0.65,0,0,1,0,1,low ss1
FG014,30,3,Low-Slow,3,80,0.1,1,-8,0.01,0,1,1,0,1,low ss1
FG014,31,3,Low-Slow,3,80,0.89,-1,-9,0.15,1,0,0,1,1,low ss1
FG014,32,3,Low-Slow,1,15,0.23,-1,-10,0.04,0,1,1,0,1,low ss1
FG014,33,3,Low-Slow,3,80,0.61,1,-9,0.01,0,1,1,0,1,low ss1
FG014,34,3,Low-Slow,3,80,0.34,1,-8,0.05,1,0,0,1,1,low ss1
FG014,35,3,Low-Slow,3,80,0.74,1,-7,0.09,1,0,0,1,1,low ss1
FG014,36,3,Low-Slow,3,80,0.27,1,-6,0.11,1,0,0,1,1,low ss1
FG014,37,3,Low-Slow,3,80,0.74,1,-5,0.01,1,0,0,1,1,low ss1
FG014,38,3,Low-Slow,3,80,0.16,1,-4,0.11,1,0,0,1,1,low ss1
FG014,39,3,Low-Slow,3,80,0.28,1,-3,0.1,1,0,0,1,1,low ss1
FG014,40,3,Low-Slow,3,80,0.31,1,-2,0.17,1,0,0,1,1,low ss1
FG014,41,3,Low-Slow,3,80,0.9,-1,-3,0.22,1,0,0,1,1,low ss1
FG014,42,3,Low-Slow,1,15,0.01,1,-2,0.16,0,1,1,0,1,low ss1
FG014,43,3,Low-Slow,1,15,0.51,-1,-3,0.01,1,0,0,1,1,low ss1
FG014,44,3,Low-Slow,3,80,0.83,-1,-4,0.01,0,1,1,0,1,low ss1
FG014,45,3,Low-Slow,2,5,0.08,-1,-5,0.01,0,1,1,0,1,low ss1
FG014,46,3,Low-Slow,1,15,0.14,1,-4,0.04,0,1,1,0,1,low ss1
FG014,47,3,Low-Slow,1,15,0.02,1,-3,0.14,1,0,0,1,1,low ss1
FG014,48,3,Low-Slow,1,15,0.49,-1,-4,0.14,1,0,0,1,1,low ss1
FG014,49,3,Low-Slow,3,80,0.79,1,-3,0.36,0,1,1,0,1,low ss1
FG014,50,3,Low-Slow,3,80,0.87,-1,-4,0.01,1,0,0,1,1,low ss1
FG014,101,4,High-Slow,1,60,0.02,1,-3,0.81,0,1,1,0,1,low ss1
FG014,102,4,High-Slow,1,60,0.39,1,-2,0.01,1,0,0,1,1,low ss1
FG014,103,4,High-Slow,1,60,0.98,-1,-3,0.04,1,0,0,1,1,low ss1
FG014,104,4,High-Slow,3,15,0.2,-1,-4,0.13,0,1,1,0,1,low ss1
FG014,105,4,High-Slow,1,60,0.6,1,-3,0.01,0,1,1,0,1,low ss1
FG014,106,4,High-Slow,1,60,0.03,1,-2,0.12,1,0,0,1,1,low ss1
FG014,107,4,High-Slow,2,25,0.94,-1,-3,0.05,0,0,1,0,1,low ss1
FG014,108,4,High-Slow,1,60,0.4,1,-2,0.01,0,1,1,0,1,low ss1
FG014,109,4,High-Slow,1,60,0.86,-1,-3,0.01,1,0,0,1,1,low ss1
FG014,110,4,High-Slow,3,15,0.55,-1,-4,0.13,0,1,1,0,1,low ss1
FG014,111,4,High-Slow,1,60,0.56,1,-3,0.01,0,1,1,0,1,low ss1
FG014,112,4,High-Slow,1,60,0.97,-1,-4,0.04,1,0,0,1,1,low ss1
FG014,113,4,High-Slow,3,15,0.79,-1,-5,0.17,0,1,1,0,1,low ss1
FG014,114,4,High-Slow,2,25,0.95,-1,-6,0.01,0,1,1,0,1,low ss1
FG014,115,4,High-Slow,1,60,0.77,-1,-7,0.01,0,1,1,0,1,low ss1
FG014,116,4,High-Slow,3,15,0.37,-1,-8,0.12,0,1,1,0,1,low ss1
FG014,117,4,High-Slow,3,15,0.04,1,-7,0.21,0,0,0,1,1,low ss1
FG014,118,4,High-Slow,3,15,0.98,-1,-8,0.01,1,0,0,1,1,low ss1
FG014,119,4,High-Slow,1,60,0.32,1,-7,0.01,0,1,1,0,1,low ss1
FG014,120,4,High-Slow,1,60,0.19,1,-6,0.01,1,0,0,1,1,low ss1
FG014,121,4,High-Slow,1,60,0.94,-1,-7,0.1,1,0,0,1,1,low ss1
FG014,122,4,High-Slow,3,15,0.13,1,-6,0.08,0,1,1,0,1,low ss1
FG014,123,4,High-Slow,3,15,0.2,-1,-7,0.22,1,0,0,1,1,low ss1
FG014,124,4,High-Slow,3,15,0.42,-1,-8,0.17,0,0,0,1,1,low ss1
FG014,125,4,High-Slow,2,25,0.17,1,-7,0.05,0,1,1,0,1,low ss1
FG014,126,4,High-Slow,2,60,0.63,-1,-8,0.11,1,0,0,1,1,low ss1
FG014,127,4,High-Slow,1,15,0.96,-1,-9,0.01,0,1,1,0,1,low ss1
FG014,128,4,High-Slow,3,25,0.46,-1,-10,0.01,0,1,1,0,1,low ss1
FG014,129,4,High-Slow,1,15,0.19,-1,-11,0.01,0,1,1,0,1,low ss1
FG014,130,4,High-Slow,3,25,0.38,-1,-12,0.15,0,1,1,0,1,low ss1
FG014,131,4,High-Slow,2,60,0.98,-1,-13,0.12,0,1,1,0,1,low ss1
FG014,132,4,High-Slow,2,60,0.5,1,-12,0.12,0,0,0,1,1,low ss1
FG014,133,4,High-Slow,2,60,0.77,-1,-13,0.1,1,0,0,1,1,low ss1
FG014,134,4,High-Slow,3,25,0.96,-1,-14,0.02,0,1,1,0,1,low ss1
FG014,135,4,High-Slow,1,15,0.19,-1,-15,0.01,0,1,1,0,1,low ss1
FG014,136,4,High-Slow,3,25,0.42,-1,-16,0.02,0,1,1,0,1,low ss1
FG014,137,4,High-Slow,3,25,0.64,-1,-17,0.09,0,0,0,1,1,low ss1
FG014,138,4,High-Slow,3,25,0.22,1,-16,0.19,0,0,0,1,1,low ss1
FG014,139,4,High-Slow,1,15,0.96,-1,-17,0.57,0,0,1,0,1,low ss1
FG014,140,4,High-Slow,3,25,0.87,-1,-18,0.38,0,1,1,0,1,low ss1
FG014,141,4,High-Slow,3,25,0.01,1,-17,0.05,0,0,0,1,1,low ss1
FG014,142,4,High-Slow,2,60,0.93,-1,-18,0.08,0,0,1,0,1,low ss1
FG014,143,4,High-Slow,1,15,0.35,-1,-19,0.07,0,1,1,0,1,low ss1
FG014,144,4,High-Slow,2,60,0.44,1,-18,0.14,0,1,1,0,1,low ss1
FG014,145,4,High-Slow,3,25,0.04,1,-17,0.15,0,0,1,0,1,low ss1
FG014,146,4,High-Slow,1,15,0.33,-1,-18,0.43,0,0,1,0,1,low ss1
FG014,147,4,High-Slow,1,15,0.76,-1,-19,0.11,0,0,0,1,1,low ss1
FG014,148,4,High-Slow,1,15,0.32,-1,-20,0.18,0,0,0,1,1,low ss1
FG014,149,4,High-Slow,3,25,0.79,-1,-21,0.01,0,1,1,0,1,low ss1
FG014,150,4,High-Slow,2,60,0.14,1,-20,0.38,0,1,1,0,1,low ss1
FG026,1,1,Low-Slow,3,5,0.59,-1,-1,11.9,0,0,0,0,1,low ss1
FG026,2,1,Low-Slow,3,5,0.94,-1,-2,4.88,0,0,0,1,1,low ss1
FG026,3,1,Low-Slow,2,15,0.21,-1,-3,24.94,0,1,1,0,1,low ss1
FG026,4,1,Low-Slow,1,80,0.4,1,-2,2.25,0,1,1,0,1,low ss1
FG026,5,1,Low-Slow,3,5,0.4,-1,-3,7.98,0,0,1,0,1,low ss1
FG026,6,1,Low-Slow,1,80,0.98,-1,-4,0.8,0,1,1,0,1,low ss1
FG026,7,1,Low-Slow,2,15,0.8,-1,-5,1.37,0,1,1,0,1,low ss1
FG026,8,1,Low-Slow,1,80,0.11,1,-4,2.93,0,1,1,0,1,low ss1
FG026,9,1,Low-Slow,1,80,0.67,1,-3,0.53,1,0,0,1,1,low ss1
FG026,10,1,Low-Slow,1,80,0.09,1,-2,0.22,1,0,0,1,1,low ss1
FG026,11,1,Low-Slow,1,80,0.63,1,-1,0.01,1,0,0,1,1,low ss1
FG026,12,1,Low-Slow,1,80,0.26,1,0,0.36,1,0,0,1,1,low ss1
FG026,13,1,Low-Slow,1,80,0.42,1,1,0.16,1,0,0,1,1,low ss1
FG026,14,1,Low-Slow,1,80,1.0,-1,0,0.03,1,0,0,1,1,low ss1
FG026,15,1,Low-Slow,3,5,0.21,-1,-1,1.9,0,1,1,0,1,low ss1
FG026,16,1,Low-Slow,1,80,0.12,1,0,1.23,0,1,1,0,1,low ss1
FG026,17,1,Low-Slow,1,80,0.94,-1,-1,2.02,1,0,0,1,1,low ss1
FG026,18,1,Low-Slow,2,15,0.44,-1,-2,0.51,0,1,1,0,1,low ss1
FG026,19,1,Low-Slow,1,80,0.86,-1,-3,0.29,0,1,1,0,1,low ss1
FG026,20,1,Low-Slow,1,80,0.34,1,-2,0.9,0,0,0,1,1,low ss1
FG026,21,1,Low-Slow,3,5,0.86,-1,-3,0.37,0,0,1,0,1,low ss1
FG026,22,1,Low-Slow,1,80,0.26,1,-2,0.17,0,1,1,0,1,low ss1
FG026,23,1,Low-Slow,2,15,0.95,-1,-3,0.48,0,0,1,0,1,low ss1
FG026,24,1,Low-Slow,1,80,0.4,1,-2,0.16,0,1,1,0,1,low ss1
FG026,25,1,Low-Slow,3,80,0.37,1,-1,0.35,0,0,1,0,1,low ss1
FG026,26,1,Low-Slow,1,15,0.11,1,0,0.85,0,0,1,0,1,low ss1
FG026,27,1,Low-Slow,2,5,0.12,-1,-1,1.41,0,0,1,0,1,low ss1
FG026,28,1,Low-Slow,1,15,0.53,-1,-2,0.11,0,1,1,0,1,low ss1
FG026,29,1,Low-Slow,3,80,0.72,1,-1,0.24,0,1,1,0,1,low ss1
FG026,30,1,Low-Slow,3,80,0.79,1,0,0.92,1,0,0,1,1,low ss1
FG026,31,1,Low-Slow,3,80,0.92,-1,-1,0.59,1,0,0,1,1,low ss1
FG026,32,1,Low-Slow,2,5,0.43,-1,-2,0.64,0,1,1,0,1,low ss1
FG026,33,1,Low-Slow,1,15,0.18,-1,-3,0.02,0,1,1,0,1,low ss1
FG026,34,1,Low-Slow,3,80,0.12,1,-2,0.63,0,1,1,0,1,low ss1
FG026,35,1,Low-Slow,1,15,0.82,-1,-3,0.48,0,0,1,0,1,low ss1
FG026,36,1,Low-Slow,2,5,0.38,-1,-4,0.39,0,1,1,0,1,low ss1
FG026,37,1,Low-Slow,3,80,0.02,1,-3,0.28,0,1,1,0,1,low ss1
FG026,38,1,Low-Slow,1,15,0.73,-1,-4,0.8,0,0,1,0,1,low ss1
FG026,39,1,Low-Slow,3,80,0.1,1,-3,0.01,0,1,1,0,1,low ss1
FG026,40,1,Low-Slow,2,5,0.39,-1,-4,0.41,0,0,1,0,1,low ss1
FG026,41,1,Low-Slow,3,80,0.51,1,-3,0.2,0,1,1,0,1,low ss1
FG026,42,1,Low-Slow,1,15,0.74,-1,-4,0.42,0,0,1,0,1,low ss1
FG026,43,1,Low-Slow,3,80,0.52,1,-3,0.29,0,1,1,0,1,low ss1
FG026,44,1,Low-Slow,3,80,0.3,1,-2,2.7,1,0,0,1,1,low ss1
FG026,45,1,Low-Slow,3,80,0.67,1,-1,0.31,1,0,0,1,1,low ss1
FG026,46,1,Low-Slow,3,80,0.96,-1,-2,0.15,1,0,0,1,1,low ss1
FG026,47,1,Low-Slow,3,80,0.7,1,-1,0.8,0,0,0,1,1,low ss1
FG026,48,1,Low-Slow,3,80,0.35,1,0,0.22,1,0,0,1,1,low ss1
FG026,49,1,Low-Slow,3,80,0.56,1,1,0.23,1,0,0,1,1,low ss1
FG026,50,1,Low-Slow,3,80,0.44,1,2,0.19,1,0,0,1,1,low ss1
FG026,151,2,High-Fast,1,60,0.8,-1,1,2.71,0,0,1,0,1,low ss1
FG026,152,2,High-Fast,2,25,0.08,1,2,2.43,0,1,1,0,1,low ss1
FG026,153,2,High-Fast,3,15,0.88,-1,1,1.37,0,0,1,0,1,low ss1
FG026,154,2,High-Fast,2,25,0.06,1,2,0.33,0,1,1,0,1,low ss1
FG026,155,2,High-Fast,2,25,0.55,-1,1,0.26,1,0,0,1,1,low ss1
FG026,156,2,High-Fast,1,60,0.76,-1,0,0.27,0,1,1,0,1,low ss1
FG026,157,2,High-Fast,2,25,0.49,-1,-1,1.61,0,1,1,0,1,low ss1
FG026,158,2,High-Fast,3,15,0.78,-1,-2,0.34,0,1,1,0,1,low ss1
FG026,159,2,High-Fast,1,60,0.48,1,-1,0.35,0,1,1,0,1,low ss1
FG026,160,2,High-Fast,1,60,0.62,-1,-2,1.12,1,0,0,1,1,low ss1
FG026,161,2,High-Fast,2,15,0.19,-1,-3,0.36,0,1,1,0,1,low ss1
FG026,162,2,High-Fast,3,60,0.47,1,-2,0.06,0,1,1,0,1,low ss1
FG026,163,2,High-Fast,2,15,0.5,-1,-3,0.85,0,0,1,0,1,low ss1
FG026,164,2,High-Fast,1,25,0.51,-1,-4,0.05,0,1,1,0,1,low ss1
FG026,165,2,High-Fast,3,60,0.79,-1,-5,0.31,0,1,1,0,1,low ss1
FG026,166,2,High-Fast,1,25,0.89,-1,-6,0.2,0,1,1,0,1,low ss1
FG026,167,2,High-Fast,2,15,0.27,-1,-7,1.14,0,1,1,0,1,low ss1
FG026,168,2,High-Fast,2,15,0.83,-1,-8,0.14,0,0,0,1,1,low ss1
FG026,169,2,High-Fast,1,25,0.53,-1,-9,0.95,0,1,1,0,1,low ss1
FG026,170,2,High-Fast,3,60,0.71,-1,-10,0.21,0,1,1,0,1,low ss1
FG026,171,2,High-Fast,2,60,0.86,-1,-11,0.89,0,1,1,0,1,low ss1
FG026,172,2,High-Fast,2,60,0.2,1,-10,0.31,0,0,0,1,1,low ss1
FG026,173,2,High-Fast,2,60,0.78,-1,-11,1.87,1,0,0,1,1,low ss1
FG026,174,2,High-Fast,2,60,0.38,1,-10,1.32,0,0,0,1,1,low ss1
FG026,175,2,High-Fast,3,25,0.47,-1,-11,1.38,0,0,1,0,1,low ss1
FG026,176,2,High-Fast,2,60,0.25,1,-10,0.5,0,1,1,0,1,low ss1
FG026,177,2,High-Fast,1,15,0.53,-1,-11,0.4,0,0,1,0,1,low ss1
FG026,178,2,High-Fast,2,60,0.02,1,-10,0.29,0,1,1,0,1,low ss1
FG026,179,2,High-Fast,1,15,0.51,-1,-11,1.48,0,0,1,0,1,low ss1
FG026,180,2,High-Fast,2,60,0.84,-1,-12,0.09,0,1,1,0,1,low ss1
FG026,181,2,High-Fast,2,15,0.59,-1,-13,1.21,0,0,0,1,1,low ss1
FG026,182,2,High-Fast,1,60,0.22,1,-12,0.11,0,1,1,0,1,low ss1
FG026,183,2,High-Fast,1,60,0.84,-1,-13,0.98,1,0,0,1,1,low ss1
FG026,184,2,High-Fast,1,60,0.43,1,-12,0.4,0,0,0,1,1,low ss1
FG026,185,2,High-Fast,2,15,0.37,-1,-13,3.08,0,0,1,0,1,low ss1
FG026,186,2,High-Fast,1,60,0.55,1,-12,0.18,0,1,1,0,1,low ss1
FG026,187,2,High-Fast,1,60,1.0,-1,-13,0.35,1,0,0,1,1,low ss1
FG026,188,2,High-Fast,1,60,0.63,-1,-14,0.11,0,0,0,1,1,low ss1
FG026,189,2,High-Fast,1,60,0.38,1,-13,1.29,0,0,0,1,1,low ss1
FG026,190,2,High-Fast,3,25,0.8,-1,-14,0.47,0,0,1,0,1,low ss1
FG026,191,2,High-Fast,1,15,0.46,-1,-15,0.27,0,1,1,0,1,low ss1
FG026,192,2,High-Fast,1,15,0.58,-1,-16,0.59,0,0,0,1,1,low ss1
FG026,193,2,High-Fast,2,25,0.87,-1,-17,0.49,0,1,1,0,1,low ss1
FG026,194,2,High-Fast,2,25,0.39,-1,-18,0.17,0,0,0,1,1,low ss1
FG026,195,2,High-Fast,1,15,0.86,-1,-19,0.19,0,1,1,0,1,low ss1
FG026,196,2,High-Fast,3,60,0.03,1,-18,0.56,0,1,1,0,1,low ss1
FG026,197,2,High-Fast,2,25,0.5,-1,-19,2.16,0,0,1,0,1,low ss1
FG026,198,2,High-Fast,3,60,0.39,1,-18,0.64,0,1,1,0,1,low ss1
FG026,199,2,High-Fast,1,15,0.5,-1,-19,0.61,0,0,1,0,1,low ss1
FG026,200,2,High-Fast,3,60,0.01,1,-18,0.76,0,1,1,0,1,low ss1
FG026,51,3,Low-Fast,2,15,0.93,-1,-19,2.91,0,0,1,0,1,low ss1
FG026,52,3,Low-Fast,1,80,0.36,1,-18,0.3,0,1,1,0,1,low ss1
FG026,53,3,Low-Fast,1,80,0.5,1,-17,0.03,1,0,0,1,1,low ss1
FG026,54,3,Low-Fast,1,80,0.62,1,-16,0.37,1,0,0,1,1,low ss1
FG026,55,3,Low-Fast,1,80,0.99,-1,-17,0.68,1,0,0,1,1,low ss1
FG026,56,3,Low-Fast,3,5,0.8,-1,-18,0.7,0,1,1,0,1,low ss1
FG026,57,3,Low-Fast,2,15,0.44,-1,-19,0.49,0,1,1,0,1,low ss1
FG026,58,3,Low-Fast,1,80,0.84,-1,-20,0.52,0,1,1,0,1,low ss1
FG026,59,3,Low-Fast,2,15,0.15,-1,-21,0.47,0,1,1,0,1,low ss1
FG026,60,3,Low-Fast,3,5,0.25,-1,-22,0.55,0,1,1,0,1,low ss1
FG026,61,3,Low-Fast,1,15,0.91,-1,-23,0.34,0,1,1,0,1,low ss1
FG026,62,3,Low-Fast,1,15,0.35,-1,-24,0.68,0,0,0,1,1,low ss1
FG026,63,3,Low-Fast,2,5,0.95,-1,-25,0.31,0,1,1,0,1,low ss1
FG026,64,3,Low-Fast,2,5,0.02,1,-24,0.01,0,0,0,1,1,low ss1
FG026,65,3,Low-Fast,2,5,0.76,-1,-25,0.75,1,0,0,1,1,low ss1
FG026,66,3,Low-Fast,3,80,0.44,1,-24,0.48,0,1,1,0,1,low ss1
FG026,67,3,Low-Fast,2,5,0.9,-1,-25,1.06,0,0,1,0,1,low ss1
FG026,68,3,Low-Fast,3,80,0.35,1,-24,0.17,0,1,1,0,1,low ss1
FG026,69,3,Low-Fast,1,15,0.87,-1,-25,0.6,0,0,1,0,1,low ss1
FG026,70,3,Low-Fast,3,80,0.06,1,-24,0.12,0,1,1,0,1,low ss1
FG026,71,3,Low-Fast,3,15,0.18,-1,-25,0.95,1,0,0,1,1,low ss1
FG026,72,3,Low-Fast,3,15,0.1,1,-24,0.28,0,0,0,1,1,low ss1
FG026,73,3,Low-Fast,1,5,0.9,-1,-25,3.2,0,0,1,0,1,low ss1
FG026,74,3,Low-Fast,3,15,0.73,-1,-26,0.23,0,1,1,0,1,low ss1
FG026,75,3,Low-Fast,3,15,0.26,-1,-27,1.15,0,0,0,1,1,low ss1
FG026,76,3,Low-Fast,1,5,0.56,-1,-28,0.29,0,1,1,0,1,low ss1
FG026,77,3,Low-Fast,1,5,0.56,-1,-29,0.38,0,0,0,1,1,low ss1
FG026,78,3,Low-Fast,2,80,0.26,1,-28,0.03,0,1,1,0,1,low ss1
FG026,79,3,Low-Fast,2,80,0.88,-1,-29,0.91,1,0,0,1,1,low ss1
FG026,80,3,Low-Fast,2,80,0.65,1,-28,1.48,0,0,0,1,1,low ss1
FG026,81,3,Low-Fast,1,80,0.68,1,-27,2.54,0,0,1,0,1,low ss1
FG026,82,3,Low-Fast,2,5,0.33,-1,-28,0.43,0,0,1,0,1,low ss1
FG026,83,3,Low-Fast,1,80,0.72,1,-27,0.18,0,1,1,0,1,low ss1
FG026,84,3,Low-Fast,3,15,0.59,-1,-28,0.43,0,0,1,0,1,low ss1
FG026,85,3,Low-Fast,1,80,0.22,1,-27,0.4,0,1,1,0,1,low ss1
FG026,86,3,Low-Fast,3,15,0.26,-1,-28,1.16,0,0,1,0,1,low ss1
FG026,87,3,Low-Fast,1,80,0.54,1,-27,0.13,0,1,1,0,1,low ss1
FG026,88,3,Low-Fast,3,15,0.22,-1,-28,0.95,0,0,1,0,1,low ss1
FG026,89,3,Low-Fast,1,80,0.55,1,-27,0.1,0,1,1,0,1,low ss1
FG026,90,3,Low-Fast,2,5,0.37,-1,-28,0.37,0,0,1,0,1,low ss1
FG026,91,3,Low-Fast,1,15,0.46,-1,-29,0.68,0,1,1,0,1,low ss1
FG026,92,3,Low-Fast,3,5,0.08,-1,-30,0.1,0,1,1,0,1,low ss1
FG026,93,3,Low-Fast,3,5,0.31,-1,-31,0.25,0,0,0,1,1,low ss1
FG026,94,3,Low-Fast,1,15,0.25,-1,-32,0.21,0,1,1,0,1,low ss1
FG026,95,3,Low-Fast,2,80,0.86,-1,-33,0.54,0,1,1,0,1,low ss1
FG026,96,3,Low-Fast,2,80,0.8,1,-32,0.46,0,0,0,1,1,low ss1
FG026,97,3,Low-Fast,2,80,0.07,1,-31,1.11,1,0,0,1,1,low ss1
FG026,98,3,Low-Fast,2,80,0.68,1,-30,0.22,1,0,0,1,1,low ss1
FG026,99,3,Low-Fast,2,80,0.38,1,-29,0.25,1,0,0,1,1,low ss1
FG026,100,3,Low-Fast,2,80,0.03,1,-28,0.13,1,0,0,1,1,low ss1
FG026,101,4,High-Slow,1,60,0.86,-1,-29,1.43,0,0,1,0,1,low ss1
FG026,102,4,High-Slow,1,60,0.55,1,-28,0.32,0,0,0,1,1,low ss1
FG026,103,4,High-Slow,2,25,0.95,-1,-29,0.71,0,0,1,0,1,low ss1
FG026,104,4,High-Slow,1,60,0.43,1,-28,0.16,0,1,1,0,1,low ss1
FG026,105,4,High-Slow,3,15,0.37,-1,-29,2.01,0,0,1,0,1,low ss1
FG026,106,4,High-Slow,1,60,0.68,-1,-30,0.22,0,1,1,0,1,low ss1
FG026,107,4,High-Slow,3,15,0.42,-1,-31,0.66,0,1,1,0,1,low ss1
FG026,108,4,High-Slow,2,25,0.87,-1,-32,0.09,0,1,1,0,1,low ss1
FG026,109,4,High-Slow,2,25,0.31,-1,-33,0.18,0,0,0,1,1,low ss1
FG026,110,4,High-Slow,1,60,0.14,1,-32,0.02,0,1,1,0,1,low ss1
FG026,111,4,High-Slow,1,60,0.21,1,-31,0.21,1,0,0,1,1,low ss1
FG026,112,4,High-Slow,1,60,0.38,1,-30,0.61,1,0,0,1,1,low ss1
FG026,113,4,High-Slow,1,60,0.11,1,-29,0.31,1,0,0,1,1,low ss1
FG026,114,4,High-Slow,1,60,0.18,1,-28,0.29,1,0,0,1,1,low ss1
FG026,115,4,High-Slow,1,60,0.53,1,-27,0.3,1,0,0,1,1,low ss1
FG026,116,4,High-Slow,1,60,0.86,-1,-28,0.32,1,0,0,1,1,low ss1
FG026,117,4,High-Slow,1,60,0.26,1,-27,0.51,0,0,0,1,1,low ss1
FG026,118,4,High-Slow,1,60,0.67,-1,-28,0.48,1,0,0,1,1,low ss1
FG026,119,4,High-Slow,1,60,0.84,-1,-29,0.55,0,0,0,1,1,low ss1
FG026,120,4,High-Slow,3,15,0.5,-1,-30,0.53,0,1,1,0,1,low ss1
FG026,121,4,High-Slow,3,15,0.28,-1,-31,0.58,0,0,0,1,1,low ss1
FG026,122,4,High-Slow,1,60,0.77,-1,-32,0.41,0,1,1,0,1,low ss1
FG026,123,4,High-Slow,2,25,0.41,-1,-33,0.19,0,1,1,0,1,low ss1
FG026,124,4,High-Slow,3,15,0.42,-1,-34,1.13,0,1,1,0,1,low ss1
FG026,125,4,High-Slow,1,60,0.61,-1,-35,0.42,0,1,1,0,1,low ss1
FG026,126,4,High-Slow,2,60,0.7,-1,-36,0.37,0,1,1,0,1,low ss1
FG026,127,4,High-Slow,2,60,0.75,-1,-37,0.1,0,0,0,1,1,low ss1
FG026,128,4,High-Slow,1,15,0.17,-1,-38,0.18,0,1,1,0,1,low ss1
FG026,129,4,High-Slow,1,15,0.79,-1,-39,0.87,0,0,0,1,1,low ss1
FG026,130,4,High-Slow,3,25,0.36,-1,-40,0.94,0,1,1,0,1,low ss1
FG026,131,4,High-Slow,3,25,0.01,1,-39,0.42,0,0,0,1,1,low ss1
FG026,132,4,High-Slow,3,25,0.78,-1,-40,1.76,1,0,0,1,1,low ss1
FG026,133,4,High-Slow,2,60,0.39,1,-39,0.3,0,1,1,0,1,low ss1
FG026,134,4,High-Slow,1,15,0.65,-1,-40,0.37,0,0,1,0,1,low ss1
FG026,135,4,High-Slow,2,60,0.3,1,-39,0.16,0,1,1,0,1,low ss1
FG026,136,4,High-Slow,2,60,0.57,1,-38,0.09,1,0,0,1,1,low ss1
FG026,137,4,High-Slow,2,60,0.02,1,-37,0.36,1,0,0,1,1,low ss1
FG026,138,4,High-Slow,2,60,0.07,1,-36,0.33,1,0,0,1,1,low ss1
FG026,139,4,High-Slow,2,60,0.71,-1,-37,0.28,1,0,0,1,1,low ss1
FG026,140,4,High-Slow,2,60,0.1,1,-36,1.3,0,0,0,1,1,low ss1
FG026,141,4,High-Slow,2,60,0.88,-1,-37,0.25,1,0,0,1,1,low ss1
FG026,142,4,High-Slow,1,15,0.22,-1,-38,0.31,0,1,1,0,1,low ss1
FG026,143,4,High-Slow,3,25,0.85,-1,-39,0.14,0,1,1,0,1,low ss1
FG026,144,4,High-Slow,2,60,0.93,-1,-40,0.17,0,1,1,0,1,low ss1
FG026,145,4,High-Slow,2,60,0.72,-1,-41,0.2,0,0,0,1,1,low ss1
FG026,146,4,High-Slow,1,15,0.76,-1,-42,0.74,0,1,1,0,1,low ss1
FG026,147,4,High-Slow,1,15,0.53,-1,-43,0.33,0,0,0,1,1,low ss1
FG026,148,4,High-Slow,3,25,0.04,1,-42,1.01,0,1,1,0,1,low ss1
FG026,149,4,High-Slow,3,25,0.35,-1,-43,0.02,1,0,0,1,1,low ss1
FG026,150,4,High-Slow,3,25,0.38,-1,-44,0.61,0,0,0,1,1,low ss1
FG027,101,1,High-Slow,1,60,0.79,-1,-1,7.95,0,0,0,0,7,high ss1
FG027,102,1,High-Slow,2,25,0.12,1,0,9.82,0,1,1,0,7,high ss1
FG027,103,1,High-Slow,1,60,0.47,1,1,5.41,0,0,1,0,7,high ss1
FG027,104,1,High-Slow,2,25,0.94,-1,0,2.64,0,0,1,0,7,high ss1
FG027,105,1,High-Slow,1,60,0.43,1,1,2.27,0,1,1,0,7,high ss1
FG027,106,1,High-Slow,3,15,0.5,-1,0,4.5,0,0,1,0,7,high ss1
FG027,107,1,High-Slow,1,60,0.18,1,1,6.22,0,1,1,0,7,high ss1
FG027,108,1,High-Slow,2,25,0.82,-1,0,3.22,0,0,1,0,7,high ss1
FG027,109,1,High-Slow,1,60,0.25,1,1,3.68,0,1,1,0,7,high ss1
FG027,110,1,High-Slow,2,25,0.58,-1,0,3.46,0,0,1,0,7,high ss1
FG027,111,1,High-Slow,3,15,0.88,-1,-1,6.47,0,1,1,0,7,high ss1
FG027,112,1,High-Slow,1,60,0.38,1,0,4.18,0,1,1,0,7,high ss1
FG027,113,1,High-Slow,2,25,0.36,-1,-1,4.78,0,0,1,0,7,high ss1
FG027,114,1,High-Slow,1,60,0.74,-1,-2,3.23,0,1,1,0,7,high ss1
FG027,115,1,High-Slow,3,15,0.08,1,-1,3.55,0,1,1,0,7,high ss1
FG027,116,1,High-Slow,2,25,0.14,1,0,2.29,0,0,1,0,7,high ss1
FG027,117,1,High-Slow,2,25,0.11,1,1,3.8,1,0,0,1,7,high ss1
FG027,118,1,High-Slow,1,60,0.08,1,2,3.58,0,0,1,0,7,high ss1
FG027,119,1,High-Slow,2,25,0.4,-1,1,4.26,0,0,1,0,7,high ss1
FG027,120,1,High-Slow,1,60,0.3,1,2,3.07,0,1,1,0,7,high ss1
FG027,121,1,High-Slow,2,25,0.5,-1,1,5.55,0,0,1,0,7,high ss1
FG027,122,1,High-Slow,1,60,0.28,1,2,1.84,0,1,1,0,7,high ss1
FG027,123,1,High-Slow,2,25,0.56,-1,1,6.52,0,0,1,0,7,high ss1
FG027,124,1,High-Slow,1,60,0.09,1,2,1.86,0,1,1,0,7,high ss1
FG027,125,1,High-Slow,2,25,0.88,-1,1,5.26,0,0,1,0,7,high ss1
FG027,126,1,High-Slow,1,15,0.21,-1,0,2.55,0,1,1,0,7,high ss1
FG027,127,1,High-Slow,2,60,0.94,-1,-1,7.83,0,1,1,0,7,high ss1
FG027,128,1,High-Slow,1,15,0.66,-1,-2,0.88,0,1,1,0,7,high ss1
FG027,129,1,High-Slow,1,15,0.11,1,-1,1.2,0,0,0,1,7,high ss1
FG027,130,1,High-Slow,2,60,0.98,-1,-2,3.71,0,0,1,0,7,high ss1
FG027,131,1,High-Slow,1,15,0.66,-1,-3,1.55,0,1,1,0,7,high ss1
FG027,132,1,High-Slow,2,60,0.59,1,-2,0.65,0,1,1,0,7,high ss1
FG027,133,1,High-Slow,1,15,0.28,-1,-3,0.59,0,0,1,0,7,high ss1
FG027,134,1,High-Slow,3,25,0.93,-1,-4,0.08,0,1,1,0,7,high ss1
FG027,135,1,High-Slow,1,15,0.9,-1,-5,0.45,0,1,1,0,7,high ss1
FG027,136,1,High-Slow,1,15,0.9,-1,-6,0.45,0,0,0,1,7,high ss1
FG027,137,1,High-Slow,2,60,0.21,1,-5,0.13,0,1,1,0,7,high ss1
FG027,138,1,High-Slow,1,15,0.96,-1,-6,0.26,0,0,1,0,7,high ss1
FG027,139,1,High-Slow,1,15,0.64,-1,-7,0.61,0,0,0,1,7,high ss1
FG027,140,1,High-Slow,2,60,0.13,1,-6,0.66,0,1,1,0,7,high ss1
FG027,141,1,High-Slow,2,60,0.75,-1,-7,0.25,1,0,0,1,7,high ss1
FG027,142,1,High-Slow,1,15,0.04,1,-6,0.06,0,1,1,0,7,high ss1
FG027,143,1,High-Slow,2,60,0.68,-1,-7,0.18,0,0,1,0,7,high ss1
FG027,144,1,High-Slow,1,15,0.25,-1,-8,0.28,0,1,1,0,7,high ss1
FG027,145,1,High-Slow,1,15,0.73,-1,-9,1.3,0,0,0,1,7,high ss1
FG027,146,1,High-Slow,2,60,0.14,1,-8,0.22,0,1,1,0,7,high ss1
FG027,147,1,High-Slow,2,60,0.99,-1,-9,0.92,1,0,0,1,7,high ss1
FG027,148,1,High-Slow,1,15,0.1,1,-8,0.13,0,1,1,0,7,high ss1
FG027,149,1,High-Slow,2,60,0.9,-1,-9,0.12,0,0,1,0,7,high ss1
FG027,150,1,High-Slow,1,15,0.36,-1,-10,0.3,0,1,1,0,7,high ss1
FG027,1,2,Low-Slow,1,80,0.04,1,-9,0.9,0,0,0,1,7,high ss1
FG027,2,2,Low-Slow,2,15,0.13,1,-8,0.27,0,0,1,0,7,high ss1
FG027,3,2,Low-Slow,1,80,0.73,1,-7,1.06,0,0,1,0,7,high ss1
FG027,4,2,Low-Slow,3,5,0.08,-1,-8,0.52,0,0,1,0,7,high ss1
FG027,5,2,Low-Slow,1,80,0.93,-1,-9,0.36,0,1,1,0,7,high ss1
FG027,6,2,Low-Slow,3,5,0.53,-1,-10,0.5,0,1,1,0,7,high ss1
FG027,7,2,Low-Slow,1,80,0.39,1,-9,0.12,0,1,1,0,7,high ss1
FG027,8,2,Low-Slow,2,15,0.1,1,-8,0.42,0,0,1,0,7,high ss1
FG027,9,2,Low-Slow,1,80,0.74,1,-7,1.06,0,0,1,0,7,high ss1
FG027,10,2,Low-Slow,3,5,0.55,-1,-8,0.98,0,0,1,0,7,high ss1
FG027,11,2,Low-Slow,2,15,0.29,-1,-9,0.39,0,1,1,0,7,high ss1
FG027,12,2,Low-Slow,3,5,0.82,-1,-10,0.88,0,1,1,0,7,high ss1
FG027,13,2,Low-Slow,1,80,0.44,1,-9,0.36,0,1,1,0,7,high ss1
FG027,14,2,Low-Slow,1,80,0.14,1,-8,0.93,1,0,0,1,7,high ss1
FG027,15,2,Low-Slow,1,80,0.98,-1,-9,0.41,1,0,0,1,7,high ss1
FG027,16,2,Low-Slow,3,5,0.95,-1,-10,0.77,0,1,1,0,7,high ss1
FG027,17,2,Low-Slow,1,80,0.96,-1,-11,0.25,0,1,1,0,7,high ss1
FG027,18,2,Low-Slow,3,5,0.12,-1,-12,0.77,0,1,1,0,7,high ss1
FG027,19,2,Low-Slow,1,80,0.6,1,-11,0.97,0,1,1,0,7,high ss1
FG027,20,2,Low-Slow,2,15,0.26,-1,-12,0.71,0,0,1,0,7,high ss1
FG027,21,2,Low-Slow,1,80,0.96,-1,-13,0.01,0,1,1,0,7,high ss1
FG027,22,2,Low-Slow,2,15,0.74,-1,-14,0.88,0,1,1,0,7,high ss1
FG027,23,2,Low-Slow,3,5,0.48,-1,-15,0.02,0,1,1,0,7,high ss1
FG027,24,2,Low-Slow,1,80,0.56,1,-14,0.22,0,1,1,0,7,high ss1
FG027,25,2,Low-Slow,1,15,0.71,-1,-15,0.15,1,0,0,1,7,high ss1
FG027,26,2,Low-Slow,2,5,0.11,-1,-16,0.72,0,1,1,0,7,high ss1
FG027,27,2,Low-Slow,1,15,0.98,-1,-17,0.25,0,1,1,0,7,high ss1
FG027,28,2,Low-Slow,1,15,0.14,1,-16,0.38,0,0,0,1,7,high ss1
FG027,29,2,Low-Slow,2,5,0.39,-1,-17,0.99,0,0,1,0,7,high ss1
FG027,30,2,Low-Slow,1,15,0.18,-1,-18,0.12,0,1,1,0,7,high ss1
FG027,31,2,Low-Slow,2,5,0.5,-1,-19,0.17,0,1,1,0,7,high ss1
FG027,32,2,Low-Slow,3,80,0.24,1,-18,0.53,0,1,1,0,7,high ss1
FG027,33,2,Low-Slow,2,5,0.52,-1,-19,1.06,0,0,1,0,7,high ss1
FG027,34,2,Low-Slow,3,80,0.26,1,-18,0.37,0,1,1,0,7,high ss1
FG027,35,2,Low-Slow,1,15,0.43,-1,-19,0.06,0,0,1,0,7,high ss1
FG027,36,2,Low-Slow,3,80,0.93,-1,-20,0.19,0,1,1,0,7,high ss1
FG027,37,2,Low-Slow,1,15,0.42,-1,-21,0.07,0,1,1,0,7,high ss1
FG027,38,2,Low-Slow,2,5,0.98,-1,-22,0.08,0,1,1,0,7,high ss1
FG027,39,2,Low-Slow,1,15,0.5,-1,-23,0.18,0,1,1,0,7,high ss1
FG027,40,2,Low-Slow,3,80,0.44,1,-22,0.48,0,1,1,0,7,high ss1
FG027,41,2,Low-Slow,1,15,0.15,1,-21,1.18,0,0,1,0,7,high ss1
FG027,42,2,Low-Slow,3,80,0.91,-1,-22,0.54,0,0,1,0,7,high ss1
FG027,43,2,Low-Slow,2,5,0.48,-1,-23,1.04,0,1,1,0,7,high ss1
FG027,44,2,Low-Slow,1,15,0.38,-1,-24,0.09,0,1,1,0,7,high ss1
FG027,45,2,Low-Slow,2,5,0.05,1,-23,0.7,0,1,1,0,7,high ss1
FG027,46,2,Low-Slow,3,80,0.54,1,-22,1.65,0,0,1,0,7,high ss1
FG027,47,2,Low-Slow,3,80,0.51,1,-21,1.43,1,0,0,1,7,high ss1
FG027,48,2,Low-Slow,1,15,0.28,-1,-22,1.65,0,0,1,0,7,high ss1
FG027,49,2,Low-Slow,3,80,0.75,1,-21,0.44,0,1,1,0,7,high ss1
FG027,50,2,Low-Slow,3,80,0.12,1,-20,0.78,1,0,0,1,7,high ss1
FG027,51,3,Low-Fast,1,80,0.99,-1,-21,1.88,0,0,1,0,7,high ss1
FG027,52,3,Low-Fast,3,5,0.91,-1,-22,1.12,0,1,1,0,7,high ss1
FG027,53,3,Low-Fast,1,80,0.95,-1,-23,0.67,0,1,1,0,7,high ss1
FG027,54,3,Low-Fast,2,15,0.45,-1,-24,1.42,0,1,1,0,7,high ss1
FG027,55,3,Low-Fast,1,80,0.78,1,-23,8.74,0,1,1,0,7,high ss1
FG027,56,3,Low-Fast,3,5,0.99,-1,-24,0.01,0,0,1,0,7,high ss1
FG027,57,3,Low-Fast,1,80,0.03,1,-23,0.72,0,1,1,0,7,high ss1
FG027,58,3,Low-Fast,3,5,0.83,-1,-24,0.74,0,0,1,0,7,high ss1
FG027,59,3,Low-Fast,1,80,0.23,1,-23,0.62,0,1,1,0,7,high ss1
FG027,60,3,Low-Fast,3,5,0.25,-1,-24,1.55,0,0,1,0,7,high ss1
FG027,61,3,Low-Fast,1,15,0.41,-1,-25,0.26,0,1,1,0,7,high ss1
FG027,62,3,Low-Fast,3,80,0.01,1,-24,0.41,0,1,1,0,7,high ss1
FG027,63,3,Low-Fast,3,80,0.09,1,-23,2.98,1,0,0,1,7,high ss1
FG027,64,3,Low-Fast,1,15,0.76,-1,-24,2.3,0,0,1,0,7,high ss1
FG027,65,3,Low-Fast,3,80,0.38,1,-23,0.71,0,1,1,0,7,high ss1
FG027,66,3,Low-Fast,1,15,0.46,-1,-24,1.37,0,0,1,0,7,high ss1
FG027,67,3,Low-Fast,3,80,0.33,1,-23,0.59,0,1,1,0,7,high ss1
FG027,68,3,Low-Fast,1,15,0.8,-1,-24,1.47,0,0,1,0,7,high ss1
FG027,69,3,Low-Fast,3,80,0.03,1,-23,0.43,0,1,1,0,7,high ss1
FG027,70,3,Low-Fast,3,80,0.83,-1,-24,0.84,1,0,0,1,7,high ss1
FG027,71,3,Low-Fast,1,5,0.99,-1,-25,0.48,0,1,1,0,7,high ss1
FG027,72,3,Low-Fast,2,80,0.75,1,-24,0.46,0,1,1,0,7,high ss1
FG027,73,3,Low-Fast,1,5,0.03,1,-23,4.4,0,0,1,0,7,high ss1
FG027,74,3,Low-Fast,3,15,0.87,-1,-24,1.15,0,0,1,0,7,high ss1
FG027,75,3,Low-Fast,2,80,0.86,-1,-25,2.12,0,1,1,0,7,high ss1
FG027,76,3,Low-Fast,1,5,0.93,-1,-26,1.18,0,1,1,0,7,high ss1
FG027,77,3,Low-Fast,2,80,0.47,1,-25,0.45,0,1,1,0,7,high ss1
FG027,78,3,Low-Fast,3,15,0.64,-1,-26,1.01,0,0,1,0,7,high ss1
FG027,79,3,Low-Fast,1,5,0.03,1,-25,0.86,0,1,1,0,7,high ss1
FG027,80,3,Low-Fast,2,80,0.49,1,-24,0.72,0,0,1,0,7,high ss1
FG027,81,3,Low-Fast,1,80,0.19,1,-23,0.41,0,0,1,0,7,high ss1
FG027,82,3,Low-Fast,2,5,0.57,-1,-24,0.52,0,0,1,0,7,high ss1
FG027,83,3,Low-Fast,3,15,0.54,-1,-25,1.45,0,1,1,0,7,high ss1
FG027,84,3,Low-Fast,1,80,0.23,1,-24,0.21,0,1,1,0,7,high ss1
FG027,85,3,Low-Fast,1,80,0.72,1,-23,0.16,1,0,0,1,7,high ss1
FG027,86,3,Low-Fast,1,80,0.78,1,-22,0.21,1,0,0,1,7,high ss1
FG027,87,3,Low-Fast,2,5,0.27,-1,-23,2.0,0,0,1,0,7,high ss1
FG027,88,3,Low-Fast,1,80,0.26,1,-22,0.23,0,1,1,0,7,high ss1
FG027,89,3,Low-Fast,1,80,0.36,1,-21,0.95,1,0,0,1,7,high ss1
FG027,90,3,Low-Fast,1,80,0.43,1,-20,0.96,1,0,0,1,7,high ss1
FG027,91,3,Low-Fast,1,15,0.96,-1,-21,0.41,1,0,0,1,7,high ss1
FG027,92,3,Low-Fast,3,5,0.24,-1,-22,1.25,0,1,1,0,7,high ss1
FG027,93,3,Low-Fast,1,15,0.89,-1,-23,0.54,0,1,1,0,7,high ss1
FG027,94,3,Low-Fast,3,5,0.59,-1,-24,1.02,0,1,1,0,7,high ss1
FG027,95,3,Low-Fast,2,80,0.01,1,-23,0.21,0,1,1,0,7,high ss1
FG027,96,3,Low-Fast,1,15,0.65,-1,-24,0.85,0,0,1,0,7,high ss1
FG027,97,3,Low-Fast,2,80,0.96,-1,-25,0.24,0,1,1,0,7,high ss1
FG027,98,3,Low-Fast,1,15,0.72,-1,-26,0.97,0,1,1,0,7,high ss1
FG027,99,3,Low-Fast,2,80,0.3,1,-25,0.28,0,1,1,0,7,high ss1
FG027,100,3,Low-Fast,2,80,0.25,1,-24,1.5,1,0,0,1,7,high ss1
FG027,151,4,High-Fast,1,60,0.09,1,-23,3.97,0,0,1,0,7,high ss1
FG027,152,4,High-Fast,1,60,0.13,1,-22,0.9,1,0,0,1,7,high ss1
FG027,153,4,High-Fast,1,60,0.05,1,-21,0.34,1,0,0,1,7,high ss1
FG027,154,4,High-Fast,1,60,0.67,-1,-22,0.2,1,0,0,1,7,high ss1
FG027,155,4,High-Fast,2,25,0.22,1,-21,0.66,0,1,1,0,7,high ss1
FG027,156,4,High-Fast,1,60,0.86,-1,-22,0.21,0,0,1,0,7,high ss1
FG027,157,4,High-Fast,2,25,0.52,-1,-23,0.39,0,1,1,0,7,high ss1
FG027,158,4,High-Fast,2,25,0.79,-1,-24,0.29,0,0,0,1,7,high ss1
FG027,159,4,High-Fast,3,15,0.94,-1,-25,0.24,0,1,1,0,7,high ss1
FG027,160,4,High-Fast,1,60,0.55,1,-24,0.25,0,1,1,0,7,high ss1
FG027,161,4,High-Fast,1,25,0.82,-1,-25,2.27,1,0,0,1,7,high ss1
FG027,162,4,High-Fast,2,15,0.34,-1,-26,0.19,0,1,1,0,7,high ss1
FG027,163,4,High-Fast,3,60,0.08,1,-25,0.33,0,1,1,0,7,high ss1
FG027,164,4,High-Fast,1,25,0.16,1,-24,0.25,0,0,1,0,7,high ss1
FG027,165,4,High-Fast,1,25,0.19,1,-23,6.38,1,0,0,1,7,high ss1
FG027,166,4,High-Fast,3,60,0.95,-1,-24,0.8,0,0,1,0,7,high ss1
FG027,167,4,High-Fast,1,25,0.2,1,-23,0.31,0,1,1,0,7,high ss1
FG027,168,4,High-Fast,3,60,0.49,1,-22,2.6,0,0,1,0,7,high ss1
FG027,169,4,High-Fast,1,25,0.79,-1,-23,0.31,0,0,1,0,7,high ss1
FG027,170,4,High-Fast,3,60,0.19,1,-22,0.48,0,1,1,0,7,high ss1
FG027,171,4,High-Fast,1,15,0.46,-1,-23,0.45,0,0,1,0,7,high ss1
FG027,172,4,High-Fast,3,25,0.29,-1,-24,0.97,0,1,1,0,7,high ss1
FG027,173,4,High-Fast,1,15,0.63,-1,-25,0.12,0,1,1,0,7,high ss1
FG027,174,4,High-Fast,2,60,0.33,1,-24,0.13,0,1,1,0,7,high ss1
FG027,175,4,High-Fast,1,15,0.24,-1,-25,0.03,0,0,1,0,7,high ss1
FG027,176,4,High-Fast,2,60,0.95,-1,-26,0.23,0,1,1,0,7,high ss1
FG027,177,4,High-Fast,1,15,0.68,-1,-27,0.96,0,1,1,0,7,high ss1
FG027,178,4,High-Fast,2,60,0.9,-1,-28,0.28,0,1,1,0,7,high ss1
FG027,179,4,High-Fast,3,25,0.62,-1,-29,0.31,0,1,1,0,7,high ss1
FG027,180,4,High-Fast,1,15,0.11,1,-28,0.28,0,1,1,0,7,high ss1
FG027,181,4,High-Fast,1,60,0.8,-1,-29,0.41,1,0,0,1,7,high ss1
FG027,182,4,High-Fast,2,15,0.23,-1,-30,1.32,0,1,1,0,7,high ss1
FG027,183,4,High-Fast,1,60,0.65,-1,-31,1.44,0,1,1,0,7,high ss1
FG027,184,4,High-Fast,2,15,0.13,1,-30,1.56,0,1,1,0,7,high ss1
FG027,185,4,High-Fast,1,60,0.85,-1,-31,0.15,0,0,1,0,7,high ss1
FG027,186,4,High-Fast,2,15,0.38,-1,-32,0.24,0,1,1,0,7,high ss1
FG027,187,4,High-Fast,3,25,0.64,-1,-33,0.17,0,1,1,0,7,high ss1
FG027,188,4,High-Fast,1,60,0.12,1,-32,0.48,0,1,1,0,7,high ss1
FG027,189,4,High-Fast,1,60,0.56,1,-31,1.82,1,0,0,1,7,high ss1
FG027,190,4,High-Fast,1,60,0.77,-1,-32,0.57,1,0,0,1,7,high ss1
FG027,191,4,High-Fast,1,15,0.82,-1,-33,0.01,0,0,0,1,7,high ss1
FG027,192,4,High-Fast,1,15,0.75,-1,-34,0.06,0,0,0,1,7,high ss1
FG027,193,4,High-Fast,1,15,0.26,-1,-35,0.04,0,0,0,1,7,high ss1
FG027,194,4,High-Fast,1,15,0.02,1,-34,0.1,0,0,0,1,7,high ss1
FG027,195,4,High-Fast,1,15,0.59,-1,-35,0.13,1,0,0,1,7,high ss1
FG027,196,4,High-Fast,1,15,0.37,-1,-36,0.07,0,0,0,1,7,high ss1
FG027,197,4,High-Fast,1,15,0.47,-1,-37,0.08,0,0,0,1,7,high ss1
FG027,198,4,High-Fast,1,15,0.13,1,-36,0.24,0,0,0,1,7,high ss1
FG027,199,4,High-Fast,1,15,0.97,-1,-37,1.14,1,0,0,1,7,high ss1
FG027,200,4,High-Fast,1,15,0.93,-1,-38,0.22,0,0,0,1,7,high ss1
FG028,101,1,High-Slow,3,15,0.71,-1,-1,5.88,0,0,0,0,0,low ss1
FG028,102,1,High-Slow,3,15,0.67,-1,-2,2.98,0,0,0,1,0,low ss1
FG028,103,1,High-Slow,1,60,0.01,1,-1,0.97,0,1,1,0,0,low ss1
FG028,104,1,High-Slow,2,25,0.9,-1,-2,1.53,0,0,1,0,0,low ss1
FG028,105,1,High-Slow,2,25,0.67,-1,-3,1.11,0,0,0,1,0,low ss1
FG028,106,1,High-Slow,3,15,0.79,-1,-4,0.6,0,1,1,0,0,low ss1
FG028,107,1,High-Slow,2,25,0.62,-1,-5,0.65,0,1,1,0,0,low ss1
FG028,108,1,High-Slow,1,60,0.16,1,-4,0.33,0,1,1,0,0,low ss1
FG028,109,1,High-Slow,1,60,0.74,-1,-5,0.31,1,0,0,1,0,low ss1
FG028,110,1,High-Slow,1,60,0.91,-1,-6,0.15,0,0,0,1,0,low ss1
FG028,111,1,High-Slow,1,60,0.92,-1,-7,0.58,0,0,0,1,0,low ss1
FG028,112,1,High-Slow,1,60,0.38,1,-6,0.28,0,0,0,1,0,low ss1
FG028,113,1,High-Slow,1,60,0.79,-1,-7,2.77,1,0,0,1,0,low ss1
FG028,114,1,High-Slow,1,60,0.36,1,-6,1.13,0,0,0,1,0,low ss1
FG028,115,1,High-Slow,1,60,0.24,1,-5,0.92,1,0,0,1,0,low ss1
FG028,116,1,High-Slow,1,60,0.94,-1,-6,1.17,1,0,0,1,0,low ss1
FG028,117,1,High-Slow,1,60,0.56,1,-5,0.36,0,0,0,1,0,low ss1
FG028,118,1,High-Slow,1,60,0.84,-1,-6,0.78,1,0,0,1,0,low ss1
FG028,119,1,High-Slow,1,60,0.33,1,-5,0.3,0,0,0,1,0,low ss1
FG028,120,1,High-Slow,2,25,0.26,-1,-6,1.15,0,0,1,0,0,low ss1
FG028,121,1,High-Slow,1,60,0.23,1,-5,0.19,0,1,1,0,0,low ss1
FG028,122,1,High-Slow,3,15,0.7,-1,-6,0.82,0,0,1,0,0,low ss1
FG028,123,1,High-Slow,1,60,0.82,-1,-7,0.28,0,1,1,0,0,low ss1
FG028,124,1,High-Slow,1,60,0.98,-1,-8,0.18,0,0,0,1,0,low ss1
FG028,125,1,High-Slow,1,60,1.0,-1,-9,0.53,0,0,0,1,0,low ss1
FG028,126,1,High-Slow,1,15,0.6,-1,-10,0.3,0,0,0,1,0,low ss1
FG028,127,1,High-Slow,2,60,0.59,1,-9,0.66,0,1,1,0,0,low ss1
FG028,128,1,High-Slow,1,15,0.89,-1,-10,0.65,0,0,1,0,0,low ss1
FG028,129,1,High-Slow,3,25,0.94,-1,-11,0.1,0,1,1,0,0,low ss1
FG028,130,1,High-Slow,1,15,0.64,-1,-12,0.3,0,1,1,0,0,low ss1
FG028,131,1,High-Slow,3,25,0.67,-1,-13,0.28,0,1,1,0,0,low ss1
FG028,132,1,High-Slow,2,60,0.1,1,-12,0.58,0,1,1,0,0,low ss1
FG028,133,1,High-Slow,2,60,0.75,-1,-13,1.88,1,0,0,1,0,low ss1
FG028,134,1,High-Slow,3,25,0.66,-1,-14,0.51,0,1,1,0,0,low ss1
FG028,135,1,High-Slow,1,15,0.65,-1,-15,0.28,0,1,1,0,0,low ss1
FG028,136,1,High-Slow,2,60,0.31,1,-14,0.48,0,1,1,0,0,low ss1
FG028,137,1,High-Slow,1,15,0.34,-1,-15,0.4,0,0,1,0,0,low ss1
FG028,138,1,High-Slow,3,25,0.8,-1,-16,0.78,0,1,1,0,0,low ss1
FG028,139,1,High-Slow,2,60,0.94,-1,-17,0.7,0,1,1,0,0,low ss1
FG028,140,1,High-Slow,2,60,0.24,1,-16,0.2,0,0,0,1,0,low ss1
FG028,141,1,High-Slow,3,25,0.33,-1,-17,1.73,0,0,1,0,0,low ss1
FG028,142,1,High-Slow,3,25,0.1,1,-16,0.18,0,0,0,1,0,low ss1
FG028,143,1,High-Slow,1,15,0.76,-1,-17,0.94,0,0,1,0,0,low ss1
FG028,144,1,High-Slow,1,15,0.76,-1,-18,0.16,0,0,0,1,0,low ss1
FG028,145,1,High-Slow,1,15,0.96,-1,-19,0.92,0,0,0,1,0,low ss1
FG028,146,1,High-Slow,1,15,0.71,-1,-20,0.33,0,0,0,1,0,low ss1
FG028,147,1,High-Slow,2,60,0.84,-1,-21,0.67,0,1,1,0,0,low ss1
FG028,148,1,High-Slow,2,60,0.98,-1,-22,0.26,0,0,0,1,0,low ss1
FG028,149,1,High-Slow,2,60,0.7,-1,-23,0.22,0,0,0,1,0,low ss1
FG028,150,1,High-Slow,2,60,0.47,1,-22,0.91,0,0,0,1,0,low ss1
FG028,1,2,Low-Slow,3,5,0.59,-1,-23,5.43,0,0,1,0,0,low ss1
FG028,2,2,Low-Slow,1,80,0.53,1,-22,0.66,0,1,1,0,0,low ss1
FG028,3,2,Low-Slow,2,15,0.84,-1,-23,0.25,0,0,1,0,0,low ss1
FG028,4,2,Low-Slow,1,80,0.8,-1,-24,0.62,0,1,1,0,0,low ss1
FG028,5,2,Low-Slow,3,5,0.54,-1,-25,0.15,0,1,1,0,0,low ss1
FG028,6,2,Low-Slow,2,15,0.51,-1,-26,0.09,0,1,1,0,0,low ss1
FG028,7,2,Low-Slow,2,15,0.23,-1,-27,0.13,0,0,0,1,0,low ss1
FG028,8,2,Low-Slow,2,15,0.89,-1,-28,0.7,0,0,0,1,0,low ss1
FG028,9,2,Low-Slow,1,80,0.35,1,-27,0.28,0,1,1,0,0,low ss1
FG028,10,2,Low-Slow,1,80,0.25,1,-26,0.31,1,0,0,1,0,low ss1
FG028,11,2,Low-Slow,1,80,0.99,-1,-27,0.6,1,0,0,1,0,low ss1
FG028,12,2,Low-Slow,1,80,0.4,1,-26,0.22,0,0,0,1,0,low ss1
FG028,13,2,Low-Slow,1,80,0.77,1,-25,0.23,1,0,0,1,0,low ss1
FG028,14,2,Low-Slow,1,80,0.03,1,-24,0.3,1,0,0,1,0,low ss1
FG028,15,2,Low-Slow,3,5,0.51,-1,-25,1.08,0,0,1,0,0,low ss1
FG028,16,2,Low-Slow,1,80,0.72,1,-24,0.04,0,1,1,0,0,low ss1
FG028,17,2,Low-Slow,1,80,0.45,1,-23,0.43,1,0,0,1,0,low ss1
FG028,18,2,Low-Slow,1,80,0.09,1,-22,0.22,1,0,0,1,0,low ss1
FG028,19,2,Low-Slow,1,80,0.59,1,-21,1.07,1,0,0,1,0,low ss1
FG028,20,2,Low-Slow,1,80,0.29,1,-20,0.7,1,0,0,1,0,low ss1
FG028,21,2,Low-Slow,1,80,0.82,-1,-21,0.68,1,0,0,1,0,low ss1
FG028,22,2,Low-Slow,2,15,0.22,-1,-22,1.15,0,1,1,0,0,low ss1
FG028,23,2,Low-Slow,3,5,0.43,-1,-23,1.64,0,1,1,0,0,low ss1
FG028,24,2,Low-Slow,1,80,0.16,1,-22,1.13,0,1,1,0,0,low ss1
FG028,25,2,Low-Slow,1,15,0.1,1,-21,0.46,1,0,0,1,0,low ss1
FG028,26,2,Low-Slow,1,15,0.3,-1,-22,0.2,1,0,0,1,0,low ss1
FG028,27,2,Low-Slow,2,5,0.62,-1,-23,0.38,0,1,1,0,0,low ss1
FG028,28,2,Low-Slow,1,15,0.23,-1,-24,0.75,0,1,1,0,0,low ss1
FG028,29,2,Low-Slow,3,80,0.71,1,-23,0.05,0,1,1,0,0,low ss1
FG028,30,2,Low-Slow,3,80,0.31,1,-22,0.08,1,0,0,1,0,low ss1
FG028,31,2,Low-Slow,3,80,0.43,1,-21,0.17,1,0,0,1,0,low ss1
FG028,32,2,Low-Slow,3,80,0.81,-1,-22,0.45,1,0,0,1,0,low ss1
FG028,33,2,Low-Slow,1,15,0.62,-1,-23,0.59,0,1,1,0,0,low ss1
FG028,34,2,Low-Slow,1,15,0.21,-1,-24,0.28,0,0,0,1,0,low ss1
FG028,35,2,Low-Slow,3,80,0.98,-1,-25,0.17,0,1,1,0,0,low ss1
FG028,36,2,Low-Slow,2,5,0.29,-1,-26,0.1,0,1,1,0,0,low ss1
FG028,37,2,Low-Slow,2,5,0.77,-1,-27,1.37,0,0,0,1,0,low ss1
FG028,38,2,Low-Slow,1,15,0.14,1,-26,0.64,0,1,1,0,0,low ss1
FG028,39,2,Low-Slow,3,80,0.72,1,-25,0.2,0,0,1,0,0,low ss1
FG028,40,2,Low-Slow,2,5,0.22,-1,-26,5.37,0,0,1,0,0,low ss1
FG028,41,2,Low-Slow,1,15,0.15,1,-25,0.29,0,1,1,0,0,low ss1
FG028,42,2,Low-Slow,3,80,0.33,1,-24,0.58,0,0,1,0,0,low ss1
FG028,43,2,Low-Slow,1,15,0.02,1,-23,0.6,0,0,1,0,0,low ss1
FG028,44,2,Low-Slow,3,80,0.6,1,-22,0.16,0,0,1,0,0,low ss1
FG028,45,2,Low-Slow,1,15,0.41,-1,-23,0.22,0,0,1,0,0,low ss1
FG028,46,2,Low-Slow,2,5,0.18,-1,-24,0.19,0,1,1,0,0,low ss1
FG028,47,2,Low-Slow,3,80,0.09,1,-23,0.11,0,1,1,0,0,low ss1
FG028,48,2,Low-Slow,3,80,0.5,1,-22,0.5,1,0,0,1,0,low ss1
FG028,49,2,Low-Slow,1,15,0.03,1,-21,0.23,0,0,1,0,0,low ss1
FG028,50,2,Low-Slow,1,15,0.13,1,-20,0.53,1,0,0,1,0,low ss1
FG028,151,3,High-Fast,3,15,0.1,1,-19,2.19,0,0,1,0,0,low ss1
FG028,152,3,High-Fast,1,60,0.91,-1,-20,0.09,0,0,1,0,0,low ss1
FG028,153,3,High-Fast,2,25,0.26,-1,-21,0.49,0,1,1,0,0,low ss1
FG028,154,3,High-Fast,3,15,0.41,-1,-22,0.79,0,1,1,0,0,low ss1
FG028,155,3,High-Fast,1,60,0.6,1,-21,0.17,0,1,1,0,0,low ss1
FG028,156,3,High-Fast,1,60,0.85,-1,-22,0.29,1,0,0,1,0,low ss1
FG028,157,3,High-Fast,1,60,0.2,1,-21,0.29,0,0,0,1,0,low ss1
FG028,158,3,High-Fast,3,15,0.89,-1,-22,1.09,0,0,1,0,0,low ss1
FG028,159,3,High-Fast,2,25,0.63,-1,-23,0.46,0,1,1,0,0,low ss1
FG028,160,3,High-Fast,1,60,0.69,-1,-24,0.11,0,1,1,0,0,low ss1
FG028,161,3,High-Fast,1,25,0.38,-1,-25,0.2,0,0,0,1,0,low ss1
FG028,162,3,High-Fast,1,25,0.42,-1,-26,0.22,0,0,0,1,0,low ss1
FG028,163,3,High-Fast,3,60,0.29,1,-25,0.43,0,1,1,0,0,low ss1
FG028,164,3,High-Fast,3,60,0.3,1,-24,0.81,1,0,0,1,0,low ss1
FG028,165,3,High-Fast,3,60,0.03,1,-23,0.68,1,0,0,1,0,low ss1
FG028,166,3,High-Fast,3,60,0.94,-1,-24,1.98,1,0,0,1,0,low ss1
FG028,167,3,High-Fast,1,25,0.18,1,-23,0.37,0,1,1,0,0,low ss1
FG028,168,3,High-Fast,2,15,0.94,-1,-24,4.52,0,0,1,0,0,low ss1
FG028,169,3,High-Fast,1,25,0.88,-1,-25,0.24,0,1,1,0,0,low ss1
FG028,170,3,High-Fast,3,60,0.12,1,-24,0.76,0,1,1,0,0,low ss1
FG028,171,3,High-Fast,3,25,0.23,1,-23,0.27,1,0,0,1,0,low ss1
FG028,172,3,High-Fast,3,25,0.11,1,-22,0.17,1,0,0,1,0,low ss1
FG028,173,3,High-Fast,3,25,0.12,1,-21,1.19,1,0,0,1,0,low ss1
FG028,174,3,High-Fast,1,15,0.67,-1,-22,0.21,0,0,1,0,0,low ss1
FG028,175,3,High-Fast,2,60,0.82,-1,-23,0.17,0,1,1,0,0,low ss1
FG028,176,3,High-Fast,3,25,0.29,-1,-24,0.36,0,1,1,0,0,low ss1
FG028,177,3,High-Fast,1,15,0.34,-1,-25,0.28,0,1,1,0,0,low ss1
FG028,178,3,High-Fast,3,25,0.34,-1,-26,0.1,0,1,1,0,0,low ss1
FG028,179,3,High-Fast,2,60,0.04,1,-25,0.01,0,1,1,0,0,low ss1
FG028,180,3,High-Fast,2,60,0.11,1,-24,0.42,1,0,0,1,0,low ss1
FG028,181,3,High-Fast,2,15,0.66,-1,-25,0.51,1,0,0,1,0,low ss1
FG028,182,3,High-Fast,3,25,0.01,1,-24,0.22,0,1,1,0,0,low ss1
FG028,183,3,High-Fast,3,25,0.25,1,-23,0.26,1,0,0,1,0,low ss1
FG028,184,3,High-Fast,3,25,0.89,-1,-24,0.47,1,0,0,1,0,low ss1
FG028,185,3,High-Fast,1,60,0.95,-1,-25,0.1,0,1,1,0,0,low ss1
FG028,186,3,High-Fast,1,60,0.73,-1,-26,0.06,0,0,0,1,0,low ss1
FG028,187,3,High-Fast,1,60,0.41,1,-25,0.48,0,0,0,1,0,low ss1
FG028,188,3,High-Fast,1,60,0.13,1,-24,0.5,1,0,0,1,0,low ss1
FG028,189,3,High-Fast,1,60,0.12,1,-23,0.37,1,0,0,1,0,low ss1
FG028,190,3,High-Fast,2,15,0.88,-1,-24,0.5,0,0,1,0,0,low ss1
FG028,191,3,High-Fast,1,15,0.3,-1,-25,0.01,0,1,1,0,0,low ss1
FG028,192,3,High-Fast,3,60,0.1,1,-24,0.45,0,1,1,0,0,low ss1
FG028,193,3,High-Fast,3,60,0.17,1,-23,0.56,1,0,0,1,0,low ss1
FG028,194,3,High-Fast,3,60,0.41,1,-22,0.43,1,0,0,1,0,low ss1
FG028,195,3,High-Fast,3,60,0.8,-1,-23,0.29,1,0,0,1,0,low ss1
FG028,196,3,High-Fast,2,25,0.08,1,-22,0.15,0,1,1,0,0,low ss1
FG028,197,3,High-Fast,2,25,0.46,-1,-23,0.71,1,0,0,1,0,low ss1
FG028,198,3,High-Fast,1,15,0.99,-1,-24,0.15,0,1,1,0,0,low ss1
FG028,199,3,High-Fast,3,60,0.14,1,-23,0.43,0,1,1,0,0,low ss1
FG028,200,3,High-Fast,3,60,0.07,1,-22,1.15,1,0,0,1,0,low ss1
FG028,51,4,Low-Fast,2,15,0.71,-1,-23,2.49,0,0,1,0,0,low ss1
FG028,52,4,Low-Fast,1,80,0.42,1,-22,0.21,0,1,1,0,0,low ss1
FG028,53,4,Low-Fast,3,5,0.67,-1,-23,0.24,0,0,1,0,0,low ss1
FG028,54,4,Low-Fast,2,15,0.03,1,-22,0.33,0,1,1,0,0,low ss1
FG028,55,4,Low-Fast,1,80,0.46,1,-21,0.26,0,0,1,0,0,low ss1
FG028,56,4,Low-Fast,2,15,0.65,-1,-22,0.6,0,0,1,0,0,low ss1
FG028,57,4,Low-Fast,1,80,0.46,1,-21,0.24,0,1,1,0,0,low ss1
FG028,58,4,Low-Fast,3,5,0.53,-1,-22,0.67,0,0,1,0,0,low ss1
FG028,59,4,Low-Fast,1,80,0.09,1,-21,0.31,0,1,1,0,0,low ss1
FG028,60,4,Low-Fast,2,15,0.51,-1,-22,0.3,0,0,1,0,0,low ss1
FG028,61,4,Low-Fast,1,15,0.55,-1,-23,0.48,0,1,1,0,0,low ss1
FG028,62,4,Low-Fast,3,80,0.7,1,-22,0.02,0,1,1,0,0,low ss1
FG028,63,4,Low-Fast,2,5,0.07,-1,-23,0.36,0,0,1,0,0,low ss1
FG028,64,4,Low-Fast,3,80,0.62,1,-22,0.13,0,1,1,0,0,low ss1
FG028,65,4,Low-Fast,1,15,0.45,-1,-23,0.03,0,0,1,0,0,low ss1
FG028,66,4,Low-Fast,2,5,0.01,1,-22,0.13,0,1,1,0,0,low ss1
FG028,67,4,Low-Fast,3,80,0.74,1,-21,0.1,0,0,1,0,0,low ss1
FG028,68,4,Low-Fast,2,5,0.61,-1,-22,0.31,0,0,1,0,0,low ss1
FG028,69,4,Low-Fast,3,80,0.23,1,-21,0.73,0,1,1,0,0,low ss1
FG028,70,4,Low-Fast,1,15,0.03,1,-20,0.08,0,0,1,0,0,low ss1
FG028,71,4,Low-Fast,3,15,0.56,-1,-21,0.22,0,0,1,0,0,low ss1
FG028,72,4,Low-Fast,1,5,0.18,-1,-22,0.33,0,1,1,0,0,low ss1
FG028,73,4,Low-Fast,3,15,0.08,1,-21,0.15,0,1,1,0,0,low ss1
FG028,74,4,Low-Fast,3,15,0.76,-1,-22,0.28,1,0,0,1,0,low ss1
FG028,75,4,Low-Fast,2,80,0.39,1,-21,0.33,0,1,1,0,0,low ss1
FG028,76,4,Low-Fast,3,15,0.3,-1,-22,0.18,0,0,1,0,0,low ss1
FG028,77,4,Low-Fast,2,80,0.54,1,-21,0.4,0,1,1,0,0,low ss1
FG028,78,4,Low-Fast,1,5,0.13,-1,-22,0.63,0,0,1,0,0,low ss1
FG028,79,4,Low-Fast,3,15,0.73,-1,-23,0.15,0,1,1,0,0,low ss1
FG028,80,4,Low-Fast,2,80,0.48,1,-22,0.02,0,1,1,0,0,low ss1
FG028,81,4,Low-Fast,2,5,0.32,-1,-23,0.13,1,0,0,1,0,low ss1
FG028,82,4,Low-Fast,3,15,0.91,-1,-24,0.06,0,1,1,0,0,low ss1
FG028,83,4,Low-Fast,1,80,0.03,1,-23,0.42,0,1,1,0,0,low ss1
FG028,84,4,Low-Fast,2,5,0.24,-1,-24,0.31,0,0,1,0,0,low ss1
FG028,85,4,Low-Fast,1,80,0.91,-1,-25,0.11,0,1,1,0,0,low ss1
FG028,86,4,Low-Fast,3,15,0.52,-1,-26,0.51,0,1,1,0,0,low ss1
FG028,87,4,Low-Fast,2,5,0.66,-1,-27,0.01,0,1,1,0,0,low ss1
FG028,88,4,Low-Fast,1,80,0.33,1,-26,0.35,0,1,1,0,0,low ss1
FG028,89,4,Low-Fast,2,5,0.79,-1,-27,0.21,0,0,1,0,0,low ss1
FG028,90,4,Low-Fast,1,80,0.27,1,-26,0.11,0,1,1,0,0,low ss1
FG028,91,4,Low-Fast,1,15,0.5,-1,-27,0.29,1,0,0,1,0,low ss1
FG028,92,4,Low-Fast,3,5,0.21,-1,-28,0.03,0,1,1,0,0,low ss1
FG028,93,4,Low-Fast,2,80,0.36,1,-27,0.57,0,1,1,0,0,low ss1
FG028,94,4,Low-Fast,1,15,0.61,-1,-28,0.19,0,0,1,0,0,low ss1
FG028,95,4,Low-Fast,2,80,0.83,-1,-29,0.18,0,1,1,0,0,low ss1
FG028,96,4,Low-Fast,3,5,0.04,1,-28,0.27,0,1,1,0,0,low ss1
FG028,97,4,Low-Fast,2,80,0.39,1,-27,0.53,0,0,1,0,0,low ss1
FG028,98,4,Low-Fast,1,15,0.11,1,-26,0.38,0,0,1,0,0,low ss1
FG028,99,4,Low-Fast,2,80,0.49,1,-25,0.61,0,0,1,0,0,low ss1
FG028,100,4,Low-Fast,1,15,0.98,-1,-26,0.19,0,0,1,0,0,low ss1
FG029,1,1,Low-Slow,2,15,0.36,-1,-1,3.11,0,0,0,0,0,low ss1
FG029,2,1,Low-Slow,1,80,0.57,1,0,0.58,0,1,1,0,0,low ss1
FG029,3,1,Low-Slow,1,80,0.46,1,1,0.16,1,0,0,1,0,low ss1
FG029,4,1,Low-Slow,1,80,0.77,1,2,0.19,1,0,0,1,0,low ss1
FG029,5,1,Low-Slow,1,80,0.04,1,3,0.3,1,0,0,1,0,low ss1
FG029,6,1,Low-Slow,1,80,0.39,1,4,0.22,1,0,0,1,0,low ss1
FG029,7,1,Low-Slow,1,80,1.0,-1,3,0.32,1,0,0,1,0,low ss1
FG029,8,1,Low-Slow,3,5,0.04,1,4,0.1,0,1,1,0,0,low ss1
FG029,9,1,Low-Slow,3,5,0.74,-1,3,0.1,1,0,0,1,0,low ss1
FG029,10,1,Low-Slow,2,15,0.37,-1,2,0.37,0,1,1,0,0,low ss1
FG029,11,1,Low-Slow,1,80,0.16,1,3,0.09,0,1,1,0,0,low ss1
FG029,12,1,Low-Slow,1,80,0.56,1,4,0.2,1,0,0,1,0,low ss1
FG029,13,1,Low-Slow,1,80,0.79,1,5,0.07,1,0,0,1,0,low ss1
FG029,14,1,Low-Slow,1,80,0.11,1,6,0.43,1,0,0,1,0,low ss1
FG029,15,1,Low-Slow,1,80,0.05,1,7,0.25,1,0,0,1,0,low ss1
FG029,16,1,Low-Slow,1,80,0.64,1,8,0.33,1,0,0,1,0,low ss1
FG029,17,1,Low-Slow,1,80,0.85,-1,7,0.17,1,0,0,1,0,low ss1
FG029,18,1,Low-Slow,2,15,0.88,-1,6,0.13,0,1,1,0,0,low ss1
FG029,19,1,Low-Slow,3,5,0.48,-1,5,0.06,0,1,1,0,0,low ss1
FG029,20,1,Low-Slow,1,80,0.99,-1,4,0.1,0,1,1,0,0,low ss1
FG029,21,1,Low-Slow,1,80,0.46,1,5,0.23,0,0,0,1,0,low ss1
FG029,22,1,Low-Slow,1,80,0.07,1,6,0.3,1,0,0,1,0,low ss1
FG029,23,1,Low-Slow,1,80,0.68,1,7,0.22,1,0,0,1,0,low ss1
FG029,24,1,Low-Slow,1,80,0.09,1,8,0.25,1,0,0,1,0,low ss1
FG029,25,1,Low-Slow,1,15,0.96,-1,7,0.5,1,0,0,1,0,low ss1
FG029,26,1,Low-Slow,3,80,0.51,1,8,0.1,0,1,1,0,0,low ss1
FG029,27,1,Low-Slow,3,80,0.53,1,9,0.13,1,0,0,1,0,low ss1
FG029,28,1,Low-Slow,3,80,0.69,1,10,0.21,1,0,0,1,0,low ss1
FG029,29,1,Low-Slow,3,80,0.85,-1,9,0.36,1,0,0,1,0,low ss1
FG029,30,1,Low-Slow,2,5,0.76,-1,8,0.11,0,1,1,0,0,low ss1
FG029,31,1,Low-Slow,1,15,0.35,-1,7,0.1,0,1,1,0,0,low ss1
FG029,32,1,Low-Slow,3,80,0.29,1,8,0.35,0,1,1,0,0,low ss1
FG029,33,1,Low-Slow,3,80,0.29,1,9,0.2,1,0,0,1,0,low ss1
FG029,34,1,Low-Slow,3,80,0.67,1,10,0.22,1,0,0,1,0,low ss1
FG029,35,1,Low-Slow,3,80,0.56,1,11,0.22,1,0,0,1,0,low ss1
FG029,36,1,Low-Slow,3,80,0.75,1,12,0.28,1,0,0,1,0,low ss1
FG029,37,1,Low-Slow,3,80,0.95,-1,11,0.24,1,0,0,1,0,low ss1
FG029,38,1,Low-Slow,2,5,0.75,-1,10,0.26,0,1,1,0,0,low ss1
FG029,39,1,Low-Slow,1,15,0.31,-1,9,0.17,0,1,1,0,0,low ss1
FG029,40,1,Low-Slow,3,80,0.98,-1,8,0.1,0,1,1,0,0,low ss1
FG029,41,1,Low-Slow,2,5,0.74,-1,7,0.2,0,1,1,0,0,low ss1
FG029,42,1,Low-Slow,1,15,0.86,-1,6,0.06,0,1,1,0,0,low ss1
FG029,43,1,Low-Slow,3,80,0.94,-1,5,0.02,0,1,1,0,0,low ss1
FG029,44,1,Low-Slow,3,80,0.08,1,6,0.54,0,0,0,1,0,low ss1
FG029,45,1,Low-Slow,3,80,0.2,1,7,0.16,1,0,0,1,0,low ss1
FG029,46,1,Low-Slow,3,80,0.87,-1,6,0.18,1,0,0,1,0,low ss1
FG029,47,1,Low-Slow,1,15,0.73,-1,5,0.1,0,1,1,0,0,low ss1
FG029,48,1,Low-Slow,2,5,0.74,-1,4,0.04,0,1,1,0,0,low ss1
FG029,49,1,Low-Slow,3,80,0.18,1,5,0.1,0,1,1,0,0,low ss1
FG029,50,1,Low-Slow,3,80,0.92,-1,4,0.14,1,0,0,1,0,low ss1
FG029,151,2,High-Fast,1,60,0.25,1,5,1.48,0,1,1,0,0,low ss1
FG029,152,2,High-Fast,1,60,0.47,1,6,0.31,1,0,0,1,0,low ss1
FG029,153,2,High-Fast,1,60,0.45,1,7,0.23,1,0,0,1,0,low ss1
FG029,154,2,High-Fast,1,60,0.76,-1,6,0.17,1,0,0,1,0,low ss1
FG029,155,2,High-Fast,1,60,0.14,1,7,0.4,0,0,0,1,0,low ss1
FG029,156,2,High-Fast,1,60,0.46,1,8,0.23,1,0,0,1,0,low ss1
FG029,157,2,High-Fast,1,60,0.62,-1,7,0.23,1,0,0,1,0,low ss1
FG029,158,2,High-Fast,3,15,0.23,-1,6,0.08,0,1,1,0,0,low ss1
FG029,159,2,High-Fast,2,25,0.18,1,7,0.1,0,1,1,0,0,low ss1
FG029,160,2,High-Fast,2,25,0.57,-1,6,0.05,1,0,0,1,0,low ss1
FG029,161,2,High-Fast,3,60,0.85,-1,5,0.08,0,1,1,0,0,low ss1
FG029,162,2,High-Fast,2,15,0.15,1,6,0.13,0,1,1,0,0,low ss1
FG029,163,2,High-Fast,2,15,0.3,-1,5,0.45,1,0,0,1,0,low ss1
FG029,164,2,High-Fast,3,60,0.93,-1,4,0.15,0,1,1,0,0,low ss1
FG029,165,2,High-Fast,1,25,0.49,-1,3,0.1,0,1,1,0,0,low ss1
FG029,166,2,High-Fast,1,25,0.0,1,4,0.13,0,0,0,1,0,low ss1
FG029,167,2,High-Fast,1,25,0.62,-1,3,0.2,1,0,0,1,0,low ss1
FG029,168,2,High-Fast,1,25,0.75,-1,2,0.22,0,0,0,1,0,low ss1
FG029,169,2,High-Fast,1,25,0.69,-1,1,0.13,0,0,0,1,0,low ss1
FG029,170,2,High-Fast,2,15,0.04,1,2,0.02,0,1,1,0,0,low ss1
FG029,171,2,High-Fast,2,60,0.26,1,3,0.1,1,0,0,1,0,low ss1
FG029,172,2,High-Fast,2,60,0.48,1,4,0.13,1,0,0,1,0,low ss1
FG029,173,2,High-Fast,2,60,0.16,1,5,0.22,1,0,0,1,0,low ss1
FG029,174,2,High-Fast,2,60,0.37,1,6,0.22,1,0,0,1,0,low ss1
FG029,175,2,High-Fast,2,60,0.8,-1,5,0.1,1,0,0,1,0,low ss1
FG029,176,2,High-Fast,2,60,0.45,1,6,0.1,0,0,0,1,0,low ss1
FG029,177,2,High-Fast,2,60,0.51,1,7,0.22,1,0,0,1,0,low ss1
FG029,178,2,High-Fast,2,60,0.45,1,8,0.28,1,0,0,1,0,low ss1
FG029,179,2,High-Fast,2,60,0.71,-1,7,0.23,1,0,0,1,0,low ss1
FG029,180,2,High-Fast,1,15,0.08,1,8,0.15,0,1,1,0,0,low ss1
FG029,181,2,High-Fast,1,60,0.62,-1,7,0.17,1,0,0,1,0,low ss1
FG029,182,2,High-Fast,2,15,0.11,1,8,0.2,0,1,1,0,0,low ss1
FG029,183,2,High-Fast,2,15,0.09,1,9,0.08,1,0,0,1,0,low ss1
FG029,184,2,High-Fast,2,15,0.79,-1,8,0.17,1,0,0,1,0,low ss1
FG029,185,2,High-Fast,3,25,0.46,-1,7,0.4,0,1,1,0,0,low ss1
FG029,186,2,High-Fast,2,15,0.49,-1,6,0.16,0,1,1,0,0,low ss1
FG029,187,2,High-Fast,1,60,0.29,1,7,0.07,0,1,1,0,0,low ss1
FG029,188,2,High-Fast,1,60,0.82,-1,6,0.02,1,0,0,1,0,low ss1
FG029,189,2,High-Fast,2,15,0.73,-1,5,0.17,0,1,1,0,0,low ss1
FG029,190,2,High-Fast,1,60,0.88,-1,4,0.01,0,1,1,0,0,low ss1
FG029,191,2,High-Fast,2,25,0.94,-1,3,0.27,0,1,1,0,0,low ss1
FG029,192,2,High-Fast,2,25,0.73,-1,2,0.03,0,0,0,1,0,low ss1
FG029,193,2,High-Fast,2,25,0.1,1,3,0.09,0,0,0,1,0,low ss1
FG029,194,2,High-Fast,2,25,0.72,-1,2,0.17,1,0,0,1,0,low ss1
FG029,195,2,High-Fast,2,25,0.01,1,3,0.01,0,0,0,1,0,low ss1
FG029,196,2,High-Fast,1,15,0.01,1,4,0.02,0,0,1,0,0,low ss1
FG029,197,2,High-Fast,2,25,0.93,-1,3,0.3,0,0,1,0,0,low ss1
FG029,198,2,High-Fast,1,15,0.61,-1,2,0.06,0,1,1,0,0,low ss1
FG029,199,2,High-Fast,3,60,0.06,1,3,0.04,0,1,1,0,0,low ss1
FG029,200,2,High-Fast,3,60,0.63,-1,2,0.18,1,0,0,1,0,low ss1
FG029,51,3,Low-Fast,1,80,0.53,1,3,0.6,0,1,1,0,0,low ss1
FG029,52,3,Low-Fast,1,80,0.13,1,4,0.01,1,0,0,1,0,low ss1
FG029,53,3,Low-Fast,1,80,0.63,1,5,0.15,1,0,0,1,0,low ss1
FG029,54,3,Low-Fast,1,80,0.19,1,6,0.26,1,0,0,1,0,low ss1
FG029,55,3,Low-Fast,1,80,0.07,1,7,0.32,1,0,0,1,0,low ss1
FG029,56,3,Low-Fast,1,80,0.01,1,8,0.26,1,0,0,1,0,low ss1
FG029,57,3,Low-Fast,1,80,0.52,1,9,0.27,1,0,0,1,0,low ss1
FG029,58,3,Low-Fast,1,80,0.23,1,10,0.23,1,0,0,1,0,low ss1
FG029,59,3,Low-Fast,1,80,0.22,1,11,0.33,1,0,0,1,0,low ss1
FG029,60,3,Low-Fast,1,80,0.09,1,12,0.35,1,0,0,1,0,low ss1
FG029,61,3,Low-Fast,1,15,0.22,-1,11,0.42,1,0,0,1,0,low ss1
FG029,62,3,Low-Fast,2,5,0.55,-1,10,0.3,0,1,1,0,0,low ss1
FG029,63,3,Low-Fast,3,80,0.04,1,11,0.1,0,1,1,0,0,low ss1
FG029,64,3,Low-Fast,3,80,0.46,1,12,0.08,1,0,0,1,0,low ss1
FG029,65,3,Low-Fast,3,80,0.53,1,13,0.2,1,0,0,1,0,low ss1
FG029,66,3,Low-Fast,3,80,0.52,1,14,0.17,1,0,0,1,0,low ss1
FG029,67,3,Low-Fast,3,80,0.5,1,15,0.2,1,0,0,1,0,low ss1
FG029,68,3,Low-Fast,3,80,0.92,-1,14,0.2,1,0,0,1,0,low ss1
FG029,69,3,Low-Fast,1,15,0.2,-1,13,0.07,0,1,1,0,0,low ss1
FG029,70,3,Low-Fast,2,5,0.76,-1,12,0.82,0,1,1,0,0,low ss1
FG029,71,3,Low-Fast,3,15,0.3,-1,11,0.57,0,1,1,0,0,low ss1
FG029,72,3,Low-Fast,1,5,0.15,-1,10,0.11,0,1,1,0,0,low ss1
FG029,73,3,Low-Fast,2,80,0.87,-1,9,0.08,0,1,1,0,0,low ss1
FG029,74,3,Low-Fast,3,15,0.58,-1,8,0.1,0,1,1,0,0,low ss1
FG029,75,3,Low-Fast,1,5,0.69,-1,7,0.03,0,1,1,0,0,low ss1
FG029,76,3,Low-Fast,2,80,0.69,1,8,0.05,0,1,1,0,0,low ss1
FG029,77,3,Low-Fast,2,80,0.28,1,9,0.37,1,0,0,1,0,low ss1
FG029,78,3,Low-Fast,2,80,0.61,1,10,0.09,1,0,0,1,0,low ss1
FG029,79,3,Low-Fast,2,80,0.93,-1,9,0.26,1,0,0,1,0,low ss1
FG029,80,3,Low-Fast,3,15,0.89,-1,8,0.13,0,1,1,0,0,low ss1
FG029,81,3,Low-Fast,1,80,0.16,1,9,0.27,0,1,1,0,0,low ss1
FG029,82,3,Low-Fast,1,80,0.98,-1,8,0.21,1,0,0,1,0,low ss1
FG029,83,3,Low-Fast,2,5,0.97,-1,7,0.28,0,1,1,0,0,low ss1
FG029,84,3,Low-Fast,3,15,0.7,-1,6,0.08,0,1,1,0,0,low ss1
FG029,85,3,Low-Fast,1,80,0.5,1,7,0.05,0,1,1,0,0,low ss1
FG029,86,3,Low-Fast,1,80,0.63,1,8,0.07,1,0,0,1,0,low ss1
FG029,87,3,Low-Fast,1,80,0.74,1,9,0.27,1,0,0,1,0,low ss1
FG029,88,3,Low-Fast,1,80,0.85,-1,8,0.31,1,0,0,1,0,low ss1
FG029,89,3,Low-Fast,1,80,0.39,1,9,0.33,0,0,0,1,0,low ss1
FG029,90,3,Low-Fast,1,80,0.7,1,10,0.18,1,0,0,1,0,low ss1
FG029,91,3,Low-Fast,1,15,0.41,-1,9,0.23,1,0,0,1,0,low ss1
FG029,92,3,Low-Fast,1,15,0.79,-1,8,0.1,0,0,0,1,0,low ss1
FG029,93,3,Low-Fast,1,15,0.51,-1,7,0.03,0,0,0,1,0,low ss1
FG029,94,3,Low-Fast,1,15,0.56,-1,6,0.1,0,0,0,1,0,low ss1
FG029,95,3,Low-Fast,2,80,0.13,1,7,0.09,0,1,1,0,0,low ss1
FG029,96,3,Low-Fast,2,80,0.29,1,8,0.13,1,0,0,1,0,low ss1
FG029,97,3,Low-Fast,2,80,0.49,1,9,0.08,1,0,0,1,0,low ss1
FG029,98,3,Low-Fast,2,80,0.88,-1,8,0.3,1,0,0,1,0,low ss1
FG029,99,3,Low-Fast,1,15,0.81,-1,7,0.02,0,1,1,0,0,low ss1
FG029,100,3,Low-Fast,1,15,0.49,-1,6,0.02,0,0,0,1,0,low ss1
FG029,101,4,High-Slow,1,60,0.88,-1,5,0.72,0,0,0,1,0,low ss1
FG029,102,4,High-Slow,2,25,0.24,1,6,0.01,0,1,1,0,0,low ss1
FG029,103,4,High-Slow,2,25,0.73,-1,5,0.24,1,0,0,1,0,low ss1
FG029,104,4,High-Slow,1,60,0.68,-1,4,0.01,0,1,1,0,0,low ss1
FG029,105,4,High-Slow,3,15,0.75,-1,3,0.3,0,1,1,0,0,low ss1
FG029,106,4,High-Slow,1,60,0.36,1,4,0.01,0,1,1,0,0,low ss1
FG029,107,4,High-Slow,1,60,0.25,1,5,0.18,1,0,0,1,0,low ss1
FG029,108,4,High-Slow,1,60,0.35,1,6,0.1,1,0,0,1,0,low ss1
FG029,109,4,High-Slow,1,60,0.38,1,7,0.23,1,0,0,1,0,low ss1
FG029,110,4,High-Slow,1,60,0.41,1,8,0.22,1,0,0,1,0,low ss1
FG029,111,4,High-Slow,1,60,0.59,1,9,0.2,1,0,0,1,0,low ss1
FG029,112,4,High-Slow,1,60,0.9,-1,8,0.02,1,0,0,1,0,low ss1
FG029,113,4,High-Slow,2,25,0.83,-1,7,0.06,0,1,1,0,0,low ss1
FG029,114,4,High-Slow,3,15,0.71,-1,6,0.02,0,1,1,0,0,low ss1
FG029,115,4,High-Slow,3,15,0.98,-1,5,0.03,0,0,0,1,0,low ss1
FG029,116,4,High-Slow,2,25,0.18,1,6,0.05,0,1,1,0,0,low ss1
FG029,117,4,High-Slow,2,25,0.65,-1,5,0.07,1,0,0,1,0,low ss1
FG029,118,4,High-Slow,1,60,0.19,1,6,0.06,0,1,1,0,0,low ss1
FG029,119,4,High-Slow,1,60,0.18,1,7,0.1,1,0,0,1,0,low ss1
FG029,120,4,High-Slow,1,60,0.83,-1,6,0.15,1,0,0,1,0,low ss1
FG029,121,4,High-Slow,2,25,0.18,1,7,0.11,0,1,1,0,0,low ss1
FG029,122,4,High-Slow,2,25,0.4,-1,6,0.24,1,0,0,1,0,low ss1
FG029,123,4,High-Slow,3,15,0.1,1,7,0.02,0,1,1,0,0,low ss1
FG029,124,4,High-Slow,3,15,0.6,-1,6,0.1,1,0,0,1,0,low ss1
FG029,125,4,High-Slow,2,25,0.87,-1,5,0.1,0,1,1,0,0,low ss1
FG029,126,4,High-Slow,1,15,0.96,-1,4,0.35,0,1,1,0,0,low ss1
FG029,127,4,High-Slow,1,15,0.4,-1,3,0.27,0,0,0,1,0,low ss1
FG029,128,4,High-Slow,2,60,0.02,1,4,0.54,0,1,1,0,0,low ss1
FG029,129,4,High-Slow,2,60,0.73,-1,3,5.26,1,0,0,1,0,low ss1
FG029,130,4,High-Slow,1,15,0.29,-1,2,0.04,0,1,1,0,0,low ss1
FG029,131,4,High-Slow,3,25,0.9,-1,1,0.15,0,1,1,0,0,low ss1
FG029,132,4,High-Slow,1,15,0.01,1,2,0.03,0,1,1,0,0,low ss1
FG029,133,4,High-Slow,1,15,0.84,-1,1,0.2,1,0,0,1,0,low ss1
FG029,134,4,High-Slow,2,60,0.53,1,2,0.02,0,1,1,0,0,low ss1
FG029,135,4,High-Slow,2,60,0.19,1,3,0.19,1,0,0,1,0,low ss1
FG029,136,4,High-Slow,2,60,0.31,1,4,0.16,1,0,0,1,0,low ss1
FG029,137,4,High-Slow,2,60,0.8,-1,3,0.19,1,0,0,1,0,low ss1
FG029,138,4,High-Slow,1,15,0.57,-1,2,0.05,0,1,1,0,0,low ss1
FG029,139,4,High-Slow,3,25,0.51,-1,1,0.09,0,1,1,0,0,low ss1
FG029,140,4,High-Slow,3,25,0.51,-1,0,0.1,0,0,0,1,0,low ss1
FG029,141,4,High-Slow,1,15,0.73,-1,-1,0.12,0,1,1,0,0,low ss1
FG029,142,4,High-Slow,2,60,0.51,1,0,0.01,0,1,1,0,0,low ss1
FG029,143,4,High-Slow,2,60,0.65,-1,-1,0.15,1,0,0,1,0,low ss1
FG029,144,4,High-Slow,1,15,0.67,-1,-2,0.05,0,1,1,0,0,low ss1
FG029,145,4,High-Slow,1,15,0.82,-1,-3,0.07,0,0,0,1,0,low ss1
FG029,146,4,High-Slow,1,15,0.94,-1,-4,0.03,0,0,0,1,0,low ss1
FG029,147,4,High-Slow,3,25,0.76,-1,-5,0.01,0,1,1,0,0,low ss1
FG029,148,4,High-Slow,2,60,0.79,-1,-6,0.09,0,1,1,0,0,low ss1
FG029,149,4,High-Slow,1,15,0.42,-1,-7,0.23,0,1,1,0,0,low ss1
FG029,150,4,High-Slow,2,60,0.49,1,-6,0.08,0,1,1,0,0,low ss1
FG015,1,1,Low-Slow,2,15,0.11,1,1,1.39,0,0,0,0,3,low ss1
FG015,2,1,Low-Slow,2,15,0.73,-1,0,0.49,1,0,0,1,3,low ss1
FG015,3,1,Low-Slow,3,5,0.71,-1,-1,0.4,0,1,1,0,3,low ss1
FG015,4,1,Low-Slow,1,80,0.66,1,0,0.11,0,1,1,0,3,low ss1
FG015,5,1,Low-Slow,1,80,0.42,1,1,0.26,1,0,0,1,3,low ss1
FG015,6,1,Low-Slow,1,80,0.54,1,2,0.29,1,0,0,1,3,low ss1
FG015,7,1,Low-Slow,1,80,0.37,1,3,0.28,1,0,0,1,3,low ss1
FG015,8,1,Low-Slow,1,80,0.12,1,4,0.22,1,0,0,1,3,low ss1
FG015,9,1,Low-Slow,1,80,0.31,1,5,0.3,1,0,0,1,3,low ss1
FG015,10,1,Low-Slow,1,80,0.37,1,6,0.07,1,0,0,1,3,low ss1
FG015,11,1,Low-Slow,1,80,0.1,1,7,0.17,1,0,0,1,3,low ss1
FG015,12,1,Low-Slow,1,80,0.8,-1,6,0.37,1,0,0,1,3,low ss1
FG015,13,1,Low-Slow,3,5,0.9,-1,5,0.43,0,1,1,0,3,low ss1
FG015,14,1,Low-Slow,2,15,0.92,-1,4,0.16,0,1,1,0,3,low ss1
FG015,15,1,Low-Slow,1,80,0.71,1,5,0.89,0,1,1,0,3,low ss1
FG015,16,1,Low-Slow,1,80,0.27,1,6,0.02,1,0,0,1,3,low ss1
FG015,17,1,Low-Slow,1,80,0.84,-1,5,0.79,1,0,0,1,3,low ss1
FG015,18,1,Low-Slow,3,5,0.9,-1,4,0.32,0,1,1,0,3,low ss1
FG015,19,1,Low-Slow,2,15,0.81,-1,3,0.12,0,1,1,0,3,low ss1
FG015,20,1,Low-Slow,1,80,0.61,1,4,1.17,0,1,1,0,3,low ss1
FG015,21,1,Low-Slow,1,80,0.62,1,5,0.12,1,0,0,1,3,low ss1
FG015,22,1,Low-Slow,1,80,0.21,1,6,0.75,1,0,0,1,3,low ss1
FG015,23,1,Low-Slow,1,80,0.44,1,7,2.21,1,0,0,1,3,low ss1
FG015,24,1,Low-Slow,1,80,0.65,1,8,0.76,1,0,0,1,3,low ss1
FG015,25,1,Low-Slow,1,15,0.14,1,9,0.01,1,0,0,1,3,low ss1
FG015,26,1,Low-Slow,1,15,0.38,-1,8,0.19,1,0,0,1,3,low ss1
FG015,27,1,Low-Slow,3,80,0.49,1,9,0.09,0,1,1,0,3,low ss1
FG015,28,1,Low-Slow,3,80,0.45,1,10,0.7,1,0,0,1,3,low ss1
FG015,29,1,Low-Slow,3,80,0.61,1,11,0.22,1,0,0,1,3,low ss1
FG015,30,1,Low-Slow,3,80,0.34,1,12,0.11,1,0,0,1,3,low ss1
FG015,31,1,Low-Slow,3,80,0.37,1,13,0.31,1,0,0,1,3,low ss1
FG015,32,1,Low-Slow,3,80,0.55,1,14,0.01,1,0,0,1,3,low ss1
FG015,33,1,Low-Slow,3,80,0.41,1,15,0.02,1,0,0,1,3,low ss1
FG015,34,1,Low-Slow,3,80,0.6,1,16,0.34,1,0,0,1,3,low ss1
FG015,35,1,Low-Slow,3,80,0.08,1,17,0.19,1,0,0,1,3,low ss1
FG015,36,1,Low-Slow,3,80,0.86,-1,16,0.25,1,0,0,1,3,low ss1
FG015,37,1,Low-Slow,2,5,0.8,-1,15,0.19,0,1,1,0,3,low ss1
FG015,38,1,Low-Slow,3,80,0.05,1,16,0.21,0,1,1,0,3,low ss1
FG015,39,1,Low-Slow,3,80,0.4,1,17,0.01,1,0,0,1,3,low ss1
FG015,40,1,Low-Slow,3,80,0.04,1,18,0.77,1,0,0,1,3,low ss1
FG015,41,1,Low-Slow,3,80,0.14,1,19,0.23,1,0,0,1,3,low ss1
FG015,42,1,Low-Slow,3,80,0.63,1,20,0.26,1,0,0,1,3,low ss1
FG015,43,1,Low-Slow,3,80,0.91,-1,19,0.25,1,0,0,1,3,low ss1
FG015,44,1,Low-Slow,2,5,0.92,-1,18,0.39,0,1,1,0,3,low ss1
FG015,45,1,Low-Slow,1,15,0.37,-1,17,0.52,0,1,1,0,3,low ss1
FG015,46,1,Low-Slow,3,80,0.11,1,18,0.57,0,1,1,0,3,low ss1
FG015,47,1,Low-Slow,3,80,0.08,1,19,0.01,1,0,0,1,3,low ss1
FG015,48,1,Low-Slow,3,80,0.19,1,20,0.13,1,0,0,1,3,low ss1
FG015,49,1,Low-Slow,3,80,0.97,-1,19,0.13,1,0,0,1,3,low ss1
FG015,50,1,Low-Slow,2,5,0.08,-1,18,0.36,0,1,1,0,3,low ss1
FG015,151,2,High-Fast,2,25,0.87,-1,17,1.72,0,0,0,1,3,low ss1
FG015,152,2,High-Fast,1,60,0.16,1,18,0.26,0,1,1,0,3,low ss1
FG015,153,2,High-Fast,1,60,0.22,1,19,0.55,1,0,0,1,3,low ss1
FG015,154,2,High-Fast,1,60,0.61,-1,18,0.14,1,0,0,1,3,low ss1
FG015,155,2,High-Fast,3,15,0.18,-1,17,0.22,0,1,1,0,3,low ss1
FG015,156,2,High-Fast,1,60,0.69,-1,16,0.24,0,1,1,0,3,low ss1
FG015,157,2,High-Fast,2,25,0.6,-1,15,0.07,0,1,1,0,3,low ss1
FG015,158,2,High-Fast,1,60,0.76,-1,14,0.75,0,1,1,0,3,low ss1
FG015,159,2,High-Fast,3,15,0.75,-1,13,0.5,0,1,1,0,3,low ss1
FG015,160,2,High-Fast,2,25,0.91,-1,12,0.22,0,1,1,0,3,low ss1
FG015,161,2,High-Fast,1,25,0.91,-1,11,0.51,0,1,1,0,3,low ss1
FG015,162,2,High-Fast,3,60,0.47,1,12,0.5,0,1,1,0,3,low ss1
FG015,163,2,High-Fast,3,60,0.62,-1,11,0.16,1,0,0,1,3,low ss1
FG015,164,2,High-Fast,2,15,0.48,-1,10,0.18,0,1,1,0,3,low ss1
FG015,165,2,High-Fast,3,60,0.55,1,11,0.04,0,1,1,0,3,low ss1
FG015,166,2,High-Fast,3,60,0.24,1,12,0.19,1,0,0,1,3,low ss1
FG015,167,2,High-Fast,3,60,0.4,1,13,0.15,1,0,0,1,3,low ss1
FG015,168,2,High-Fast,3,60,0.42,1,14,0.18,1,0,0,1,3,low ss1
FG015,169,2,High-Fast,3,60,0.04,1,15,0.07,1,0,0,1,3,low ss1
FG015,170,2,High-Fast,3,60,0.99,-1,14,0.18,1,0,0,1,3,low ss1
FG015,171,2,High-Fast,2,60,0.84,-1,13,0.64,0,1,1,0,3,low ss1
FG015,172,2,High-Fast,3,25,0.35,-1,12,0.47,0,1,1,0,3,low ss1
FG015,173,2,High-Fast,1,15,0.42,-1,11,0.16,0,1,1,0,3,low ss1
FG015,174,2,High-Fast,2,60,0.66,-1,10,0.09,0,1,1,0,3,low ss1
FG015,175,2,High-Fast,3,25,0.2,1,11,0.31,0,1,1,0,3,low ss1
FG015,176,2,High-Fast,3,25,0.41,-1,10,0.29,1,0,0,1,3,low ss1
FG015,177,2,High-Fast,1,15,0.2,-1,9,0.02,0,1,1,0,3,low ss1
FG015,178,2,High-Fast,2,60,0.84,-1,8,0.09,0,1,1,0,3,low ss1
FG015,179,2,High-Fast,3,25,0.16,1,9,0.21,0,1,1,0,3,low ss1
FG015,180,2,High-Fast,3,25,0.36,-1,8,0.71,1,0,0,1,3,low ss1
FG015,181,2,High-Fast,3,25,0.89,-1,7,0.65,0,0,0,1,3,low ss1
FG015,182,2,High-Fast,1,60,0.73,-1,6,0.01,0,1,1,0,3,low ss1
FG015,183,2,High-Fast,2,15,0.57,-1,5,0.02,0,1,1,0,3,low ss1
FG015,184,2,High-Fast,3,25,0.55,-1,4,0.13,0,1,1,0,3,low ss1
FG015,185,2,High-Fast,2,15,0.32,-1,3,0.47,0,1,1,0,3,low ss1
FG015,186,2,High-Fast,1,60,0.67,-1,2,0.01,0,1,1,0,3,low ss1
FG015,187,2,High-Fast,3,25,0.21,1,3,0.14,0,1,1,0,3,low ss1
FG015,188,2,High-Fast,3,25,0.16,1,4,0.7,1,0,0,1,3,low ss1
FG015,189,2,High-Fast,3,25,0.0,1,5,0.11,1,0,0,1,3,low ss1
FG015,190,2,High-Fast,3,25,0.83,-1,4,0.18,1,0,0,1,3,low ss1
FG015,191,2,High-Fast,2,25,0.22,1,5,0.29,0,1,1,0,3,low ss1
FG015,192,2,High-Fast,2,25,0.64,-1,4,0.7,1,0,0,1,3,low ss1
FG015,193,2,High-Fast,1,15,0.24,-1,3,0.22,0,1,1,0,3,low ss1
FG015,194,2,High-Fast,3,60,0.62,-1,2,0.13,0,1,1,0,3,low ss1
FG015,195,2,High-Fast,1,15,0.51,-1,1,0.25,0,1,1,0,3,low ss1
FG015,196,2,High-Fast,2,25,0.54,-1,0,0.11,0,1,1,0,3,low ss1
FG015,197,2,High-Fast,3,60,0.43,1,1,0.02,0,1,1,0,3,low ss1
FG015,198,2,High-Fast,3,60,0.94,-1,0,0.58,1,0,0,1,3,low ss1
FG015,199,2,High-Fast,2,25,0.35,-1,-1,0.49,0,1,1,0,3,low ss1
FG015,200,2,High-Fast,3,60,0.83,-1,-2,0.32,0,1,1,0,3,low ss1
FG015,51,3,Low-Fast,2,15,0.87,-1,-3,1.59,0,1,1,0,3,low ss1
FG015,52,3,Low-Fast,3,5,0.37,-1,-4,0.03,0,1,1,0,3,low ss1
FG015,53,3,Low-Fast,1,80,0.99,-1,-5,0.31,0,1,1,0,3,low ss1
FG015,54,3,Low-Fast,1,80,0.23,1,-4,0.13,0,0,0,1,3,low ss1
FG015,55,3,Low-Fast,1,80,0.75,1,-3,0.02,1,0,0,1,3,low ss1
FG015,56,3,Low-Fast,1,80,0.6,1,-2,0.21,1,0,0,1,3,low ss1
FG015,57,3,Low-Fast,1,80,0.75,1,-1,0.06,1,0,0,1,3,low ss1
FG015,58,3,Low-Fast,1,80,0.82,-1,-2,0.25,1,0,0,1,3,low ss1
FG015,59,3,Low-Fast,3,5,0.39,-1,-3,0.04,0,1,1,0,3,low ss1
FG015,60,3,Low-Fast,2,15,0.8,-1,-4,0.09,0,1,1,0,3,low ss1
FG015,61,3,Low-Fast,1,15,0.67,-1,-5,0.06,0,1,1,0,3,low ss1
FG015,62,3,Low-Fast,3,80,0.99,-1,-6,0.35,0,1,1,0,3,low ss1
FG015,63,3,Low-Fast,2,5,0.04,1,-5,0.4,0,1,1,0,3,low ss1
FG015,64,3,Low-Fast,2,5,0.48,-1,-6,0.01,1,0,0,1,3,low ss1
FG015,65,3,Low-Fast,1,15,0.46,-1,-7,0.29,0,1,1,0,3,low ss1
FG015,66,3,Low-Fast,2,5,0.23,-1,-8,0.12,0,1,1,0,3,low ss1
FG015,67,3,Low-Fast,3,80,0.93,-1,-9,0.01,0,1,1,0,3,low ss1
FG015,68,3,Low-Fast,1,15,0.66,-1,-10,0.2,0,1,1,0,3,low ss1
FG015,69,3,Low-Fast,2,5,0.96,-1,-11,0.17,0,1,1,0,3,low ss1
FG015,70,3,Low-Fast,3,80,0.75,1,-10,0.05,0,1,1,0,3,low ss1
FG015,71,3,Low-Fast,3,15,0.9,-1,-11,0.1,1,0,0,1,3,low ss1
FG015,72,3,Low-Fast,2,80,0.74,1,-10,0.02,0,1,1,0,3,low ss1
FG015,73,3,Low-Fast,2,80,0.64,1,-9,0.25,1,0,0,1,3,low ss1
FG015,74,3,Low-Fast,2,80,0.06,1,-8,0.33,1,0,0,1,3,low ss1
FG015,75,3,Low-Fast,2,80,0.91,-1,-9,0.3,1,0,0,1,3,low ss1
FG015,76,3,Low-Fast,3,15,0.84,-1,-10,0.33,0,1,1,0,3,low ss1
FG015,77,3,Low-Fast,1,5,0.98,-1,-11,0.01,0,1,1,0,3,low ss1
FG015,78,3,Low-Fast,2,80,0.42,1,-10,0.01,0,1,1,0,3,low ss1
FG015,79,3,Low-Fast,2,80,0.84,-1,-11,0.51,1,0,0,1,3,low ss1
FG015,80,3,Low-Fast,3,15,0.2,-1,-12,0.18,0,1,1,0,3,low ss1
FG015,81,3,Low-Fast,2,5,0.69,-1,-13,0.25,0,1,1,0,3,low ss1
FG015,82,3,Low-Fast,1,80,0.97,-1,-14,0.04,0,1,1,0,3,low ss1
FG015,83,3,Low-Fast,3,15,0.8,-1,-15,0.21,0,1,1,0,3,low ss1
FG015,84,3,Low-Fast,2,5,0.91,-1,-16,0.01,0,1,1,0,3,low ss1
FG015,85,3,Low-Fast,1,80,0.86,-1,-17,0.08,0,1,1,0,3,low ss1
FG015,86,3,Low-Fast,3,15,0.74,-1,-18,0.02,0,1,1,0,3,low ss1
FG015,87,3,Low-Fast,2,5,0.35,-1,-19,0.49,0,1,1,0,3,low ss1
FG015,88,3,Low-Fast,3,15,0.67,-1,-20,0.46,0,1,1,0,3,low ss1
FG015,89,3,Low-Fast,1,80,0.4,1,-19,0.02,0,1,1,0,3,low ss1
FG015,90,3,Low-Fast,1,80,0.87,-1,-20,0.62,1,0,0,1,3,low ss1
FG015,91,3,Low-Fast,2,80,0.45,1,-19,0.23,0,1,1,0,3,low ss1
FG015,92,3,Low-Fast,2,80,0.26,1,-18,0.01,1,0,0,1,3,low ss1
FG015,93,3,Low-Fast,2,80,0.85,-1,-19,0.01,1,0,0,1,3,low ss1
FG015,94,3,Low-Fast,3,5,0.77,-1,-20,0.2,0,1,1,0,3,low ss1
FG015,95,3,Low-Fast,2,80,0.3,1,-19,0.02,0,1,1,0,3,low ss1
FG015,96,3,Low-Fast,2,80,0.1,1,-18,0.01,1,0,0,1,3,low ss1
FG015,97,3,Low-Fast,2,80,0.5,1,-17,0.07,1,0,0,1,3,low ss1
FG015,98,3,Low-Fast,2,80,0.33,1,-16,0.01,1,0,0,1,3,low ss1
FG015,99,3,Low-Fast,2,80,0.21,1,-15,0.01,1,0,0,1,3,low ss1
FG015,100,3,Low-Fast,2,80,0.35,1,-14,0.42,1,0,0,1,3,low ss1
FG015,101,4,High-Slow,2,25,0.98,-1,-15,1.24,1,0,0,1,3,low ss1
FG015,102,4,High-Slow,3,15,0.19,-1,-16,0.01,0,1,1,0,3,low ss1
FG015,103,4,High-Slow,1,60,0.53,1,-15,0.23,0,1,1,0,3,low ss1
FG015,104,4,High-Slow,1,60,0.41,1,-14,0.15,1,0,0,1,3,low ss1
FG015,105,4,High-Slow,1,60,0.84,-1,-15,0.21,1,0,0,1,3,low ss1
FG015,106,4,High-Slow,2,25,0.98,-1,-16,0.01,0,1,1,0,3,low ss1
FG015,107,4,High-Slow,3,15,0.35,-1,-17,0.01,0,1,1,0,3,low ss1
FG015,108,4,High-Slow,1,60,0.99,-1,-18,1.06,0,1,1,0,3,low ss1
FG015,109,4,High-Slow,3,15,0.75,-1,-19,0.06,0,1,1,0,3,low ss1
FG015,110,4,High-Slow,2,25,0.54,-1,-20,0.01,0,1,1,0,3,low ss1
FG015,111,4,High-Slow,1,60,0.48,1,-19,0.03,0,1,1,0,3,low ss1
FG015,112,4,High-Slow,1,60,0.89,-1,-20,0.24,1,0,0,1,3,low ss1
FG015,113,4,High-Slow,3,15,0.06,1,-19,0.03,0,1,1,0,3,low ss1
FG015,114,4,High-Slow,3,15,0.97,-1,-20,0.5,1,0,0,1,3,low ss1
FG015,115,4,High-Slow,2,25,0.9,-1,-21,0.1,0,1,1,0,3,low ss1
FG015,116,4,High-Slow,1,60,0.85,-1,-22,0.01,0,1,1,0,3,low ss1
FG015,117,4,High-Slow,3,15,0.72,-1,-23,0.24,0,1,1,0,3,low ss1
FG015,118,4,High-Slow,2,25,0.14,1,-22,0.2,0,1,1,0,3,low ss1
FG015,119,4,High-Slow,2,25,0.54,-1,-23,0.02,1,0,0,1,3,low ss1
FG015,120,4,High-Slow,3,15,0.98,-1,-24,0.25,0,1,1,0,3,low ss1
FG015,121,4,High-Slow,1,60,0.59,1,-23,0.01,0,1,1,0,3,low ss1
FG015,122,4,High-Slow,1,60,0.14,1,-22,0.96,1,0,0,1,3,low ss1
FG015,123,4,High-Slow,1,60,0.43,1,-21,0.4,1,0,0,1,3,low ss1
FG015,124,4,High-Slow,1,60,0.0,1,-20,0.39,1,0,0,1,3,low ss1
FG015,125,4,High-Slow,1,60,0.99,-1,-21,0.68,1,0,0,1,3,low ss1
FG015,126,4,High-Slow,2,60,0.33,1,-20,0.07,0,1,1,0,3,low ss1
FG015,127,4,High-Slow,2,60,0.9,-1,-21,0.83,1,0,0,1,3,low ss1
FG015,128,4,High-Slow,3,25,0.7,-1,-22,0.29,0,1,1,0,3,low ss1
FG015,129,4,High-Slow,1,15,0.3,-1,-23,0.03,0,1,1,0,3,low ss1
FG015,130,4,High-Slow,2,60,0.52,1,-22,0.03,0,1,1,0,3,low ss1
FG015,131,4,High-Slow,2,60,0.0,1,-21,0.27,1,0,0,1,3,low ss1
FG015,132,4,High-Slow,2,60,0.3,1,-20,0.47,1,0,0,1,3,low ss1
FG015,133,4,High-Slow,2,60,0.41,1,-19,0.2,1,0,0,1,3,low ss1
FG015,134,4,High-Slow,2,60,0.81,-1,-20,0.19,1,0,0,1,3,low ss1
FG015,135,4,High-Slow,3,25,0.03,1,-19,0.13,0,1,1,0,3,low ss1
FG015,136,4,High-Slow,3,25,0.89,-1,-20,0.01,1,0,0,1,3,low ss1
FG015,137,4,High-Slow,1,15,0.74,-1,-21,0.13,0,1,1,0,3,low ss1
FG015,138,4,High-Slow,2,60,0.39,1,-20,0.46,0,1,1,0,3,low ss1
FG015,139,4,High-Slow,2,60,0.65,-1,-21,0.01,1,0,0,1,3,low ss1
FG015,140,4,High-Slow,3,25,0.69,-1,-22,0.24,0,1,1,0,3,low ss1
FG015,141,4,High-Slow,1,15,0.71,-1,-23,0.17,0,1,1,0,3,low ss1
FG015,142,4,High-Slow,3,25,0.92,-1,-24,0.01,0,1,1,0,3,low ss1
FG015,143,4,High-Slow,2,60,0.26,1,-23,0.4,0,1,1,0,3,low ss1
FG015,144,4,High-Slow,2,60,0.58,1,-22,0.01,1,0,0,1,3,low ss1
FG015,145,4,High-Slow,2,60,0.91,-1,-23,0.01,0,0,0,1,3,low ss1
FG015,146,4,High-Slow,2,60,0.75,-1,-24,0.09,0,0,0,1,3,low ss1
FG015,147,4,High-Slow,3,25,0.15,1,-23,0.29,0,1,1,0,3,low ss1
FG015,148,4,High-Slow,3,25,0.13,1,-22,0.31,1,0,0,1,3,low ss1
FG015,149,4,High-Slow,3,25,0.53,-1,-23,0.09,1,0,0,1,3,low ss1
FG015,150,4,High-Slow,1,15,0.23,-1,-24,0.05,0,1,1,0,3,low ss1
FG054,101,1,High-Slow,1,60,0.65,-1,-1,1.52,0,0,0,0,3,low ss1
FG054,102,1,High-Slow,1,60,0.05,1,0,0.23,0,0,0,1,3,low ss1
FG054,103,1,High-Slow,1,60,0.56,1,1,0.14,1,0,0,1,3,low ss1
FG054,104,1,High-Slow,1,60,0.66,-1,0,0.08,1,0,0,1,3,low ss1
FG054,105,1,High-Slow,1,60,0.28,1,1,0.13,0,0,0,1,3,low ss1
FG054,106,1,High-Slow,1,60,0.57,1,2,0.09,1,0,0,1,3,low ss1
FG054,107,1,High-Slow,1,60,0.65,-1,1,0.01,1,0,0,1,3,low ss1
FG054,108,1,High-Slow,1,60,0.85,-1,0,0.01,0,0,0,1,3,low ss1
FG054,109,1,High-Slow,1,60,0.68,-1,-1,0.12,0,0,0,1,3,low ss1
FG054,110,1,High-Slow,3,15,0.4,-1,-2,0.07,0,1,1,0,3,low ss1
FG054,111,1,High-Slow,3,15,0.34,-1,-3,0.05,0,0,0,1,3,low ss1
FG054,112,1,High-Slow,2,25,0.3,-1,-4,0.01,0,1,1,0,3,low ss1
FG054,113,1,High-Slow,2,25,0.21,1,-3,0.08,0,0,0,1,3,low ss1
FG054,114,1,High-Slow,2,25,0.64,-1,-4,0.01,1,0,0,1,3,low ss1
FG054,115,1,High-Slow,2,25,0.1,1,-3,0.03,0,0,0,1,3,low ss1
FG054,116,1,High-Slow,2,25,0.14,1,-2,0.01,1,0,0,1,3,low ss1
FG054,117,1,High-Slow,2,25,0.17,1,-1,0.01,1,0,0,1,3,low ss1
FG054,118,1,High-Slow,2,25,0.13,1,0,0.05,1,0,0,1,3,low ss1
FG054,119,1,High-Slow,2,25,0.83,-1,-1,0.01,1,0,0,1,3,low ss1
FG054,120,1,High-Slow,2,25,0.07,1,0,0.12,0,0,0,1,3,low ss1
FG054,121,1,High-Slow,2,25,0.07,1,1,0.05,1,0,0,1,3,low ss1
FG054,122,1,High-Slow,2,25,0.88,-1,0,0.01,1,0,0,1,3,low ss1
FG054,123,1,High-Slow,2,25,0.69,-1,-1,0.06,0,0,0,1,3,low ss1
FG054,124,1,High-Slow,2,25,0.11,1,0,0.01,0,0,0,1,3,low ss1
FG054,125,1,High-Slow,2,25,0.81,-1,-1,0.2,1,0,0,1,3,low ss1
FG054,126,1,High-Slow,2,60,0.45,1,0,0.01,0,0,0,1,3,low ss1
FG054,127,1,High-Slow,2,60,0.35,1,1,0.09,1,0,0,1,3,low ss1
FG054,128,1,High-Slow,2,60,0.23,1,2,0.01,1,0,0,1,3,low ss1
FG054,129,1,High-Slow,2,60,0.8,-1,1,0.02,1,0,0,1,3,low ss1
FG054,130,1,High-Slow,2,60,0.03,1,2,0.01,0,0,0,1,3,low ss1
FG054,131,1,High-Slow,2,60,0.51,1,3,0.01,1,0,0,1,3,low ss1
FG054,132,1,High-Slow,2,60,0.09,1,4,0.01,1,0,0,1,3,low ss1
FG054,133,1,High-Slow,2,60,0.23,1,5,0.01,1,0,0,1,3,low ss1
FG054,134,1,High-Slow,2,60,0.66,-1,4,0.03,1,0,0,1,3,low ss1
FG054,135,1,High-Slow,2,60,0.49,1,5,0.01,0,0,0,1,3,low ss1
FG054,136,1,High-Slow,2,60,0.68,-1,4,0.07,1,0,0,1,3,low ss1
FG054,137,1,High-Slow,2,60,0.72,-1,3,0.01,0,0,0,1,3,low ss1
FG054,138,1,High-Slow,2,60,0.48,1,4,0.01,0,0,0,1,3,low ss1
FG054,139,1,High-Slow,2,60,0.02,1,5,0.01,1,0,0,1,3,low ss1
FG054,140,1,High-Slow,2,60,0.83,-1,4,0.01,1,0,0,1,3,low ss1
FG054,141,1,High-Slow,2,60,0.72,-1,3,0.01,0,0,0,1,3,low ss1
FG054,142,1,High-Slow,2,60,0.58,1,4,0.01,0,0,0,1,3,low ss1
FG054,143,1,High-Slow,2,60,0.47,1,5,0.15,1,0,0,1,3,low ss1
FG054,144,1,High-Slow,2,60,0.02,1,6,0.01,1,0,0,1,3,low ss1
FG054,145,1,High-Slow,2,60,0.25,1,7,0.01,1,0,0,1,3,low ss1
FG054,146,1,High-Slow,2,60,0.76,-1,6,0.01,1,0,0,1,3,low ss1
FG054,147,1,High-Slow,2,60,0.49,1,7,0.08,0,0,0,1,3,low ss1
FG054,148,1,High-Slow,2,60,0.77,-1,6,0.06,1,0,0,1,3,low ss1
FG054,149,1,High-Slow,2,60,0.68,-1,5,0.01,0,0,0,1,3,low ss1
FG054,150,1,High-Slow,2,60,0.1,1,6,0.08,0,0,0,1,3,low ss1
FG054,51,2,Low-Fast,1,80,0.47,1,7,1.2,0,0,1,0,3,low ss1
FG054,52,2,Low-Fast,1,80,0.56,1,8,0.02,1,0,0,1,3,low ss1
FG054,53,2,Low-Fast,1,80,0.41,1,9,0.01,1,0,0,1,3,low ss1
FG054,54,2,Low-Fast,1,80,0.11,1,10,0.01,1,0,0,1,3,low ss1
FG054,55,2,Low-Fast,1,80,0.77,1,11,0.02,1,0,0,1,3,low ss1
FG054,56,2,Low-Fast,1,80,0.24,1,12,0.01,1,0,0,1,3,low ss1
FG054,57,2,Low-Fast,1,80,0.29,1,13,0.08,1,0,0,1,3,low ss1
FG054,58,2,Low-Fast,1,80,0.61,1,14,0.01,1,0,0,1,3,low ss1
FG054,59,2,Low-Fast,1,80,0.68,1,15,0.01,1,0,0,1,3,low ss1
FG054,60,2,Low-Fast,1,80,0.32,1,16,0.01,1,0,0,1,3,low ss1
FG054,61,2,Low-Fast,1,15,0.54,-1,15,0.01,1,0,0,1,3,low ss1
FG054,62,2,Low-Fast,1,15,0.08,1,16,0.26,0,0,0,1,3,low ss1
FG054,63,2,Low-Fast,1,15,0.86,-1,15,0.01,1,0,0,1,3,low ss1
FG054,64,2,Low-Fast,1,15,0.76,-1,14,0.01,0,0,0,1,3,low ss1
FG054,65,2,Low-Fast,1,15,0.81,-1,13,0.04,0,0,0,1,3,low ss1
FG054,66,2,Low-Fast,3,80,0.88,-1,12,0.3,0,1,1,0,3,low ss1
FG054,67,2,Low-Fast,3,80,0.93,-1,11,0.01,0,0,0,1,3,low ss1
FG054,68,2,Low-Fast,2,5,0.53,-1,10,0.01,0,1,1,0,3,low ss1
FG054,69,2,Low-Fast,2,5,0.83,-1,9,0.02,0,0,0,1,3,low ss1
FG054,70,2,Low-Fast,2,5,0.92,-1,8,0.02,0,0,0,1,3,low ss1
FG054,71,2,Low-Fast,1,5,0.68,-1,7,0.01,0,1,1,0,3,low ss1
FG054,72,2,Low-Fast,1,5,0.25,-1,6,0.04,0,0,0,1,3,low ss1
FG054,73,2,Low-Fast,1,5,0.75,-1,5,0.54,0,0,0,1,3,low ss1
FG054,74,2,Low-Fast,3,15,0.35,-1,4,0.01,0,1,1,0,3,low ss1
FG054,75,2,Low-Fast,3,15,0.08,1,5,0.06,0,0,0,1,3,low ss1
FG054,76,2,Low-Fast,3,15,0.15,-1,4,0.01,1,0,0,1,3,low ss1
FG054,77,2,Low-Fast,3,15,0.15,-1,3,0.01,0,0,0,1,3,low ss1
FG054,78,2,Low-Fast,3,15,0.49,-1,2,0.36,0,0,0,1,3,low ss1
FG054,79,2,Low-Fast,2,80,0.75,1,3,0.03,0,1,1,0,3,low ss1
FG054,80,2,Low-Fast,2,80,0.94,-1,2,0.01,1,0,0,1,3,low ss1
FG054,81,2,Low-Fast,2,5,0.26,-1,1,0.01,0,0,0,1,3,low ss1
FG054,82,2,Low-Fast,2,5,0.31,-1,0,0.03,0,0,0,1,3,low ss1
FG054,83,2,Low-Fast,2,5,0.43,-1,-1,0.78,0,0,0,1,3,low ss1
FG054,84,2,Low-Fast,3,15,0.75,-1,-2,0.35,0,1,1,0,3,low ss1
FG054,85,2,Low-Fast,1,80,0.2,1,-1,0.25,0,1,1,0,3,low ss1
FG054,86,2,Low-Fast,1,80,0.12,1,0,0.01,1,0,0,1,3,low ss1
FG054,87,2,Low-Fast,1,80,0.66,1,1,0.01,1,0,0,1,3,low ss1
FG054,88,2,Low-Fast,1,80,0.08,1,2,0.05,1,0,0,1,3,low ss1
FG054,89,2,Low-Fast,1,80,0.42,1,3,0.01,1,0,0,1,3,low ss1
FG054,90,2,Low-Fast,1,80,0.62,1,4,0.02,1,0,0,1,3,low ss1
FG054,91,2,Low-Fast,1,15,0.54,-1,3,0.02,1,0,0,1,3,low ss1
FG054,92,2,Low-Fast,1,15,0.13,1,4,0.03,0,0,0,1,3,low ss1
FG054,93,2,Low-Fast,1,15,0.82,-1,3,0.01,1,0,0,1,3,low ss1
FG054,94,2,Low-Fast,1,15,0.29,-1,2,0.01,0,0,0,1,3,low ss1
FG054,95,2,Low-Fast,1,15,0.99,-1,1,0.01,0,0,0,1,3,low ss1
FG054,96,2,Low-Fast,1,15,0.98,-1,0,0.36,0,0,0,1,3,low ss1
FG054,97,2,Low-Fast,3,5,0.37,-1,-1,0.06,0,1,1,0,3,low ss1
FG054,98,2,Low-Fast,3,5,0.45,-1,-2,0.05,0,0,0,1,3,low ss1
FG054,99,2,Low-Fast,3,5,0.08,-1,-3,1.18,0,0,0,1,3,low ss1
FG054,100,2,Low-Fast,2,80,0.28,1,-2,0.21,0,1,1,0,3,low ss1
FG054,1,3,Low-Slow,2,15,0.51,-1,-3,1.29,1,0,0,1,3,low ss1
FG054,2,3,Low-Slow,2,15,0.29,-1,-4,0.12,0,0,0,1,3,low ss1
FG054,3,3,Low-Slow,1,80,0.53,1,-3,0.01,0,1,1,0,3,low ss1
FG054,4,3,Low-Slow,1,80,0.61,1,-2,0.06,1,0,0,1,3,low ss1
FG054,5,3,Low-Slow,1,80,0.66,1,-1,0.01,1,0,0,1,3,low ss1
FG054,6,3,Low-Slow,1,80,0.16,1,0,0.05,1,0,0,1,3,low ss1
FG054,7,3,Low-Slow,1,80,0.43,1,1,0.01,1,0,0,1,3,low ss1
FG054,8,3,Low-Slow,1,80,0.05,1,2,0.01,1,0,0,1,3,low ss1
FG054,9,3,Low-Slow,1,80,0.52,1,3,0.01,1,0,0,1,3,low ss1
FG054,10,3,Low-Slow,1,80,0.65,1,4,0.01,1,0,0,1,3,low ss1
FG054,11,3,Low-Slow,1,80,0.53,1,5,0.01,1,0,0,1,3,low ss1
FG054,12,3,Low-Slow,1,80,0.18,1,6,0.03,1,0,0,1,3,low ss1
FG054,13,3,Low-Slow,1,80,0.63,1,7,0.01,1,0,0,1,3,low ss1
FG054,14,3,Low-Slow,1,80,0.34,1,8,0.01,1,0,0,1,3,low ss1
FG054,15,3,Low-Slow,1,80,0.93,-1,7,0.01,1,0,0,1,3,low ss1
FG054,16,3,Low-Slow,1,80,0.31,1,8,0.01,0,0,0,1,3,low ss1
FG054,17,3,Low-Slow,1,80,0.82,-1,7,0.05,1,0,0,1,3,low ss1
FG054,18,3,Low-Slow,1,80,0.52,1,8,0.01,0,0,0,1,3,low ss1
FG054,19,3,Low-Slow,1,80,0.27,1,9,0.06,1,0,0,1,3,low ss1
FG054,20,3,Low-Slow,1,80,0.12,1,10,0.03,1,0,0,1,3,low ss1
FG054,21,3,Low-Slow,1,80,0.84,-1,9,0.01,1,0,0,1,3,low ss1
FG054,22,3,Low-Slow,1,80,0.48,1,10,0.01,0,0,0,1,3,low ss1
FG054,23,3,Low-Slow,1,80,0.41,1,11,0.04,1,0,0,1,3,low ss1
FG054,24,3,Low-Slow,1,80,0.54,1,12,0.01,1,0,0,1,3,low ss1
FG054,25,3,Low-Slow,1,15,0.9,-1,11,0.02,1,0,0,1,3,low ss1
FG054,26,3,Low-Slow,1,15,0.94,-1,10,0.01,0,0,0,1,3,low ss1
FG054,27,3,Low-Slow,1,15,0.07,1,11,0.02,0,0,0,1,3,low ss1
FG054,28,3,Low-Slow,1,15,0.79,-1,10,0.01,1,0,0,1,3,low ss1
FG054,29,3,Low-Slow,1,15,0.91,-1,9,0.01,0,0,0,1,3,low ss1
FG054,30,3,Low-Slow,1,15,0.24,-1,8,0.01,0,0,0,1,3,low ss1
FG054,31,3,Low-Slow,3,80,0.56,1,9,0.52,0,1,1,0,3,low ss1
FG054,32,3,Low-Slow,3,80,0.14,1,10,0.01,1,0,0,1,3,low ss1
FG054,33,3,Low-Slow,3,80,0.32,1,11,0.01,1,0,0,1,3,low ss1
FG054,34,3,Low-Slow,3,80,0.16,1,12,0.02,1,0,0,1,3,low ss1
FG054,35,3,Low-Slow,3,80,0.02,1,13,0.1,1,0,0,1,3,low ss1
FG054,36,3,Low-Slow,3,80,0.58,1,14,0.01,1,0,0,1,3,low ss1
FG054,37,3,Low-Slow,3,80,0.28,1,15,0.01,1,0,0,1,3,low ss1
FG054,38,3,Low-Slow,3,80,0.3,1,16,0.08,1,0,0,1,3,low ss1
FG054,39,3,Low-Slow,3,80,0.87,-1,15,0.01,1,0,0,1,3,low ss1
FG054,40,3,Low-Slow,3,80,0.67,1,16,0.1,0,0,0,1,3,low ss1
FG054,41,3,Low-Slow,3,80,0.27,1,17,0.01,1,0,0,1,3,low ss1
FG054,42,3,Low-Slow,3,80,0.61,1,18,0.01,1,0,0,1,3,low ss1
FG054,43,3,Low-Slow,3,80,0.31,1,19,0.01,1,0,0,1,3,low ss1
FG054,44,3,Low-Slow,3,80,0.72,1,20,0.01,1,0,0,1,3,low ss1
FG054,45,3,Low-Slow,3,80,0.74,1,21,0.01,1,0,0,1,3,low ss1
FG054,46,3,Low-Slow,3,80,0.06,1,22,0.01,1,0,0,1,3,low ss1
FG054,47,3,Low-Slow,3,80,0.37,1,23,0.05,1,0,0,1,3,low ss1
FG054,48,3,Low-Slow,3,80,0.2,1,24,0.01,1,0,0,1,3,low ss1
FG054,49,3,Low-Slow,3,80,0.48,1,25,0.03,1,0,0,1,3,low ss1
FG054,50,3,Low-Slow,3,80,0.12,1,26,0.01,1,0,0,1,3,low ss1
FG054,151,4,High-Fast,3,15,0.37,-1,25,0.97,1,0,0,1,3,low ss1
FG054,152,4,High-Fast,3,15,0.79,-1,24,0.72,0,0,0,1,3,low ss1
FG054,153,4,High-Fast,2,25,0.68,-1,23,0.02,0,1,1,0,3,low ss1
FG054,154,4,High-Fast,2,25,0.81,-1,22,0.05,0,0,0,1,3,low ss1
FG054,155,4,High-Fast,1,60,0.97,-1,21,0.04,0,1,1,0,3,low ss1
FG054,156,4,High-Fast,1,60,0.03,1,22,0.02,0,0,0,1,3,low ss1
FG054,157,4,High-Fast,1,60,0.57,1,23,0.07,1,0,0,1,3,low ss1
FG054,158,4,High-Fast,1,60,0.6,1,24,0.01,1,0,0,1,3,low ss1
FG054,159,4,High-Fast,1,60,0.42,1,25,0.19,1,0,0,1,3,low ss1
FG054,160,4,High-Fast,1,60,0.57,1,26,0.05,1,0,0,1,3,low ss1
FG054,161,4,High-Fast,1,25,0.61,-1,25,0.09,1,0,0,1,3,low ss1
FG054,162,4,High-Fast,1,25,0.13,1,26,0.03,0,0,0,1,3,low ss1
FG054,163,4,High-Fast,1,25,0.95,-1,25,0.01,1,0,0,1,3,low ss1
FG054,164,4,High-Fast,1,25,0.17,1,26,0.01,0,0,0,1,3,low ss1
FG054,165,4,High-Fast,1,25,0.2,1,27,0.01,1,0,0,1,3,low ss1
FG054,166,4,High-Fast,1,25,0.98,-1,26,0.01,1,0,0,1,3,low ss1
FG054,167,4,High-Fast,1,25,0.36,-1,25,0.03,0,0,0,1,3,low ss1
FG054,168,4,High-Fast,1,25,0.34,-1,24,0.01,0,0,0,1,3,low ss1
FG054,169,4,High-Fast,1,25,0.48,-1,23,0.01,0,0,0,1,3,low ss1
FG054,170,4,High-Fast,3,60,0.61,-1,22,0.01,0,1,1,0,3,low ss1
FG054,171,4,High-Fast,3,25,0.23,1,23,0.01,0,0,0,1,3,low ss1
FG054,172,4,High-Fast,3,25,0.66,-1,22,0.1,1,0,0,1,3,low ss1
FG054,173,4,High-Fast,3,25,0.94,-1,21,0.15,0,0,0,1,3,low ss1
FG054,174,4,High-Fast,2,60,0.24,1,22,0.04,0,1,1,0,3,low ss1
FG054,175,4,High-Fast,2,60,0.74,-1,21,0.06,1,0,0,1,3,low ss1
FG054,176,4,High-Fast,2,60,0.69,-1,20,0.01,0,0,0,1,3,low ss1
FG054,177,4,High-Fast,2,60,0.97,-1,19,0.09,0,0,0,1,3,low ss1
FG054,178,4,High-Fast,2,60,1.0,-1,18,0.01,0,0,0,1,3,low ss1
FG054,179,4,High-Fast,1,15,0.28,-1,17,0.01,0,1,1,0,3,low ss1
FG054,180,4,High-Fast,1,15,0.77,-1,16,0.1,0,0,0,1,3,low ss1
FG054,181,4,High-Fast,1,60,0.05,1,17,0.19,0,0,0,1,3,low ss1
FG054,182,4,High-Fast,1,60,0.68,-1,16,0.21,1,0,0,1,3,low ss1
FG054,183,4,High-Fast,1,60,0.27,1,17,0.53,0,0,0,1,3,low ss1
FG054,184,4,High-Fast,1,60,0.5,1,18,0.14,1,0,0,1,3,low ss1
FG054,185,4,High-Fast,1,60,0.1,1,19,0.17,1,0,0,1,3,low ss1
FG054,186,4,High-Fast,1,60,0.45,1,20,0.08,1,0,0,1,3,low ss1
FG054,187,4,High-Fast,1,60,0.36,1,21,0.07,1,0,0,1,3,low ss1
FG054,188,4,High-Fast,1,60,0.76,-1,20,0.02,1,0,0,1,3,low ss1
FG054,189,4,High-Fast,1,60,0.29,1,21,0.01,0,0,0,1,3,low ss1
FG054,190,4,High-Fast,1,60,0.76,-1,20,0.01,1,0,0,1,3,low ss1
FG054,191,4,High-Fast,1,15,0.18,-1,19,0.01,0,0,0,1,3,low ss1
FG054,192,4,High-Fast,1,15,0.79,-1,18,0.04,0,0,0,1,3,low ss1
FG054,193,4,High-Fast,1,15,0.9,-1,17,0.2,0,0,0,1,3,low ss1
FG054,194,4,High-Fast,3,60,0.13,1,18,0.01,0,1,1,0,3,low ss1
FG054,195,4,High-Fast,3,60,0.88,-1,17,0.08,1,0,0,1,3,low ss1
FG054,196,4,High-Fast,3,60,0.41,1,18,0.01,0,0,0,1,3,low ss1
FG054,197,4,High-Fast,3,60,0.85,-1,17,0.01,1,0,0,1,3,low ss1
FG054,198,4,High-Fast,3,60,0.54,1,18,0.02,0,0,0,1,3,low ss1
FG054,199,4,High-Fast,3,60,0.33,1,19,0.01,1,0,0,1,3,low ss1
FG054,200,4,High-Fast,3,60,0.74,-1,18,0.01,1,0,0,1,3,low ss1
FG055,151,1,High-Fast,1,60,0.2,1,1,1.08,0,0,0,0,9,high ss1
FG055,152,1,High-Fast,1,60,0.64,-1,0,0.01,1,0,0,1,9,high ss1
FG055,153,1,High-Fast,2,25,0.56,-1,-1,0.01,0,1,1,0,9,high ss1
FG055,154,1,High-Fast,3,15,0.06,1,0,0.07,0,1,1,0,9,high ss1
FG055,155,1,High-Fast,3,15,0.69,-1,-1,0.01,1,0,0,1,9,high ss1
FG055,156,1,High-Fast,1,60,0.22,1,0,0.01,0,1,1,0,9,high ss1
FG055,157,1,High-Fast,1,60,0.03,1,1,0.01,1,0,0,1,9,high ss1
FG055,158,1,High-Fast,1,60,0.11,1,2,0.01,1,0,0,1,9,high ss1
FG055,159,1,High-Fast,1,60,0.14,1,3,0.06,1,0,0,1,9,high ss1
FG055,160,1,High-Fast,1,60,0.48,1,4,0.02,1,0,0,1,9,high ss1
FG055,161,1,High-Fast,1,25,0.6,-1,3,0.03,1,0,0,1,9,high ss1
FG055,162,1,High-Fast,3,60,0.43,1,4,0.01,0,1,1,0,9,high ss1
FG055,163,1,High-Fast,3,60,0.18,1,5,0.01,1,0,0,1,9,high ss1
FG055,164,1,High-Fast,3,60,0.98,-1,4,0.02,1,0,0,1,9,high ss1
FG055,165,1,High-Fast,1,25,0.4,-1,3,0.01,0,1,1,0,9,high ss1
FG055,166,1,High-Fast,3,60,0.26,1,4,0.03,0,1,1,0,9,high ss1
FG055,167,1,High-Fast,3,60,0.45,1,5,0.01,1,0,0,1,9,high ss1
FG055,168,1,High-Fast,3,60,0.06,1,6,0.17,1,0,0,1,9,high ss1
FG055,169,1,High-Fast,3,60,0.57,1,7,0.01,1,0,0,1,9,high ss1
FG055,170,1,High-Fast,3,60,0.47,1,8,0.01,1,0,0,1,9,high ss1
FG055,171,1,High-Fast,3,25,0.21,1,9,0.01,1,0,0,1,9,high ss1
FG055,172,1,High-Fast,3,25,0.17,1,10,0.01,1,0,0,1,9,high ss1
FG055,173,1,High-Fast,3,25,0.16,1,11,0.05,1,0,0,1,9,high ss1
FG055,174,1,High-Fast,3,25,0.18,1,12,0.01,1,0,0,1,9,high ss1
FG055,175,1,High-Fast,3,25,0.92,-1,11,0.01,1,0,0,1,9,high ss1
FG055,176,1,High-Fast,1,15,0.41,-1,10,0.01,0,1,1,0,9,high ss1
FG055,177,1,High-Fast,3,25,0.84,-1,9,0.01,0,1,1,0,9,high ss1
FG055,178,1,High-Fast,3,25,0.69,-1,8,0.01,0,0,0,1,9,high ss1
FG055,179,1,High-Fast,2,60,0.44,1,9,0.02,0,1,1,0,9,high ss1
FG055,180,1,High-Fast,2,60,0.47,1,10,0.01,1,0,0,1,9,high ss1
FG055,181,1,High-Fast,2,15,0.53,-1,9,0.3,1,0,0,1,9,high ss1
FG055,182,1,High-Fast,1,60,0.95,-1,8,0.15,0,1,1,0,9,high ss1
FG055,183,1,High-Fast,3,25,0.41,-1,7,0.01,0,1,1,0,9,high ss1
FG055,184,1,High-Fast,2,15,0.55,-1,6,0.01,0,1,1,0,9,high ss1
FG055,185,1,High-Fast,3,25,0.9,-1,5,0.01,0,1,1,0,9,high ss1
FG055,186,1,High-Fast,3,25,0.31,-1,4,0.16,0,0,0,1,9,high ss1
FG055,187,1,High-Fast,1,60,0.09,1,5,0.01,0,1,1,0,9,high ss1
FG055,188,1,High-Fast,1,60,0.37,1,6,0.01,1,0,0,1,9,high ss1
FG055,189,1,High-Fast,1,60,0.47,1,7,0.01,1,0,0,1,9,high ss1
FG055,190,1,High-Fast,1,60,0.02,1,8,0.02,1,0,0,1,9,high ss1
FG055,191,1,High-Fast,1,15,0.57,-1,7,0.1,1,0,0,1,9,high ss1
FG055,192,1,High-Fast,2,25,0.59,-1,6,0.11,0,1,1,0,9,high ss1
FG055,193,1,High-Fast,1,15,0.69,-1,5,0.04,0,1,1,0,9,high ss1
FG055,194,1,High-Fast,3,60,0.94,-1,4,0.01,0,1,1,0,9,high ss1
FG055,195,1,High-Fast,1,15,0.48,-1,3,0.21,0,1,1,0,9,high ss1
FG055,196,1,High-Fast,3,60,0.91,-1,2,0.05,0,1,1,0,9,high ss1
FG055,197,1,High-Fast,2,25,0.46,-1,1,0.01,0,1,1,0,9,high ss1
FG055,198,1,High-Fast,3,60,0.21,1,2,0.02,0,1,1,0,9,high ss1
FG055,199,1,High-Fast,3,60,0.63,-1,1,0.1,1,0,0,1,9,high ss1
FG055,200,1,High-Fast,1,15,0.61,-1,0,0.18,0,1,1,0,9,high ss1
FG055,101,2,High-Slow,2,25,0.7,-1,-1,1.18,0,1,1,0,9,high ss1
FG055,102,2,High-Slow,1,60,0.08,1,0,0.01,0,1,1,0,9,high ss1
FG055,103,2,High-Slow,1,60,0.83,-1,-1,0.01,1,0,0,1,9,high ss1
FG055,104,2,High-Slow,3,15,0.19,-1,-2,0.65,0,1,1,0,9,high ss1
FG055,105,2,High-Slow,1,60,0.79,-1,-3,1.04,0,1,1,0,9,high ss1
FG055,106,2,High-Slow,2,25,0.52,-1,-4,0.01,0,1,1,0,9,high ss1
FG055,107,2,High-Slow,2,25,0.58,-1,-5,0.19,0,0,0,1,9,high ss1
FG055,108,2,High-Slow,3,15,0.63,-1,-6,0.01,0,1,1,0,9,high ss1
FG055,109,2,High-Slow,1,60,0.59,1,-5,0.21,0,1,1,0,9,high ss1
FG055,110,2,High-Slow,1,60,0.2,1,-4,0.12,1,0,0,1,9,high ss1
FG055,111,2,High-Slow,1,60,0.19,1,-3,0.01,1,0,0,1,9,high ss1
FG055,112,2,High-Slow,1,60,0.62,-1,-4,0.01,1,0,0,1,9,high ss1
FG055,113,2,High-Slow,3,15,0.79,-1,-5,0.01,0,1,1,0,9,high ss1
FG055,114,2,High-Slow,1,60,0.97,-1,-6,0.01,0,1,1,0,9,high ss1
FG055,115,2,High-Slow,2,25,0.17,1,-5,0.06,0,1,1,0,9,high ss1
FG055,116,2,High-Slow,2,25,0.63,-1,-6,0.04,1,0,0,1,9,high ss1
FG055,117,2,High-Slow,1,60,0.75,-1,-7,0.01,0,1,1,0,9,high ss1
FG055,118,2,High-Slow,2,25,0.5,-1,-8,0.02,0,1,1,0,9,high ss1
FG055,119,2,High-Slow,3,15,0.12,1,-7,0.02,0,1,1,0,9,high ss1
FG055,120,2,High-Slow,3,15,0.98,-1,-8,0.01,1,0,0,1,9,high ss1
FG055,121,2,High-Slow,3,15,0.75,-1,-9,0.05,0,0,0,1,9,high ss1
FG055,122,2,High-Slow,1,60,0.59,1,-8,0.14,0,1,1,0,9,high ss1
FG055,123,2,High-Slow,1,60,0.15,1,-7,0.01,1,0,0,1,9,high ss1
FG055,124,2,High-Slow,1,60,0.18,1,-6,0.07,1,0,0,1,9,high ss1
FG055,125,2,High-Slow,1,60,0.78,-1,-7,0.02,1,0,0,1,9,high ss1
FG055,126,2,High-Slow,2,60,0.91,-1,-8,0.3,0,1,1,0,9,high ss1
FG055,127,2,High-Slow,3,25,0.84,-1,-9,0.18,0,1,1,0,9,high ss1
FG055,128,2,High-Slow,1,15,0.89,-1,-10,0.01,0,1,1,0,9,high ss1
FG055,129,2,High-Slow,2,60,0.32,1,-9,0.39,0,1,1,0,9,high ss1
FG055,130,2,High-Slow,2,60,0.4,1,-8,0.5,1,0,0,1,9,high ss1
FG055,131,2,High-Slow,2,60,0.3,1,-7,0.24,1,0,0,1,9,high ss1
FG055,132,2,High-Slow,2,60,0.32,1,-6,0.02,1,0,0,1,9,high ss1
FG055,133,2,High-Slow,2,60,0.8,-1,-7,0.32,1,0,0,1,9,high ss1
FG055,134,2,High-Slow,3,25,0.61,-1,-8,0.01,0,1,1,0,9,high ss1
FG055,135,2,High-Slow,1,15,0.9,-1,-9,0.01,0,1,1,0,9,high ss1
FG055,136,2,High-Slow,2,60,0.15,1,-8,0.01,0,1,1,0,9,high ss1
FG055,137,2,High-Slow,2,60,0.37,1,-7,0.05,1,0,0,1,9,high ss1
FG055,138,2,High-Slow,2,60,0.79,-1,-8,0.05,1,0,0,1,9,high ss1
FG055,139,2,High-Slow,3,25,0.59,-1,-9,0.02,0,1,1,0,9,high ss1
FG055,140,2,High-Slow,1,15,0.61,-1,-10,0.01,0,1,1,0,9,high ss1
FG055,141,2,High-Slow,2,60,0.13,1,-9,0.05,0,1,1,0,9,high ss1
FG055,142,2,High-Slow,2,60,0.83,-1,-10,0.03,1,0,0,1,9,high ss1
FG055,143,2,High-Slow,3,25,0.72,-1,-11,0.01,0,1,1,0,9,high ss1
FG055,144,2,High-Slow,1,15,0.45,-1,-12,0.02,0,1,1,0,9,high ss1
FG055,145,2,High-Slow,2,60,0.04,1,-11,0.01,0,1,1,0,9,high ss1
FG055,146,2,High-Slow,2,60,0.1,1,-10,0.02,1,0,0,1,9,high ss1
FG055,147,2,High-Slow,2,60,0.26,1,-9,0.01,1,0,0,1,9,high ss1
FG055,148,2,High-Slow,2,60,0.43,1,-8,0.04,1,0,0,1,9,high ss1
FG055,149,2,High-Slow,2,60,0.58,1,-7,0.06,1,0,0,1,9,high ss1
FG055,150,2,High-Slow,2,60,0.1,1,-6,0.01,1,0,0,1,9,high ss1
FG055,51,3,Low-Fast,2,15,0.73,-1,-7,0.98,1,0,0,1,9,high ss1
FG055,52,3,Low-Fast,1,80,0.72,1,-6,0.01,0,1,1,0,9,high ss1
FG055,53,3,Low-Fast,1,80,0.89,-1,-7,0.06,1,0,0,1,9,high ss1
FG055,54,3,Low-Fast,3,5,0.42,-1,-8,0.02,0,1,1,0,9,high ss1
FG055,55,3,Low-Fast,2,15,0.07,1,-7,0.01,0,1,1,0,9,high ss1
FG055,56,3,Low-Fast,2,15,0.96,-1,-8,0.01,1,0,0,1,9,high ss1
FG055,57,3,Low-Fast,3,5,0.87,-1,-9,0.1,0,1,1,0,9,high ss1
FG055,58,3,Low-Fast,1,80,0.81,-1,-10,0.01,0,1,1,0,9,high ss1
FG055,59,3,Low-Fast,2,15,0.02,1,-9,0.08,0,1,1,0,9,high ss1
FG055,60,3,Low-Fast,2,15,0.8,-1,-10,0.03,1,0,0,1,9,high ss1
FG055,61,3,Low-Fast,3,80,0.67,1,-9,0.15,0,1,1,0,9,high ss1
FG055,62,3,Low-Fast,3,80,0.47,1,-8,0.05,1,0,0,1,9,high ss1
FG055,63,3,Low-Fast,3,80,0.51,1,-7,0.01,1,0,0,1,9,high ss1
FG055,64,3,Low-Fast,3,80,0.55,1,-6,0.01,1,0,0,1,9,high ss1
FG055,65,3,Low-Fast,3,80,0.42,1,-5,0.02,1,0,0,1,9,high ss1
FG055,66,3,Low-Fast,3,80,0.2,1,-4,0.02,1,0,0,1,9,high ss1
FG055,67,3,Low-Fast,3,80,0.38,1,-3,0.01,1,0,0,1,9,high ss1
FG055,68,3,Low-Fast,3,80,0.06,1,-2,0.01,1,0,0,1,9,high ss1
FG055,69,3,Low-Fast,3,80,0.97,-1,-3,0.01,1,0,0,1,9,high ss1
FG055,70,3,Low-Fast,1,15,0.95,-1,-4,0.01,0,1,1,0,9,high ss1
FG055,71,3,Low-Fast,3,15,0.81,-1,-5,0.07,0,1,1,0,9,high ss1
FG055,72,3,Low-Fast,2,80,0.13,1,-4,0.01,0,1,1,0,9,high ss1
FG055,73,3,Low-Fast,2,80,0.22,1,-3,0.15,1,0,0,1,9,high ss1
FG055,74,3,Low-Fast,2,80,0.18,1,-2,0.17,1,0,0,1,9,high ss1
FG055,75,3,Low-Fast,2,80,0.71,1,-1,0.01,1,0,0,1,9,high ss1
FG055,76,3,Low-Fast,2,80,0.89,-1,-2,0.01,1,0,0,1,9,high ss1
FG055,77,3,Low-Fast,1,5,0.12,-1,-3,0.15,0,1,1,0,9,high ss1
FG055,78,3,Low-Fast,3,15,0.97,-1,-4,0.13,0,1,1,0,9,high ss1
FG055,79,3,Low-Fast,1,5,0.81,-1,-5,0.01,0,1,1,0,9,high ss1
FG055,80,3,Low-Fast,2,80,0.03,1,-4,0.43,0,1,1,0,9,high ss1
FG055,81,3,Low-Fast,2,5,0.25,-1,-5,0.01,1,0,0,1,9,high ss1
FG055,82,3,Low-Fast,3,15,0.33,-1,-6,0.24,0,1,1,0,9,high ss1
FG055,83,3,Low-Fast,1,80,0.92,-1,-7,0.01,0,1,1,0,9,high ss1
FG055,84,3,Low-Fast,2,5,0.71,-1,-8,0.01,0,1,1,0,9,high ss1
FG055,85,3,Low-Fast,1,80,0.84,-1,-9,0.07,0,1,1,0,9,high ss1
FG055,86,3,Low-Fast,2,5,0.97,-1,-10,0.01,0,1,1,0,9,high ss1
FG055,87,3,Low-Fast,3,15,0.07,1,-9,0.04,0,1,1,0,9,high ss1
FG055,88,3,Low-Fast,3,15,0.77,-1,-10,0.05,1,0,0,1,9,high ss1
FG055,89,3,Low-Fast,1,80,0.98,-1,-11,0.01,0,1,1,0,9,high ss1
FG055,90,3,Low-Fast,2,5,0.62,-1,-12,0.08,0,1,1,0,9,high ss1
FG055,91,3,Low-Fast,3,5,0.74,-1,-13,0.01,0,1,1,0,9,high ss1
FG055,92,3,Low-Fast,1,15,0.21,-1,-14,0.04,0,1,1,0,9,high ss1
FG055,93,3,Low-Fast,3,5,0.11,-1,-15,0.02,0,1,1,0,9,high ss1
FG055,94,3,Low-Fast,1,15,0.53,-1,-16,0.02,0,1,1,0,9,high ss1
FG055,95,3,Low-Fast,3,5,0.92,-1,-17,0.06,0,1,1,0,9,high ss1
FG055,96,3,Low-Fast,1,15,0.67,-1,-18,0.01,0,1,1,0,9,high ss1
FG055,97,3,Low-Fast,3,5,0.01,1,-17,0.62,0,1,1,0,9,high ss1
FG055,98,3,Low-Fast,3,5,0.22,-1,-18,0.31,1,0,0,1,9,high ss1
FG055,99,3,Low-Fast,1,15,0.9,-1,-19,0.01,0,1,1,0,9,high ss1
FG055,100,3,Low-Fast,3,5,0.2,-1,-20,0.02,0,1,1,0,9,high ss1
FG055,1,4,Low-Slow,2,15,0.46,-1,-21,1.13,0,1,1,0,9,high ss1
FG055,2,4,Low-Slow,1,80,0.76,1,-20,0.01,0,1,1,0,9,high ss1
FG055,3,4,Low-Slow,1,80,0.58,1,-19,0.02,1,0,0,1,9,high ss1
FG055,4,4,Low-Slow,1,80,0.06,1,-18,0.01,1,0,0,1,9,high ss1
FG055,5,4,Low-Slow,1,80,0.04,1,-17,0.63,1,0,0,1,9,high ss1
FG055,6,4,Low-Slow,1,80,0.07,1,-16,0.06,1,0,0,1,9,high ss1
FG055,7,4,Low-Slow,1,80,0.06,1,-15,0.01,1,0,0,1,9,high ss1
FG055,8,4,Low-Slow,1,80,0.9,-1,-16,0.17,1,0,0,1,9,high ss1
FG055,9,4,Low-Slow,2,15,0.41,-1,-17,0.07,0,1,1,0,9,high ss1
FG055,10,4,Low-Slow,1,80,0.96,-1,-18,0.02,0,1,1,0,9,high ss1
FG055,11,4,Low-Slow,3,5,0.47,-1,-19,0.07,0,1,1,0,9,high ss1
FG055,12,4,Low-Slow,1,80,0.14,1,-18,0.01,0,1,1,0,9,high ss1
FG055,13,4,Low-Slow,1,80,0.07,1,-17,0.1,1,0,0,1,9,high ss1
FG055,14,4,Low-Slow,1,80,0.81,-1,-18,0.06,1,0,0,1,9,high ss1
FG055,15,4,Low-Slow,2,15,0.38,-1,-19,0.5,0,1,1,0,9,high ss1
FG055,16,4,Low-Slow,3,5,0.17,-1,-20,0.58,0,1,1,0,9,high ss1
FG055,17,4,Low-Slow,1,80,0.42,1,-19,0.01,0,1,1,0,9,high ss1
FG055,18,4,Low-Slow,1,80,0.79,1,-18,0.45,1,0,0,1,9,high ss1
FG055,19,4,Low-Slow,1,80,0.84,-1,-19,0.26,1,0,0,1,9,high ss1
FG055,20,4,Low-Slow,2,15,0.52,-1,-20,0.65,0,1,1,0,9,high ss1
FG055,21,4,Low-Slow,3,5,0.86,-1,-21,0.71,0,1,1,0,9,high ss1
FG055,22,4,Low-Slow,1,80,0.67,1,-20,0.01,0,1,1,0,9,high ss1
FG055,23,4,Low-Slow,1,80,0.48,1,-19,0.32,1,0,0,1,9,high ss1
FG055,24,4,Low-Slow,1,80,0.28,1,-18,0.71,1,0,0,1,9,high ss1
FG055,25,4,Low-Slow,1,15,0.41,-1,-19,0.63,1,0,0,1,9,high ss1
FG055,26,4,Low-Slow,2,5,0.08,-1,-20,0.01,0,1,1,0,9,high ss1
FG055,27,4,Low-Slow,3,80,0.34,1,-19,0.52,0,1,1,0,9,high ss1
FG055,28,4,Low-Slow,3,80,0.13,1,-18,0.14,1,0,0,1,9,high ss1
FG055,29,4,Low-Slow,3,80,0.35,1,-17,0.01,1,0,0,1,9,high ss1
FG055,30,4,Low-Slow,3,80,0.73,1,-16,0.2,1,0,0,1,9,high ss1
FG055,31,4,Low-Slow,3,80,0.17,1,-15,0.01,1,0,0,1,9,high ss1
FG055,32,4,Low-Slow,3,80,0.52,1,-14,0.59,1,0,0,1,9,high ss1
FG055,33,4,Low-Slow,3,80,0.5,1,-13,0.02,1,0,0,1,9,high ss1
FG055,34,4,Low-Slow,3,80,0.81,-1,-14,0.03,1,0,0,1,9,high ss1
FG055,35,4,Low-Slow,1,15,0.78,-1,-15,0.03,0,1,1,0,9,high ss1
FG055,36,4,Low-Slow,3,80,0.92,-1,-16,0.02,0,1,1,0,9,high ss1
FG055,37,4,Low-Slow,2,5,0.38,-1,-17,0.01,0,1,1,0,9,high ss1
FG055,38,4,Low-Slow,3,80,0.95,-1,-18,0.04,0,1,1,0,9,high ss1
FG055,39,4,Low-Slow,1,15,0.19,-1,-19,0.06,0,1,1,0,9,high ss1
FG055,40,4,Low-Slow,3,80,0.94,-1,-20,0.01,0,1,1,0,9,high ss1
FG055,41,4,Low-Slow,1,15,0.59,-1,-21,0.01,0,1,1,0,9,high ss1
FG055,42,4,Low-Slow,3,80,0.01,1,-20,0.02,0,1,1,0,9,high ss1
FG055,43,4,Low-Slow,3,80,0.06,1,-19,0.3,1,0,0,1,9,high ss1
FG055,44,4,Low-Slow,3,80,0.45,1,-18,0.02,1,0,0,1,9,high ss1
FG055,45,4,Low-Slow,3,80,0.14,1,-17,0.05,1,0,0,1,9,high ss1
FG055,46,4,Low-Slow,3,80,0.05,1,-16,0.01,1,0,0,1,9,high ss1
FG055,47,4,Low-Slow,3,80,0.02,1,-15,0.01,1,0,0,1,9,high ss1
FG055,48,4,Low-Slow,3,80,0.58,1,-14,0.01,1,0,0,1,9,high ss1
FG055,49,4,Low-Slow,3,80,0.71,1,-13,0.04,1,0,0,1,9,high ss1
FG055,50,4,Low-Slow,3,80,0.3,1,-12,0.1,1,0,0,1,9,high ss1
FG017,1,1,Low-Slow,1,80,0.27,1,1,7.7,0,0,0,0,5,high ss1
FG017,2,1,Low-Slow,3,5,0.74,-1,0,25.48,0,0,1,0,5,high ss1
FG017,3,1,Low-Slow,2,15,0.41,-1,-1,2.48,0,1,1,0,5,high ss1
FG017,4,1,Low-Slow,3,5,0.29,-1,-2,6.07,0,1,1,0,5,high ss1
FG017,5,1,Low-Slow,1,80,0.03,1,-1,2.08,0,1,1,0,5,high ss1
FG017,6,1,Low-Slow,3,5,0.46,-1,-2,8.25,0,0,1,0,5,high ss1
FG017,7,1,Low-Slow,2,15,0.08,1,-1,1.17,0,1,1,0,5,high ss1
FG017,8,1,Low-Slow,2,15,0.84,-1,-2,4.52,1,0,0,1,5,high ss1
FG017,9,1,Low-Slow,1,80,0.01,1,-1,0.69,0,1,1,0,5,high ss1
FG017,10,1,Low-Slow,1,80,0.62,1,0,0.44,1,0,0,1,5,high ss1
FG017,11,1,Low-Slow,3,5,0.98,-1,-1,0.04,0,0,1,0,5,high ss1
FG017,12,1,Low-Slow,2,15,0.42,-1,-2,5.09,0,1,1,0,5,high ss1
FG017,13,1,Low-Slow,3,5,0.47,-1,-3,2.79,0,1,1,0,5,high ss1
FG017,14,1,Low-Slow,1,80,0.28,1,-2,0.68,0,1,1,0,5,high ss1
FG017,15,1,Low-Slow,1,80,0.82,-1,-3,0.48,1,0,0,1,5,high ss1
FG017,16,1,Low-Slow,2,15,0.06,1,-2,2.31,0,1,1,0,5,high ss1
FG017,17,1,Low-Slow,1,80,0.52,1,-1,2.62,0,0,1,0,5,high ss1
FG017,18,1,Low-Slow,2,15,0.07,1,0,0.77,0,0,1,0,5,high ss1
FG017,19,1,Low-Slow,3,5,0.31,-1,-1,3.39,0,0,1,0,5,high ss1
FG017,20,1,Low-Slow,1,80,0.9,-1,-2,0.43,0,1,1,0,5,high ss1
FG017,21,1,Low-Slow,2,15,0.8,-1,-3,0.26,0,1,1,0,5,high ss1
FG017,22,1,Low-Slow,3,5,0.63,-1,-4,1.43,0,1,1,0,5,high ss1
FG017,23,1,Low-Slow,2,15,0.45,-1,-5,3.92,0,1,1,0,5,high ss1
FG017,24,1,Low-Slow,1,80,0.57,1,-4,0.92,0,1,1,0,5,high ss1
FG017,25,1,Low-Slow,2,5,0.45,-1,-5,3.49,0,0,1,0,5,high ss1
FG017,26,1,Low-Slow,1,15,0.32,-1,-6,0.44,0,1,1,0,5,high ss1
FG017,27,1,Low-Slow,3,80,0.96,-1,-7,1.03,0,1,1,0,5,high ss1
FG017,28,1,Low-Slow,1,15,0.91,-1,-8,0.35,0,1,1,0,5,high ss1
FG017,29,1,Low-Slow,2,5,0.29,-1,-9,1.56,0,1,1,0,5,high ss1
FG017,30,1,Low-Slow,3,80,0.48,1,-8,0.56,0,1,1,0,5,high ss1
FG017,31,1,Low-Slow,1,15,0.18,-1,-9,1.04,0,0,1,0,5,high ss1
FG017,32,1,Low-Slow,2,5,0.68,-1,-10,0.94,0,1,1,0,5,high ss1
FG017,33,1,Low-Slow,3,80,0.41,1,-9,0.21,0,1,1,0,5,high ss1
FG017,34,1,Low-Slow,1,15,0.02,1,-8,1.14,0,0,1,0,5,high ss1
FG017,35,1,Low-Slow,1,15,0.21,-1,-9,0.69,1,0,0,1,5,high ss1
FG017,36,1,Low-Slow,2,5,0.61,-1,-10,0.64,0,1,1,0,5,high ss1
FG017,37,1,Low-Slow,1,15,0.12,1,-9,1.12,0,1,1,0,5,high ss1
FG017,38,1,Low-Slow,2,5,0.9,-1,-10,1.52,0,0,1,0,5,high ss1
FG017,39,1,Low-Slow,3,80,0.39,1,-9,0.04,0,1,1,0,5,high ss1
FG017,40,1,Low-Slow,1,15,0.53,-1,-10,0.16,0,0,1,0,5,high ss1
FG017,41,1,Low-Slow,2,5,0.45,-1,-11,1.21,0,1,1,0,5,high ss1
FG017,42,1,Low-Slow,1,15,0.27,-1,-12,1.92,0,1,1,0,5,high ss1
FG017,43,1,Low-Slow,2,5,0.21,-1,-13,0.91,0,1,1,0,5,high ss1
FG017,44,1,Low-Slow,1,15,0.64,-1,-14,0.83,0,1,1,0,5,high ss1
FG017,45,1,Low-Slow,3,80,0.75,1,-13,0.15,0,1,1,0,5,high ss1
FG017,46,1,Low-Slow,3,80,0.52,1,-12,0.46,1,0,0,1,5,high ss1
FG017,47,1,Low-Slow,3,80,0.65,1,-11,0.94,1,0,0,1,5,high ss1
FG017,48,1,Low-Slow,3,80,0.37,1,-10,0.25,1,0,0,1,5,high ss1
FG017,49,1,Low-Slow,3,80,0.71,1,-9,0.67,1,0,0,1,5,high ss1
FG017,50,1,Low-Slow,3,80,0.07,1,-8,0.21,1,0,0,1,5,high ss1
FG017,101,2,High-Slow,1,60,0.79,-1,-9,3.93,0,0,1,0,5,high ss1
FG017,102,2,High-Slow,3,15,0.08,1,-8,0.56,0,1,1,0,5,high ss1
FG017,103,2,High-Slow,3,15,0.39,-1,-9,0.08,1,0,0,1,5,high ss1
FG017,104,2,High-Slow,1,60,0.37,1,-8,0.49,0,1,1,0,5,high ss1
FG017,105,2,High-Slow,1,60,0.53,1,-7,0.15,1,0,0,1,5,high ss1
FG017,106,2,High-Slow,2,25,0.89,-1,-8,0.99,0,0,1,0,5,high ss1
FG017,107,2,High-Slow,1,60,0.35,1,-7,0.88,0,1,1,0,5,high ss1
FG017,108,2,High-Slow,1,60,0.02,1,-6,0.19,1,0,0,1,5,high ss1
FG017,109,2,High-Slow,1,60,0.33,1,-5,0.27,1,0,0,1,5,high ss1
FG017,110,2,High-Slow,1,60,0.54,1,-4,0.12,1,0,0,1,5,high ss1
FG017,111,2,High-Slow,1,60,0.42,1,-3,0.13,1,0,0,1,5,high ss1
FG017,112,2,High-Slow,1,60,0.37,1,-2,0.26,1,0,0,1,5,high ss1
FG017,113,2,High-Slow,1,60,0.37,1,-1,1.26,1,0,0,1,5,high ss1
FG017,114,2,High-Slow,1,60,0.79,-1,-2,0.28,1,0,0,1,5,high ss1
FG017,115,2,High-Slow,3,15,0.58,-1,-3,0.69,0,1,1,0,5,high ss1
FG017,116,2,High-Slow,2,25,0.57,-1,-4,0.23,0,1,1,0,5,high ss1
FG017,117,2,High-Slow,1,60,0.76,-1,-5,0.09,0,1,1,0,5,high ss1
FG017,118,2,High-Slow,2,25,0.01,1,-4,1.51,0,1,1,0,5,high ss1
FG017,119,2,High-Slow,2,25,0.93,-1,-5,0.36,1,0,0,1,5,high ss1
FG017,120,2,High-Slow,3,15,0.44,-1,-6,0.29,0,1,1,0,5,high ss1
FG017,121,2,High-Slow,2,25,0.51,-1,-7,0.38,0,1,1,0,5,high ss1
FG017,122,2,High-Slow,1,60,0.07,1,-6,0.52,0,1,1,0,5,high ss1
FG017,123,2,High-Slow,1,60,0.14,1,-5,0.24,1,0,0,1,5,high ss1
FG017,124,2,High-Slow,1,60,0.63,-1,-6,0.2,1,0,0,1,5,high ss1
FG017,125,2,High-Slow,3,15,0.74,-1,-7,1.81,0,1,1,0,5,high ss1
FG017,126,2,High-Slow,3,25,0.53,-1,-8,0.85,0,0,0,1,5,high ss1
FG017,127,2,High-Slow,2,60,0.6,1,-7,0.32,0,1,1,0,5,high ss1
FG017,128,2,High-Slow,2,60,0.22,1,-6,0.24,1,0,0,1,5,high ss1
FG017,129,2,High-Slow,2,60,0.19,1,-5,0.16,1,0,0,1,5,high ss1
FG017,130,2,High-Slow,2,60,0.6,1,-4,0.18,1,0,0,1,5,high ss1
FG017,131,2,High-Slow,2,60,0.8,-1,-5,0.27,1,0,0,1,5,high ss1
FG017,132,2,High-Slow,3,25,0.59,-1,-6,0.35,0,1,1,0,5,high ss1
FG017,133,2,High-Slow,1,15,0.64,-1,-7,0.15,0,1,1,0,5,high ss1
FG017,134,2,High-Slow,2,60,0.93,-1,-8,0.95,0,1,1,0,5,high ss1
FG017,135,2,High-Slow,3,25,0.79,-1,-9,0.31,0,1,1,0,5,high ss1
FG017,136,2,High-Slow,1,15,0.82,-1,-10,0.76,0,1,1,0,5,high ss1
FG017,137,2,High-Slow,2,60,0.87,-1,-11,1.18,0,1,1,0,5,high ss1
FG017,138,2,High-Slow,2,60,0.49,1,-10,0.01,0,0,0,1,5,high ss1
FG017,139,2,High-Slow,2,60,0.08,1,-9,0.9,1,0,0,1,5,high ss1
FG017,140,2,High-Slow,2,60,0.55,1,-8,0.38,1,0,0,1,5,high ss1
FG017,141,2,High-Slow,2,60,0.65,-1,-9,0.24,1,0,0,1,5,high ss1
FG017,142,2,High-Slow,1,15,0.79,-1,-10,1.24,0,1,1,0,5,high ss1
FG017,143,2,High-Slow,2,60,0.84,-1,-11,0.76,0,1,1,0,5,high ss1
FG017,144,2,High-Slow,3,25,0.54,-1,-12,0.06,0,1,1,0,5,high ss1
FG017,145,2,High-Slow,1,15,0.51,-1,-13,0.18,0,1,1,0,5,high ss1
FG017,146,2,High-Slow,2,60,0.22,1,-12,1.21,0,1,1,0,5,high ss1
FG017,147,2,High-Slow,2,60,0.12,1,-11,0.25,1,0,0,1,5,high ss1
FG017,148,2,High-Slow,2,60,0.23,1,-10,0.55,1,0,0,1,5,high ss1
FG017,149,2,High-Slow,3,25,0.77,-1,-11,0.72,0,0,1,0,5,high ss1
FG017,150,2,High-Slow,1,15,0.71,-1,-12,0.07,0,1,1,0,5,high ss1
FG017,151,3,High-Fast,1,60,0.45,1,-11,5.13,0,0,0,1,5,high ss1
FG017,152,3,High-Fast,1,60,0.33,1,-10,0.2,1,0,0,1,5,high ss1
FG017,153,3,High-Fast,1,60,0.2,1,-9,0.28,1,0,0,1,5,high ss1
FG017,154,3,High-Fast,1,60,0.88,-1,-10,0.12,1,0,0,1,5,high ss1
FG017,155,3,High-Fast,2,25,1.0,-1,-11,0.14,0,1,1,0,5,high ss1
FG017,156,3,High-Fast,3,15,0.93,-1,-12,0.21,0,1,1,0,5,high ss1
FG017,157,3,High-Fast,1,60,0.05,1,-11,0.13,0,1,1,0,5,high ss1
FG017,158,3,High-Fast,1,60,0.94,-1,-12,0.02,1,0,0,1,5,high ss1
FG017,159,3,High-Fast,3,15,0.59,-1,-13,0.42,0,1,1,0,5,high ss1
FG017,160,3,High-Fast,2,25,0.33,-1,-14,0.58,0,1,1,0,5,high ss1
FG017,161,3,High-Fast,2,15,0.7,-1,-15,0.68,0,0,0,1,5,high ss1
FG017,162,3,High-Fast,1,25,0.8,-1,-16,0.31,0,1,1,0,5,high ss1
FG017,163,3,High-Fast,3,60,0.14,1,-15,0.22,0,1,1,0,5,high ss1
FG017,164,3,High-Fast,3,60,0.39,1,-14,0.1,1,0,0,1,5,high ss1
FG017,165,3,High-Fast,3,60,0.71,-1,-15,0.26,1,0,0,1,5,high ss1
FG017,166,3,High-Fast,3,60,0.9,-1,-16,0.18,0,0,0,1,5,high ss1
FG017,167,3,High-Fast,3,60,0.93,-1,-17,0.3,0,0,0,1,5,high ss1
FG017,168,3,High-Fast,1,25,0.87,-1,-18,0.32,0,1,1,0,5,high ss1
FG017,169,3,High-Fast,2,15,0.39,-1,-19,0.12,0,1,1,0,5,high ss1
FG017,170,3,High-Fast,3,60,0.27,1,-18,1.06,0,1,1,0,5,high ss1
FG017,171,3,High-Fast,3,25,0.42,-1,-19,0.15,1,0,0,1,5,high ss1
FG017,172,3,High-Fast,3,25,0.7,-1,-20,0.65,0,0,0,1,5,high ss1
FG017,173,3,High-Fast,1,15,0.53,-1,-21,1.03,0,1,1,0,5,high ss1
FG017,174,3,High-Fast,2,60,0.34,1,-20,0.46,0,1,1,0,5,high ss1
FG017,175,3,High-Fast,2,60,0.98,-1,-21,0.27,1,0,0,1,5,high ss1
FG017,176,3,High-Fast,1,15,0.87,-1,-22,0.36,0,1,1,0,5,high ss1
FG017,177,3,High-Fast,3,25,0.49,-1,-23,0.43,0,1,1,0,5,high ss1
FG017,178,3,High-Fast,3,25,0.36,-1,-24,0.55,0,0,0,1,5,high ss1
FG017,179,3,High-Fast,2,60,1.0,-1,-25,0.06,0,1,1,0,5,high ss1
FG017,180,3,High-Fast,2,60,0.63,-1,-26,0.21,0,0,0,1,5,high ss1
FG017,181,3,High-Fast,1,60,0.43,1,-25,0.17,0,1,1,0,5,high ss1
FG017,182,3,High-Fast,1,60,0.21,1,-24,0.32,1,0,0,1,5,high ss1
FG017,183,3,High-Fast,1,60,0.36,1,-23,0.23,1,0,0,1,5,high ss1
FG017,184,3,High-Fast,1,60,0.07,1,-22,0.14,1,0,0,1,5,high ss1
FG017,185,3,High-Fast,1,60,0.67,-1,-23,0.08,1,0,0,1,5,high ss1
FG017,186,3,High-Fast,3,25,0.57,-1,-24,0.92,0,1,1,0,5,high ss1
FG017,187,3,High-Fast,2,15,0.47,-1,-25,0.15,0,1,1,0,5,high ss1
FG017,188,3,High-Fast,2,15,0.01,1,-24,0.14,0,0,0,1,5,high ss1
FG017,189,3,High-Fast,2,15,0.9,-1,-25,0.35,1,0,0,1,5,high ss1
FG017,190,3,High-Fast,2,15,0.89,-1,-26,0.02,0,0,0,1,5,high ss1
FG017,191,3,High-Fast,1,15,0.49,-1,-27,0.01,0,1,1,0,5,high ss1
FG017,192,3,High-Fast,3,60,0.71,-1,-28,0.02,0,1,1,0,5,high ss1
FG017,193,3,High-Fast,3,60,0.98,-1,-29,0.13,0,0,0,1,5,high ss1
FG017,194,3,High-Fast,3,60,0.62,-1,-30,0.32,0,0,0,1,5,high ss1
FG017,195,3,High-Fast,1,15,0.47,-1,-31,0.12,0,1,1,0,5,high ss1
FG017,196,3,High-Fast,2,25,0.42,-1,-32,0.37,0,1,1,0,5,high ss1
FG017,197,3,High-Fast,2,25,0.15,1,-31,0.13,0,0,0,1,5,high ss1
FG017,198,3,High-Fast,2,25,0.53,-1,-32,0.14,1,0,0,1,5,high ss1
FG017,199,3,High-Fast,1,15,0.07,1,-31,0.24,0,1,1,0,5,high ss1
FG017,200,3,High-Fast,1,15,0.76,-1,-32,0.17,1,0,0,1,5,high ss1
FG017,51,4,Low-Fast,1,80,0.37,1,-31,1.58,0,0,0,1,5,high ss1
FG017,52,4,Low-Fast,1,80,0.7,1,-30,0.39,1,0,0,1,5,high ss1
FG017,53,4,Low-Fast,1,80,0.92,-1,-31,0.08,1,0,0,1,5,high ss1
FG017,54,4,Low-Fast,3,5,0.42,-1,-32,1.47,0,1,1,0,5,high ss1
FG017,55,4,Low-Fast,2,15,0.75,-1,-33,0.21,0,1,1,0,5,high ss1
FG017,56,4,Low-Fast,1,80,0.51,1,-32,0.14,0,1,1,0,5,high ss1
FG017,57,4,Low-Fast,1,80,0.69,1,-31,0.15,1,0,0,1,5,high ss1
FG017,58,4,Low-Fast,1,80,0.85,-1,-32,0.14,1,0,0,1,5,high ss1
FG017,59,4,Low-Fast,2,15,0.9,-1,-33,0.72,0,1,1,0,5,high ss1
FG017,60,4,Low-Fast,3,5,0.18,-1,-34,0.14,0,1,1,0,5,high ss1
FG017,61,4,Low-Fast,1,15,0.5,-1,-35,0.01,0,1,1,0,5,high ss1
FG017,62,4,Low-Fast,3,80,0.66,1,-34,0.38,0,1,1,0,5,high ss1
FG017,63,4,Low-Fast,3,80,0.05,1,-33,0.16,1,0,0,1,5,high ss1
FG017,64,4,Low-Fast,3,80,0.03,1,-32,0.11,1,0,0,1,5,high ss1
FG017,65,4,Low-Fast,3,80,0.2,1,-31,0.35,1,0,0,1,5,high ss1
FG017,66,4,Low-Fast,3,80,0.1,1,-30,0.03,1,0,0,1,5,high ss1
FG017,67,4,Low-Fast,3,80,0.69,1,-29,0.07,1,0,0,1,5,high ss1
FG017,68,4,Low-Fast,3,80,0.36,1,-28,0.16,1,0,0,1,5,high ss1
FG017,69,4,Low-Fast,3,80,0.14,1,-27,0.31,1,0,0,1,5,high ss1
FG017,70,4,Low-Fast,3,80,0.42,1,-26,0.23,1,0,0,1,5,high ss1
FG017,71,4,Low-Fast,3,15,0.13,1,-25,0.09,1,0,0,1,5,high ss1
FG017,72,4,Low-Fast,3,15,0.38,-1,-26,0.23,1,0,0,1,5,high ss1
FG017,73,4,Low-Fast,1,5,0.83,-1,-27,0.33,0,1,1,0,5,high ss1
FG017,74,4,Low-Fast,2,80,0.06,1,-26,0.01,0,1,1,0,5,high ss1
FG017,75,4,Low-Fast,2,80,0.0,1,-25,0.08,1,0,0,1,5,high ss1
FG017,76,4,Low-Fast,2,80,0.38,1,-24,0.11,1,0,0,1,5,high ss1
FG017,77,4,Low-Fast,2,80,0.8,-1,-25,0.1,1,0,0,1,5,high ss1
FG017,78,4,Low-Fast,3,15,0.85,-1,-26,0.52,0,1,1,0,5,high ss1
FG017,79,4,Low-Fast,1,5,0.05,-1,-27,0.08,0,1,1,0,5,high ss1
FG017,80,4,Low-Fast,2,80,0.69,1,-26,0.16,0,1,1,0,5,high ss1
FG017,81,4,Low-Fast,2,5,0.4,-1,-27,0.06,1,0,0,1,5,high ss1
FG017,82,4,Low-Fast,2,5,0.35,-1,-28,0.07,0,0,0,1,5,high ss1
FG017,83,4,Low-Fast,3,15,0.25,-1,-29,0.04,0,1,1,0,5,high ss1
FG017,84,4,Low-Fast,3,15,0.01,1,-28,0.1,0,0,0,1,5,high ss1
FG017,85,4,Low-Fast,3,15,0.66,-1,-29,0.11,1,0,0,1,5,high ss1
FG017,86,4,Low-Fast,1,80,0.13,1,-28,0.17,0,1,1,0,5,high ss1
FG017,87,4,Low-Fast,1,80,0.01,1,-27,0.04,1,0,0,1,5,high ss1
FG017,88,4,Low-Fast,1,80,0.95,-1,-28,0.05,1,0,0,1,5,high ss1
FG017,89,4,Low-Fast,1,80,0.91,-1,-29,0.05,0,0,0,1,5,high ss1
FG017,90,4,Low-Fast,2,5,0.12,-1,-30,0.01,0,1,1,0,5,high ss1
FG017,91,4,Low-Fast,3,5,0.45,-1,-31,0.11,0,1,1,0,5,high ss1
FG017,92,4,Low-Fast,1,15,0.9,-1,-32,0.19,0,1,1,0,5,high ss1
FG017,93,4,Low-Fast,2,80,0.93,-1,-33,0.24,0,1,1,0,5,high ss1
FG017,94,4,Low-Fast,3,5,0.75,-1,-34,0.14,0,1,1,0,5,high ss1
FG017,95,4,Low-Fast,1,15,0.81,-1,-35,0.63,0,1,1,0,5,high ss1
FG017,96,4,Low-Fast,2,80,0.83,-1,-36,0.01,0,1,1,0,5,high ss1
FG017,97,4,Low-Fast,3,5,0.17,-1,-37,0.01,0,1,1,0,5,high ss1
FG017,98,4,Low-Fast,1,15,0.35,-1,-38,0.53,0,1,1,0,5,high ss1
FG017,99,4,Low-Fast,2,80,0.76,1,-37,0.11,0,1,1,0,5,high ss1
FG017,100,4,Low-Fast,2,80,0.02,1,-36,0.11,1,0,0,1,5,high ss1
FG030,101,1,High-Slow,2,25,0.82,-1,-1,5.02,0,0,0,0,7,high ss1
FG030,102,1,High-Slow,3,15,0.95,-1,-2,2.78,0,1,1,0,7,high ss1
FG030,103,1,High-Slow,1,60,0.41,1,-1,1.46,0,1,1,0,7,high ss1
FG030,104,1,High-Slow,1,60,0.33,1,0,1.16,1,0,0,1,7,high ss1
FG030,105,1,High-Slow,1,60,0.61,-1,-1,10.54,1,0,0,1,7,high ss1
FG030,106,1,High-Slow,2,25,0.01,1,0,0.63,0,1,1,0,7,high ss1
FG030,107,1,High-Slow,2,25,0.98,-1,-1,0.55,1,0,0,1,7,high ss1
FG030,108,1,High-Slow,3,15,0.31,-1,-2,1.2,0,1,1,0,7,high ss1
FG030,109,1,High-Slow,3,15,0.9,-1,-3,0.49,0,0,0,1,7,high ss1
FG030,110,1,High-Slow,3,15,0.64,-1,-4,0.73,0,0,0,1,7,high ss1
FG030,111,1,High-Slow,1,60,0.7,-1,-5,0.52,0,1,1,0,7,high ss1
FG030,112,1,High-Slow,1,60,0.49,1,-4,0.32,0,0,0,1,7,high ss1
FG030,113,1,High-Slow,1,60,0.63,-1,-5,0.65,1,0,0,1,7,high ss1
FG030,114,1,High-Slow,2,25,0.0,1,-4,1.0,0,1,1,0,7,high ss1
FG030,115,1,High-Slow,1,60,0.96,-1,-5,0.08,0,0,1,0,7,high ss1
FG030,116,1,High-Slow,2,25,0.07,1,-4,0.14,0,1,1,0,7,high ss1
FG030,117,1,High-Slow,2,25,0.69,-1,-5,0.34,1,0,0,1,7,high ss1
FG030,118,1,High-Slow,1,60,0.31,1,-4,0.47,0,1,1,0,7,high ss1
FG030,119,1,High-Slow,1,60,0.04,1,-3,1.1,1,0,0,1,7,high ss1
FG030,120,1,High-Slow,1,60,0.38,1,-2,0.65,1,0,0,1,7,high ss1
FG030,121,1,High-Slow,1,60,0.82,-1,-3,0.16,1,0,0,1,7,high ss1
FG030,122,1,High-Slow,3,15,0.91,-1,-4,0.63,0,1,1,0,7,high ss1
FG030,123,1,High-Slow,2,25,0.89,-1,-5,0.7,0,1,1,0,7,high ss1
FG030,124,1,High-Slow,2,25,0.46,-1,-6,0.79,0,0,0,1,7,high ss1
FG030,125,1,High-Slow,2,25,0.54,-1,-7,0.83,0,0,0,1,7,high ss1
FG030,126,1,High-Slow,1,15,0.21,-1,-8,0.32,0,1,1,0,7,high ss1
FG030,127,1,High-Slow,3,25,0.84,-1,-9,0.58,0,1,1,0,7,high ss1
FG030,128,1,High-Slow,1,15,0.32,-1,-10,1.26,0,1,1,0,7,high ss1
FG030,129,1,High-Slow,1,15,0.46,-1,-11,0.85,0,0,0,1,7,high ss1
FG030,130,1,High-Slow,2,60,0.29,1,-10,1.13,0,1,1,0,7,high ss1
FG030,131,1,High-Slow,2,60,0.68,-1,-11,0.8,1,0,0,1,7,high ss1
FG030,132,1,High-Slow,1,15,0.94,-1,-12,1.16,0,1,1,0,7,high ss1
FG030,133,1,High-Slow,1,15,0.76,-1,-13,0.67,0,0,0,1,7,high ss1
FG030,134,1,High-Slow,2,60,0.06,1,-12,0.78,0,1,1,0,7,high ss1
FG030,135,1,High-Slow,2,60,0.55,1,-11,0.94,1,0,0,1,7,high ss1
FG030,136,1,High-Slow,2,60,0.02,1,-10,0.63,1,0,0,1,7,high ss1
FG030,137,1,High-Slow,2,60,0.68,-1,-11,0.4,1,0,0,1,7,high ss1
FG030,138,1,High-Slow,1,15,0.52,-1,-12,0.2,0,1,1,0,7,high ss1
FG030,139,1,High-Slow,3,25,0.91,-1,-13,0.39,0,1,1,0,7,high ss1
FG030,140,1,High-Slow,2,60,0.11,1,-12,0.51,0,1,1,0,7,high ss1
FG030,141,1,High-Slow,2,60,0.45,1,-11,0.36,1,0,0,1,7,high ss1
FG030,142,1,High-Slow,2,60,0.51,1,-10,0.41,1,0,0,1,7,high ss1
FG030,143,1,High-Slow,2,60,0.24,1,-9,0.38,1,0,0,1,7,high ss1
FG030,144,1,High-Slow,2,60,0.08,1,-8,0.35,1,0,0,1,7,high ss1
FG030,145,1,High-Slow,2,60,0.87,-1,-9,0.26,1,0,0,1,7,high ss1
FG030,146,1,High-Slow,2,60,0.18,1,-8,0.25,0,0,0,1,7,high ss1
FG030,147,1,High-Slow,2,60,0.09,1,-7,0.24,1,0,0,1,7,high ss1
FG030,148,1,High-Slow,2,60,0.82,-1,-8,0.15,1,0,0,1,7,high ss1
FG030,149,1,High-Slow,2,60,0.39,1,-7,0.37,0,0,0,1,7,high ss1
FG030,150,1,High-Slow,2,60,0.53,1,-6,0.26,1,0,0,1,7,high ss1
FG030,51,2,Low-Fast,2,15,0.16,-1,-7,2.25,1,0,0,1,7,high ss1
FG030,52,2,Low-Fast,2,15,0.75,-1,-8,0.72,0,0,0,1,7,high ss1
FG030,53,2,Low-Fast,1,80,0.49,1,-7,1.01,0,1,1,0,7,high ss1
FG030,54,2,Low-Fast,1,80,0.9,-1,-8,0.59,1,0,0,1,7,high ss1
FG030,55,2,Low-Fast,1,80,0.49,1,-7,0.42,0,0,0,1,7,high ss1
FG030,56,2,Low-Fast,1,80,0.19,1,-6,0.3,1,0,0,1,7,high ss1
FG030,57,2,Low-Fast,1,80,0.52,1,-5,0.23,1,0,0,1,7,high ss1
FG030,58,2,Low-Fast,1,80,0.38,1,-4,0.23,1,0,0,1,7,high ss1
FG030,59,2,Low-Fast,1,80,0.55,1,-3,0.41,1,0,0,1,7,high ss1
FG030,60,2,Low-Fast,1,80,0.72,1,-2,0.34,1,0,0,1,7,high ss1
FG030,61,2,Low-Fast,1,15,0.05,1,-1,0.67,1,0,0,1,7,high ss1
FG030,62,2,Low-Fast,1,15,0.63,-1,-2,0.41,1,0,0,1,7,high ss1
FG030,63,2,Low-Fast,1,15,0.76,-1,-3,0.49,0,0,0,1,7,high ss1
FG030,64,2,Low-Fast,2,5,0.99,-1,-4,0.02,0,1,1,0,7,high ss1
FG030,65,2,Low-Fast,3,80,0.25,1,-3,0.36,0,1,1,0,7,high ss1
FG030,66,2,Low-Fast,3,80,0.42,1,-2,0.41,1,0,0,1,7,high ss1
FG030,67,2,Low-Fast,3,80,0.73,1,-1,0.3,1,0,0,1,7,high ss1
FG030,68,2,Low-Fast,3,80,0.76,1,0,0.27,1,0,0,1,7,high ss1
FG030,69,2,Low-Fast,3,80,0.44,1,1,0.26,1,0,0,1,7,high ss1
FG030,70,2,Low-Fast,3,80,0.74,1,2,0.31,1,0,0,1,7,high ss1
FG030,71,2,Low-Fast,3,15,0.73,-1,1,0.19,1,0,0,1,7,high ss1
FG030,72,2,Low-Fast,1,5,0.67,-1,0,0.1,0,1,1,0,7,high ss1
FG030,73,2,Low-Fast,3,15,0.35,-1,-1,0.97,0,1,1,0,7,high ss1
FG030,74,2,Low-Fast,2,80,0.42,1,0,0.31,0,1,1,0,7,high ss1
FG030,75,2,Low-Fast,2,80,0.08,1,1,0.52,1,0,0,1,7,high ss1
FG030,76,2,Low-Fast,2,80,0.18,1,2,0.37,1,0,0,1,7,high ss1
FG030,77,2,Low-Fast,2,80,0.26,1,3,0.38,1,0,0,1,7,high ss1
FG030,78,2,Low-Fast,2,80,0.84,-1,2,0.28,1,0,0,1,7,high ss1
FG030,79,2,Low-Fast,1,5,0.57,-1,1,0.28,0,1,1,0,7,high ss1
FG030,80,2,Low-Fast,3,15,0.48,-1,0,0.38,0,1,1,0,7,high ss1
FG030,81,2,Low-Fast,2,5,0.28,-1,-1,0.12,0,1,1,0,7,high ss1
FG030,82,2,Low-Fast,1,80,0.88,-1,-2,0.35,0,1,1,0,7,high ss1
FG030,83,2,Low-Fast,1,80,0.69,1,-1,0.55,0,0,0,1,7,high ss1
FG030,84,2,Low-Fast,1,80,0.03,1,0,0.31,1,0,0,1,7,high ss1
FG030,85,2,Low-Fast,1,80,0.07,1,1,0.54,1,0,0,1,7,high ss1
FG030,86,2,Low-Fast,1,80,0.5,1,2,0.23,1,0,0,1,7,high ss1
FG030,87,2,Low-Fast,1,80,0.43,1,3,0.45,1,0,0,1,7,high ss1
FG030,88,2,Low-Fast,1,80,0.18,1,4,0.11,1,0,0,1,7,high ss1
FG030,89,2,Low-Fast,1,80,0.46,1,5,0.26,1,0,0,1,7,high ss1
FG030,90,2,Low-Fast,1,80,0.85,-1,4,0.08,1,0,0,1,7,high ss1
FG030,91,2,Low-Fast,3,5,0.55,-1,3,0.36,0,1,1,0,7,high ss1
FG030,92,2,Low-Fast,3,5,0.68,-1,2,0.53,0,0,0,1,7,high ss1
FG030,93,2,Low-Fast,2,80,0.65,1,3,0.07,0,1,1,0,7,high ss1
FG030,94,2,Low-Fast,2,80,0.45,1,4,0.36,1,0,0,1,7,high ss1
FG030,95,2,Low-Fast,2,80,0.21,1,5,0.01,1,0,0,1,7,high ss1
FG030,96,2,Low-Fast,2,80,0.59,1,6,0.17,1,0,0,1,7,high ss1
FG030,97,2,Low-Fast,2,80,0.88,-1,5,0.01,1,0,0,1,7,high ss1
FG030,98,2,Low-Fast,3,5,0.18,-1,4,0.3,0,1,1,0,7,high ss1
FG030,99,2,Low-Fast,1,15,0.61,-1,3,0.07,0,1,1,0,7,high ss1
FG030,100,2,Low-Fast,3,5,0.07,-1,2,0.1,0,1,1,0,7,high ss1
FG030,151,3,High-Fast,1,60,0.37,1,3,1.77,0,1,1,0,7,high ss1
FG030,152,3,High-Fast,1,60,0.66,-1,2,0.02,1,0,0,1,7,high ss1
FG030,153,3,High-Fast,2,25,0.84,-1,1,0.32,0,1,1,0,7,high ss1
FG030,154,3,High-Fast,2,25,0.17,1,2,0.01,0,0,0,1,7,high ss1
FG030,155,3,High-Fast,2,25,0.01,1,3,0.18,1,0,0,1,7,high ss1
FG030,156,3,High-Fast,2,25,0.31,-1,2,0.01,1,0,0,1,7,high ss1
FG030,157,3,High-Fast,1,60,0.81,-1,1,0.34,0,1,1,0,7,high ss1
FG030,158,3,High-Fast,3,15,0.18,-1,0,0.68,0,1,1,0,7,high ss1
FG030,159,3,High-Fast,3,15,0.7,-1,-1,0.29,0,0,0,1,7,high ss1
FG030,160,3,High-Fast,2,25,0.56,-1,-2,0.24,0,1,1,0,7,high ss1
FG030,161,3,High-Fast,1,25,0.99,-1,-3,0.1,0,1,1,0,7,high ss1
FG030,162,3,High-Fast,3,60,0.08,1,-2,0.87,0,1,1,0,7,high ss1
FG030,163,3,High-Fast,3,60,0.77,-1,-3,0.34,1,0,0,1,7,high ss1
FG030,164,3,High-Fast,2,15,0.71,-1,-4,0.43,0,1,1,0,7,high ss1
FG030,165,3,High-Fast,2,15,0.0,1,-3,0.37,0,0,0,1,7,high ss1
FG030,166,3,High-Fast,2,15,0.29,-1,-4,0.32,1,0,0,1,7,high ss1
FG030,167,3,High-Fast,1,25,0.38,-1,-5,0.13,0,1,1,0,7,high ss1
FG030,168,3,High-Fast,3,60,0.78,-1,-6,0.27,0,1,1,0,7,high ss1
FG030,169,3,High-Fast,3,60,0.02,1,-5,0.26,0,0,0,1,7,high ss1
FG030,170,3,High-Fast,3,60,0.08,1,-4,0.25,1,0,0,1,7,high ss1
FG030,171,3,High-Fast,3,25,0.65,-1,-5,0.16,1,0,0,1,7,high ss1
FG030,172,3,High-Fast,2,60,0.6,-1,-6,0.3,0,1,1,0,7,high ss1
FG030,173,3,High-Fast,2,60,0.38,1,-5,0.16,0,0,0,1,7,high ss1
FG030,174,3,High-Fast,2,60,0.43,1,-4,0.15,1,0,0,1,7,high ss1
FG030,175,3,High-Fast,2,60,0.35,1,-3,0.23,1,0,0,1,7,high ss1
FG030,176,3,High-Fast,2,60,0.46,1,-2,0.01,1,0,0,1,7,high ss1
FG030,177,3,High-Fast,2,60,0.14,1,-1,0.14,1,0,0,1,7,high ss1
FG030,178,3,High-Fast,2,60,0.84,-1,-2,0.37,1,0,0,1,7,high ss1
FG030,179,3,High-Fast,1,15,0.17,-1,-3,0.12,0,1,1,0,7,high ss1
FG030,180,3,High-Fast,1,15,0.37,-1,-4,0.3,0,0,0,1,7,high ss1
FG030,181,3,High-Fast,3,25,0.47,-1,-5,0.37,0,1,1,0,7,high ss1
FG030,182,3,High-Fast,3,25,0.36,-1,-6,0.15,0,0,0,1,7,high ss1
FG030,183,3,High-Fast,2,15,0.96,-1,-7,0.43,0,1,1,0,7,high ss1
FG030,184,3,High-Fast,1,60,0.65,-1,-8,0.17,0,1,1,0,7,high ss1
FG030,185,3,High-Fast,3,25,0.26,-1,-9,0.48,0,1,1,0,7,high ss1
FG030,186,3,High-Fast,3,25,0.65,-1,-10,0.5,0,0,0,1,7,high ss1
FG030,187,3,High-Fast,2,15,0.56,-1,-11,0.25,0,1,1,0,7,high ss1
FG030,188,3,High-Fast,1,60,0.33,1,-10,0.49,0,1,1,0,7,high ss1
FG030,189,3,High-Fast,1,60,0.66,-1,-11,0.29,1,0,0,1,7,high ss1
FG030,190,3,High-Fast,3,25,0.45,-1,-12,0.5,0,1,1,0,7,high ss1
FG030,191,3,High-Fast,3,60,0.27,1,-11,0.17,0,0,0,1,7,high ss1
FG030,192,3,High-Fast,3,60,0.95,-1,-12,0.33,1,0,0,1,7,high ss1
FG030,193,3,High-Fast,3,60,0.68,-1,-13,0.31,0,0,0,1,7,high ss1
FG030,194,3,High-Fast,2,25,0.27,-1,-14,0.34,0,1,1,0,7,high ss1
FG030,195,3,High-Fast,2,25,0.3,-1,-15,0.57,0,0,0,1,7,high ss1
FG030,196,3,High-Fast,2,25,0.92,-1,-16,0.14,0,0,0,1,7,high ss1
FG030,197,3,High-Fast,1,15,0.08,1,-15,0.44,0,1,1,0,7,high ss1
FG030,198,3,High-Fast,1,15,0.41,-1,-16,0.51,1,0,0,1,7,high ss1
FG030,199,3,High-Fast,3,60,0.91,-1,-17,0.56,0,1,1,0,7,high ss1
FG030,200,3,High-Fast,3,60,0.28,1,-16,0.29,0,0,0,1,7,high ss1
FG030,1,4,Low-Slow,3,5,0.69,-1,-17,1.3,1,0,0,1,7,high ss1
FG030,2,4,Low-Slow,1,80,0.02,1,-16,0.63,0,1,1,0,7,high ss1
FG030,3,4,Low-Slow,1,80,0.26,1,-15,0.68,1,0,0,1,7,high ss1
FG030,4,4,Low-Slow,1,80,0.15,1,-14,0.53,1,0,0,1,7,high ss1
FG030,5,4,Low-Slow,1,80,0.31,1,-13,0.09,1,0,0,1,7,high ss1
FG030,6,4,Low-Slow,1,80,0.3,1,-12,0.35,1,0,0,1,7,high ss1
FG030,7,4,Low-Slow,1,80,0.98,-1,-13,0.38,1,0,0,1,7,high ss1
FG030,8,4,Low-Slow,2,15,0.15,1,-12,0.65,0,1,1,0,7,high ss1
FG030,9,4,Low-Slow,2,15,0.44,-1,-13,0.3,1,0,0,1,7,high ss1
FG030,10,4,Low-Slow,3,5,0.05,-1,-14,0.25,0,1,1,0,7,high ss1
FG030,11,4,Low-Slow,3,5,0.36,-1,-15,0.21,0,0,0,1,7,high ss1
FG030,12,4,Low-Slow,3,5,0.07,-1,-16,0.43,0,0,0,1,7,high ss1
FG030,13,4,Low-Slow,1,80,0.34,1,-15,0.02,0,1,1,0,7,high ss1
FG030,14,4,Low-Slow,1,80,0.1,1,-14,0.3,1,0,0,1,7,high ss1
FG030,15,4,Low-Slow,1,80,0.44,1,-13,0.23,1,0,0,1,7,high ss1
FG030,16,4,Low-Slow,1,80,0.34,1,-12,0.24,1,0,0,1,7,high ss1
FG030,17,4,Low-Slow,1,80,0.79,1,-11,0.31,1,0,0,1,7,high ss1
FG030,18,4,Low-Slow,1,80,0.53,1,-10,0.4,1,0,0,1,7,high ss1
FG030,19,4,Low-Slow,1,80,0.35,1,-9,0.11,1,0,0,1,7,high ss1
FG030,20,4,Low-Slow,1,80,0.35,1,-8,0.01,1,0,0,1,7,high ss1
FG030,21,4,Low-Slow,1,80,0.45,1,-7,0.01,1,0,0,1,7,high ss1
FG030,22,4,Low-Slow,1,80,0.24,1,-6,0.03,1,0,0,1,7,high ss1
FG030,23,4,Low-Slow,1,80,0.05,1,-5,0.47,1,0,0,1,7,high ss1
FG030,24,4,Low-Slow,1,80,0.75,1,-4,0.23,1,0,0,1,7,high ss1
FG030,25,4,Low-Slow,1,15,0.02,1,-3,0.06,1,0,0,1,7,high ss1
FG030,26,4,Low-Slow,1,15,0.42,-1,-4,0.18,1,0,0,1,7,high ss1
FG030,27,4,Low-Slow,2,5,0.68,-1,-5,0.02,0,1,1,0,7,high ss1
FG030,28,4,Low-Slow,3,80,0.61,1,-4,0.15,0,1,1,0,7,high ss1
FG030,29,4,Low-Slow,3,80,0.53,1,-3,0.42,1,0,0,1,7,high ss1
FG030,30,4,Low-Slow,3,80,0.24,1,-2,0.34,1,0,0,1,7,high ss1
FG030,31,4,Low-Slow,3,80,0.45,1,-1,0.38,1,0,0,1,7,high ss1
FG030,32,4,Low-Slow,3,80,0.38,1,0,0.99,1,0,0,1,7,high ss1
FG030,33,4,Low-Slow,3,80,0.9,-1,-1,0.72,1,0,0,1,7,high ss1
FG030,34,4,Low-Slow,1,15,0.84,-1,-2,0.19,0,1,1,0,7,high ss1
FG030,35,4,Low-Slow,1,15,0.24,-1,-3,0.38,0,0,0,1,7,high ss1
FG030,36,4,Low-Slow,2,5,0.57,-1,-4,0.2,0,1,1,0,7,high ss1
FG030,37,4,Low-Slow,3,80,0.7,1,-3,0.58,0,1,1,0,7,high ss1
FG030,38,4,Low-Slow,3,80,0.24,1,-2,0.66,1,0,0,1,7,high ss1
FG030,39,4,Low-Slow,3,80,0.76,1,-1,0.39,1,0,0,1,7,high ss1
FG030,40,4,Low-Slow,3,80,0.29,1,0,0.09,1,0,0,1,7,high ss1
FG030,41,4,Low-Slow,3,80,0.03,1,1,0.04,1,0,0,1,7,high ss1
FG030,42,4,Low-Slow,3,80,0.06,1,2,0.34,1,0,0,1,7,high ss1
FG030,43,4,Low-Slow,3,80,0.58,1,3,0.29,1,0,0,1,7,high ss1
FG030,44,4,Low-Slow,3,80,0.15,1,4,0.26,1,0,0,1,7,high ss1
FG030,45,4,Low-Slow,3,80,0.13,1,5,0.17,1,0,0,1,7,high ss1
FG030,46,4,Low-Slow,3,80,0.99,-1,4,0.17,1,0,0,1,7,high ss1
FG030,47,4,Low-Slow,2,5,0.66,-1,3,0.29,0,1,1,0,7,high ss1
FG030,48,4,Low-Slow,1,15,0.8,-1,2,0.04,0,1,1,0,7,high ss1
FG030,49,4,Low-Slow,1,15,0.38,-1,1,0.03,0,0,0,1,7,high ss1
FG030,50,4,Low-Slow,3,80,0.02,1,2,0.29,0,1,1,0,7,high ss1
FG032,151,1,High-Fast,3,15,0.37,-1,-1,3.5,0,0,0,0,3,low ss1
FG032,152,1,High-Fast,3,15,0.2,-1,-2,0.95,0,0,0,1,3,low ss1
FG032,153,1,High-Fast,1,60,0.43,1,-1,1.09,0,1,1,0,3,low ss1
FG032,154,1,High-Fast,1,60,0.06,1,0,0.49,1,0,0,1,3,low ss1
FG032,155,1,High-Fast,1,60,0.03,1,1,0.07,1,0,0,1,3,low ss1
FG032,156,1,High-Fast,1,60,0.84,-1,0,0.47,1,0,0,1,3,low ss1
FG032,157,1,High-Fast,1,60,0.24,1,1,0.11,0,0,0,1,3,low ss1
FG032,158,1,High-Fast,1,60,0.47,1,2,0.2,1,0,0,1,3,low ss1
FG032,159,1,High-Fast,1,60,0.51,1,3,0.43,1,0,0,1,3,low ss1
FG032,160,1,High-Fast,1,60,0.44,1,4,0.29,1,0,0,1,3,low ss1
FG032,161,1,High-Fast,1,25,0.83,-1,3,0.09,1,0,0,1,3,low ss1
FG032,162,1,High-Fast,3,60,0.87,-1,2,1.04,0,1,1,0,3,low ss1
FG032,163,1,High-Fast,3,60,0.21,1,3,0.01,0,0,0,1,3,low ss1
FG032,164,1,High-Fast,3,60,0.23,1,4,0.11,1,0,0,1,3,low ss1
FG032,165,1,High-Fast,3,60,0.79,-1,3,0.01,1,0,0,1,3,low ss1
FG032,166,1,High-Fast,2,15,0.77,-1,2,0.7,0,1,1,0,3,low ss1
FG032,167,1,High-Fast,3,60,0.42,1,3,0.56,0,1,1,0,3,low ss1
FG032,168,1,High-Fast,3,60,0.42,1,4,0.04,1,0,0,1,3,low ss1
FG032,169,1,High-Fast,3,60,0.77,-1,3,0.02,1,0,0,1,3,low ss1
FG032,170,1,High-Fast,1,25,0.8,-1,2,0.45,0,1,1,0,3,low ss1
FG032,171,1,High-Fast,1,15,0.77,-1,1,0.01,0,0,0,1,3,low ss1
FG032,172,1,High-Fast,1,15,0.83,-1,0,0.13,0,0,0,1,3,low ss1
FG032,173,1,High-Fast,2,60,0.83,-1,-1,0.58,0,1,1,0,3,low ss1
FG032,174,1,High-Fast,2,60,0.03,1,0,0.37,0,0,0,1,3,low ss1
FG032,175,1,High-Fast,2,60,0.35,1,1,0.47,1,0,0,1,3,low ss1
FG032,176,1,High-Fast,3,25,0.63,-1,0,1.49,0,0,1,0,3,low ss1
FG032,177,1,High-Fast,3,25,0.78,-1,-1,0.88,0,0,0,1,3,low ss1
FG032,178,1,High-Fast,3,25,0.62,-1,-2,0.74,0,0,0,1,3,low ss1
FG032,179,1,High-Fast,3,25,0.76,-1,-3,1.1,0,0,0,1,3,low ss1
FG032,180,1,High-Fast,1,15,0.11,1,-2,0.34,0,1,1,0,3,low ss1
FG032,181,1,High-Fast,1,60,0.05,1,-1,0.8,1,0,0,1,3,low ss1
FG032,182,1,High-Fast,1,60,0.68,-1,-2,0.14,1,0,0,1,3,low ss1
FG032,183,1,High-Fast,3,25,0.01,1,-1,0.81,0,1,1,0,3,low ss1
FG032,184,1,High-Fast,3,25,0.11,1,0,0.4,1,0,0,1,3,low ss1
FG032,185,1,High-Fast,3,25,0.06,1,1,0.02,1,0,0,1,3,low ss1
FG032,186,1,High-Fast,3,25,0.79,-1,0,0.02,1,0,0,1,3,low ss1
FG032,187,1,High-Fast,3,25,0.49,-1,-1,0.02,0,0,0,1,3,low ss1
FG032,188,1,High-Fast,3,25,0.52,-1,-2,0.13,0,0,0,1,3,low ss1
FG032,189,1,High-Fast,3,25,0.62,-1,-3,0.01,0,0,0,1,3,low ss1
FG032,190,1,High-Fast,2,15,0.72,-1,-4,0.16,0,1,1,0,3,low ss1
FG032,191,1,High-Fast,2,25,0.8,-1,-5,0.01,0,0,0,1,3,low ss1
FG032,192,1,High-Fast,1,15,0.3,-1,-6,0.28,0,1,1,0,3,low ss1
FG032,193,1,High-Fast,1,15,0.94,-1,-7,0.41,0,0,0,1,3,low ss1
FG032,194,1,High-Fast,3,60,0.38,1,-6,0.23,0,1,1,0,3,low ss1
FG032,195,1,High-Fast,3,60,0.87,-1,-7,0.4,1,0,0,1,3,low ss1
FG032,196,1,High-Fast,2,25,0.58,-1,-8,0.42,0,1,1,0,3,low ss1
FG032,197,1,High-Fast,3,60,0.65,-1,-9,0.01,0,1,1,0,3,low ss1
FG032,198,1,High-Fast,2,25,0.38,-1,-10,0.01,0,1,1,0,3,low ss1
FG032,199,1,High-Fast,3,60,0.1,1,-9,0.49,0,1,1,0,3,low ss1
FG032,200,1,High-Fast,3,60,0.03,1,-8,0.55,1,0,0,1,3,low ss1
FG032,1,2,Low-Slow,3,5,0.87,-1,-9,0.98,1,0,0,1,3,low ss1
FG032,2,2,Low-Slow,2,15,0.54,-1,-10,0.02,0,1,1,0,3,low ss1
FG032,3,2,Low-Slow,2,15,0.58,-1,-11,0.02,0,0,0,1,3,low ss1
FG032,4,2,Low-Slow,2,15,0.83,-1,-12,0.01,0,0,0,1,3,low ss1
FG032,5,2,Low-Slow,1,80,0.69,1,-11,0.01,0,1,1,0,3,low ss1
FG032,6,2,Low-Slow,1,80,0.72,1,-10,0.01,1,0,0,1,3,low ss1
FG032,7,2,Low-Slow,1,80,0.64,1,-9,0.35,1,0,0,1,3,low ss1
FG032,8,2,Low-Slow,1,80,0.06,1,-8,0.01,1,0,0,1,3,low ss1
FG032,9,2,Low-Slow,1,80,0.1,1,-7,0.35,1,0,0,1,3,low ss1
FG032,10,2,Low-Slow,1,80,0.24,1,-6,0.01,1,0,0,1,3,low ss1
FG032,11,2,Low-Slow,1,80,0.24,1,-5,0.02,1,0,0,1,3,low ss1
FG032,12,2,Low-Slow,1,80,0.86,-1,-6,0.01,1,0,0,1,3,low ss1
FG032,13,2,Low-Slow,1,80,0.17,1,-5,0.01,0,0,0,1,3,low ss1
FG032,14,2,Low-Slow,1,80,0.88,-1,-6,0.31,1,0,0,1,3,low ss1
FG032,15,2,Low-Slow,3,5,0.84,-1,-7,0.37,0,1,1,0,3,low ss1
FG032,16,2,Low-Slow,3,5,0.18,-1,-8,0.01,0,0,0,1,3,low ss1
FG032,17,2,Low-Slow,3,5,0.23,-1,-9,0.01,0,0,0,1,3,low ss1
FG032,18,2,Low-Slow,3,5,0.06,-1,-10,0.01,0,0,0,1,3,low ss1
FG032,19,2,Low-Slow,3,5,0.96,-1,-11,0.01,0,0,0,1,3,low ss1
FG032,20,2,Low-Slow,2,15,0.99,-1,-12,0.4,0,1,1,0,3,low ss1
FG032,21,2,Low-Slow,2,15,0.23,-1,-13,0.01,0,0,0,1,3,low ss1
FG032,22,2,Low-Slow,1,80,0.95,-1,-14,0.34,0,1,1,0,3,low ss1
FG032,23,2,Low-Slow,1,80,0.35,1,-13,0.01,0,0,0,1,3,low ss1
FG032,24,2,Low-Slow,1,80,0.05,1,-12,0.07,1,0,0,1,3,low ss1
FG032,25,2,Low-Slow,2,5,0.23,-1,-13,0.4,0,0,1,0,3,low ss1
FG032,26,2,Low-Slow,1,15,0.29,-1,-14,0.16,0,1,1,0,3,low ss1
FG032,27,2,Low-Slow,1,15,0.23,-1,-15,0.01,0,0,0,1,3,low ss1
FG032,28,2,Low-Slow,3,80,0.73,1,-14,0.11,0,1,1,0,3,low ss1
FG032,29,2,Low-Slow,3,80,0.06,1,-13,0.1,1,0,0,1,3,low ss1
FG032,30,2,Low-Slow,3,80,0.85,-1,-14,0.28,1,0,0,1,3,low ss1
FG032,31,2,Low-Slow,3,80,0.78,1,-13,0.2,0,0,0,1,3,low ss1
FG032,32,2,Low-Slow,3,80,0.63,1,-12,0.36,1,0,0,1,3,low ss1
FG032,33,2,Low-Slow,3,80,0.04,1,-11,0.1,1,0,0,1,3,low ss1
FG032,34,2,Low-Slow,3,80,0.91,-1,-12,0.02,1,0,0,1,3,low ss1
FG032,35,2,Low-Slow,2,5,0.12,-1,-13,0.47,0,1,1,0,3,low ss1
FG032,36,2,Low-Slow,3,80,0.77,1,-12,0.65,0,1,1,0,3,low ss1
FG032,37,2,Low-Slow,3,80,0.79,1,-11,0.1,1,0,0,1,3,low ss1
FG032,38,2,Low-Slow,3,80,0.66,1,-10,0.01,1,0,0,1,3,low ss1
FG032,39,2,Low-Slow,3,80,0.27,1,-9,0.27,1,0,0,1,3,low ss1
FG032,40,2,Low-Slow,3,80,0.54,1,-8,0.09,1,0,0,1,3,low ss1
FG032,41,2,Low-Slow,3,80,0.31,1,-7,0.01,1,0,0,1,3,low ss1
FG032,42,2,Low-Slow,3,80,0.74,1,-6,0.01,1,0,0,1,3,low ss1
FG032,43,2,Low-Slow,3,80,0.53,1,-5,0.15,1,0,0,1,3,low ss1
FG032,44,2,Low-Slow,3,80,0.24,1,-4,0.02,1,0,0,1,3,low ss1
FG032,45,2,Low-Slow,3,80,0.01,1,-3,0.09,1,0,0,1,3,low ss1
FG032,46,2,Low-Slow,3,80,0.44,1,-2,0.01,1,0,0,1,3,low ss1
FG032,47,2,Low-Slow,3,80,0.92,-1,-3,0.01,1,0,0,1,3,low ss1
FG032,48,2,Low-Slow,3,80,0.43,1,-2,0.37,0,0,0,1,3,low ss1
FG032,49,2,Low-Slow,3,80,0.63,1,-1,0.01,1,0,0,1,3,low ss1
FG032,50,2,Low-Slow,3,80,0.78,1,0,0.01,1,0,0,1,3,low ss1
FG032,51,3,Low-Fast,3,5,0.15,-1,-1,1.03,1,0,0,1,3,low ss1
FG032,52,3,Low-Fast,2,15,0.08,1,0,0.96,0,1,1,0,3,low ss1
FG032,53,3,Low-Fast,2,15,0.69,-1,-1,0.1,1,0,0,1,3,low ss1
FG032,54,3,Low-Fast,2,15,0.45,-1,-2,0.01,0,0,0,1,3,low ss1
FG032,55,3,Low-Fast,2,15,0.72,-1,-3,0.01,0,0,0,1,3,low ss1
FG032,56,3,Low-Fast,1,80,0.86,-1,-4,0.42,0,1,1,0,3,low ss1
FG032,57,3,Low-Fast,1,80,0.32,1,-3,0.01,0,0,0,1,3,low ss1
FG032,58,3,Low-Fast,1,80,0.78,1,-2,0.01,1,0,0,1,3,low ss1
FG032,59,3,Low-Fast,1,80,0.02,1,-1,0.28,1,0,0,1,3,low ss1
FG032,60,3,Low-Fast,1,80,0.77,1,0,0.01,1,0,0,1,3,low ss1
FG032,61,3,Low-Fast,1,15,0.0,1,1,0.02,1,0,0,1,3,low ss1
FG032,62,3,Low-Fast,1,15,0.02,1,2,0.01,1,0,0,1,3,low ss1
FG032,63,3,Low-Fast,1,15,0.15,-1,1,0.01,1,0,0,1,3,low ss1
FG032,64,3,Low-Fast,1,15,0.2,-1,0,0.05,0,0,0,1,3,low ss1
FG032,65,3,Low-Fast,1,15,0.09,1,1,0.02,0,0,0,1,3,low ss1
FG032,66,3,Low-Fast,1,15,0.13,1,2,0.06,1,0,0,1,3,low ss1
FG032,67,3,Low-Fast,1,15,0.02,1,3,0.11,1,0,0,1,3,low ss1
FG032,68,3,Low-Fast,1,15,0.76,-1,2,0.01,1,0,0,1,3,low ss1
FG032,69,3,Low-Fast,1,15,0.46,-1,1,0.06,0,0,0,1,3,low ss1
FG032,70,3,Low-Fast,1,15,0.69,-1,0,0.01,0,0,0,1,3,low ss1
FG032,71,3,Low-Fast,1,5,0.41,-1,-1,0.02,0,0,0,1,3,low ss1
FG032,72,3,Low-Fast,3,15,0.63,-1,-2,0.24,0,1,1,0,3,low ss1
FG032,73,3,Low-Fast,3,15,0.36,-1,-3,0.02,0,0,0,1,3,low ss1
FG032,74,3,Low-Fast,3,15,0.72,-1,-4,0.01,0,0,0,1,3,low ss1
FG032,75,3,Low-Fast,2,80,0.25,1,-3,0.01,0,1,1,0,3,low ss1
FG032,76,3,Low-Fast,2,80,0.75,1,-2,0.23,1,0,0,1,3,low ss1
FG032,77,3,Low-Fast,2,80,0.9,-1,-3,0.22,1,0,0,1,3,low ss1
FG032,78,3,Low-Fast,2,80,0.39,1,-2,0.02,0,0,0,1,3,low ss1
FG032,79,3,Low-Fast,2,80,0.37,1,-1,0.28,1,0,0,1,3,low ss1
FG032,80,3,Low-Fast,2,80,0.87,-1,-2,0.25,1,0,0,1,3,low ss1
FG032,81,3,Low-Fast,2,5,0.46,-1,-3,0.09,0,0,0,1,3,low ss1
FG032,82,3,Low-Fast,2,5,0.6,-1,-4,0.61,0,0,0,1,3,low ss1
FG032,83,3,Low-Fast,3,15,0.61,-1,-5,0.32,0,1,1,0,3,low ss1
FG032,84,3,Low-Fast,3,15,0.78,-1,-6,0.02,0,0,0,1,3,low ss1
FG032,85,3,Low-Fast,3,15,0.5,-1,-7,0.02,0,0,0,1,3,low ss1
FG032,86,3,Low-Fast,1,80,0.74,1,-6,0.08,0,1,1,0,3,low ss1
FG032,87,3,Low-Fast,1,80,0.05,1,-5,0.01,1,0,0,1,3,low ss1
FG032,88,3,Low-Fast,1,80,0.96,-1,-6,0.02,1,0,0,1,3,low ss1
FG032,89,3,Low-Fast,1,80,1.0,-1,-7,0.02,0,0,0,1,3,low ss1
FG032,90,3,Low-Fast,3,15,0.81,-1,-8,0.01,0,1,1,0,3,low ss1
FG032,91,3,Low-Fast,3,5,0.87,-1,-9,0.01,0,0,0,1,3,low ss1
FG032,92,3,Low-Fast,3,5,0.81,-1,-10,0.22,0,0,0,1,3,low ss1
FG032,93,3,Low-Fast,2,80,0.28,1,-9,0.02,0,1,1,0,3,low ss1
FG032,94,3,Low-Fast,2,80,0.65,1,-8,0.05,1,0,0,1,3,low ss1
FG032,95,3,Low-Fast,2,80,0.78,1,-7,0.08,1,0,0,1,3,low ss1
FG032,96,3,Low-Fast,2,80,0.41,1,-6,0.03,1,0,0,1,3,low ss1
FG032,97,3,Low-Fast,2,80,0.47,1,-5,0.01,1,0,0,1,3,low ss1
FG032,98,3,Low-Fast,2,80,0.12,1,-4,0.01,1,0,0,1,3,low ss1
FG032,99,3,Low-Fast,2,80,0.4,1,-3,0.02,1,0,0,1,3,low ss1
FG032,100,3,Low-Fast,2,80,0.48,1,-2,0.05,1,0,0,1,3,low ss1
FG032,101,4,High-Slow,2,25,0.93,-1,-3,0.65,1,0,0,1,3,low ss1
FG032,102,4,High-Slow,2,25,0.08,1,-2,0.18,0,0,0,1,3,low ss1
FG032,103,4,High-Slow,2,25,0.3,-1,-3,0.02,1,0,0,1,3,low ss1
FG032,104,4,High-Slow,2,25,0.06,1,-2,0.03,0,0,0,1,3,low ss1
FG032,105,4,High-Slow,2,25,0.73,-1,-3,0.01,1,0,0,1,3,low ss1
FG032,106,4,High-Slow,2,25,0.51,-1,-4,0.08,0,0,0,1,3,low ss1
FG032,107,4,High-Slow,2,25,0.03,1,-3,0.01,0,0,0,1,3,low ss1
FG032,108,4,High-Slow,2,25,0.75,-1,-4,0.01,1,0,0,1,3,low ss1
FG032,109,4,High-Slow,2,25,0.02,1,-3,0.01,0,0,0,1,3,low ss1
FG032,110,4,High-Slow,2,25,0.61,-1,-4,0.01,1,0,0,1,3,low ss1
FG032,111,4,High-Slow,2,25,0.73,-1,-5,0.36,0,0,0,1,3,low ss1
FG032,112,4,High-Slow,2,25,0.86,-1,-6,0.03,0,0,0,1,3,low ss1
FG032,113,4,High-Slow,2,25,0.39,-1,-7,0.02,0,0,0,1,3,low ss1
FG032,114,4,High-Slow,3,15,0.12,1,-6,0.32,0,1,1,0,3,low ss1
FG032,115,4,High-Slow,3,15,0.08,1,-5,0.65,1,0,0,1,3,low ss1
FG032,116,4,High-Slow,3,15,0.92,-1,-6,0.04,1,0,0,1,3,low ss1
FG032,117,4,High-Slow,3,15,0.88,-1,-7,0.02,0,0,0,1,3,low ss1
FG032,118,4,High-Slow,3,15,0.85,-1,-8,0.26,0,0,0,1,3,low ss1
FG032,119,4,High-Slow,1,60,0.14,1,-7,0.14,0,1,1,0,3,low ss1
FG032,120,4,High-Slow,1,60,0.71,-1,-8,0.01,1,0,0,1,3,low ss1
FG032,121,4,High-Slow,1,60,0.16,1,-7,0.01,0,0,0,1,3,low ss1
FG032,122,4,High-Slow,1,60,0.22,1,-6,0.08,1,0,0,1,3,low ss1
FG032,123,4,High-Slow,1,60,0.73,-1,-7,0.1,1,0,0,1,3,low ss1
FG032,124,4,High-Slow,1,60,0.48,1,-6,0.01,0,0,0,1,3,low ss1
FG032,125,4,High-Slow,1,60,0.91,-1,-7,0.01,1,0,0,1,3,low ss1
FG032,126,4,High-Slow,1,15,0.91,-1,-8,0.01,0,0,0,1,3,low ss1
FG032,127,4,High-Slow,1,15,0.22,-1,-9,0.18,0,0,0,1,3,low ss1
FG032,128,4,High-Slow,2,60,0.91,-1,-10,0.01,0,1,1,0,3,low ss1
FG032,129,4,High-Slow,2,60,0.24,1,-9,0.01,0,0,0,1,3,low ss1
FG032,130,4,High-Slow,2,60,0.82,-1,-10,0.02,1,0,0,1,3,low ss1
FG032,131,4,High-Slow,2,60,0.63,-1,-11,0.13,0,0,0,1,3,low ss1
FG032,132,4,High-Slow,3,25,0.47,-1,-12,0.34,0,1,1,0,3,low ss1
FG032,133,4,High-Slow,3,25,1.0,-1,-13,0.21,0,0,0,1,3,low ss1
FG032,134,4,High-Slow,1,15,0.43,-1,-14,0.34,0,1,1,0,3,low ss1
FG032,135,4,High-Slow,1,15,0.64,-1,-15,0.01,0,0,0,1,3,low ss1
FG032,136,4,High-Slow,2,60,0.88,-1,-16,0.01,0,1,1,0,3,low ss1
FG032,137,4,High-Slow,2,60,0.41,1,-15,0.05,0,0,0,1,3,low ss1
FG032,138,4,High-Slow,2,60,0.64,-1,-16,0.44,1,0,0,1,3,low ss1
FG032,139,4,High-Slow,2,60,0.12,1,-15,0.01,0,0,0,1,3,low ss1
FG032,140,4,High-Slow,2,60,0.94,-1,-16,0.01,1,0,0,1,3,low ss1
FG032,141,4,High-Slow,2,60,0.72,-1,-17,0.03,0,0,0,1,3,low ss1
FG032,142,4,High-Slow,2,60,0.05,1,-16,0.01,0,0,0,1,3,low ss1
FG032,143,4,High-Slow,2,60,0.57,1,-15,0.01,1,0,0,1,3,low ss1
FG032,144,4,High-Slow,2,60,0.4,1,-14,0.07,1,0,0,1,3,low ss1
FG032,145,4,High-Slow,2,60,0.52,1,-13,0.08,1,0,0,1,3,low ss1
FG032,146,4,High-Slow,2,60,0.23,1,-12,0.15,1,0,0,1,3,low ss1
FG032,147,4,High-Slow,2,60,0.39,1,-11,0.01,1,0,0,1,3,low ss1
FG032,148,4,High-Slow,2,60,0.07,1,-10,0.01,1,0,0,1,3,low ss1
FG032,149,4,High-Slow,2,60,0.35,1,-9,0.01,1,0,0,1,3,low ss1
FG032,150,4,High-Slow,2,60,0.88,-1,-10,0.01,1,0,0,1,3,low ss1
FG033,51,1,Low-Fast,2,15,0.04,1,1,4.13,0,0,0,0,4,high ss1
FG033,52,1,Low-Fast,1,80,0.73,1,2,2.07,0,0,1,0,4,high ss1
FG033,53,1,Low-Fast,3,5,0.78,-1,1,1.1,0,0,1,0,4,high ss1
FG033,54,1,Low-Fast,3,5,0.77,-1,0,1.06,0,0,0,1,4,high ss1
FG033,55,1,Low-Fast,2,15,0.37,-1,-1,1.26,0,1,1,0,4,high ss1
FG033,56,1,Low-Fast,2,15,0.57,-1,-2,1.53,0,0,0,1,4,high ss1
FG033,57,1,Low-Fast,1,80,0.87,-1,-3,0.41,0,1,1,0,4,high ss1
FG033,58,1,Low-Fast,2,15,0.49,-1,-4,1.04,0,1,1,0,4,high ss1
FG033,59,1,Low-Fast,3,5,0.35,-1,-5,2.08,0,1,1,0,4,high ss1
FG033,60,1,Low-Fast,3,5,0.14,-1,-6,1.37,0,0,0,1,4,high ss1
FG033,61,1,Low-Fast,1,15,0.66,-1,-7,0.5,0,1,1,0,4,high ss1
FG033,62,1,Low-Fast,2,5,0.05,1,-6,0.69,0,1,1,0,4,high ss1
FG033,63,1,Low-Fast,1,15,0.27,-1,-7,4.01,0,0,1,0,4,high ss1
FG033,64,1,Low-Fast,2,5,0.98,-1,-8,0.78,0,1,1,0,4,high ss1
FG033,65,1,Low-Fast,3,80,0.6,1,-7,0.3,0,1,1,0,4,high ss1
FG033,66,1,Low-Fast,2,5,0.75,-1,-8,5.42,0,0,1,0,4,high ss1
FG033,67,1,Low-Fast,1,15,0.89,-1,-9,3.33,0,1,1,0,4,high ss1
FG033,68,1,Low-Fast,3,80,0.46,1,-8,1.6,0,1,1,0,4,high ss1
FG033,69,1,Low-Fast,2,5,0.38,-1,-9,6.43,0,0,1,0,4,high ss1
FG033,70,1,Low-Fast,3,80,0.57,1,-8,2.0,0,1,1,0,4,high ss1
FG033,71,1,Low-Fast,1,5,0.53,-1,-9,4.23,0,0,1,0,4,high ss1
FG033,72,1,Low-Fast,3,15,0.9,-1,-10,0.7,0,1,1,0,4,high ss1
FG033,73,1,Low-Fast,2,80,0.43,1,-9,1.22,0,1,1,0,4,high ss1
FG033,74,1,Low-Fast,3,15,0.92,-1,-10,1.83,0,0,1,0,4,high ss1
FG033,75,1,Low-Fast,2,80,0.45,1,-9,0.38,0,1,1,0,4,high ss1
FG033,76,1,Low-Fast,2,80,0.66,1,-8,1.86,1,0,0,1,4,high ss1
FG033,77,1,Low-Fast,2,80,0.17,1,-7,0.83,1,0,0,1,4,high ss1
FG033,78,1,Low-Fast,2,80,0.65,1,-6,0.47,1,0,0,1,4,high ss1
FG033,79,1,Low-Fast,2,80,0.88,-1,-7,1.17,1,0,0,1,4,high ss1
FG033,80,1,Low-Fast,2,80,0.65,1,-6,1.01,0,0,0,1,4,high ss1
FG033,81,1,Low-Fast,2,5,0.77,-1,-7,0.58,1,0,0,1,4,high ss1
FG033,82,1,Low-Fast,2,5,0.25,-1,-8,0.61,0,0,0,1,4,high ss1
FG033,83,1,Low-Fast,1,80,0.68,1,-7,0.7,0,1,1,0,4,high ss1
FG033,84,1,Low-Fast,1,80,0.25,1,-6,0.41,1,0,0,1,4,high ss1
FG033,85,1,Low-Fast,1,80,0.18,1,-5,0.41,1,0,0,1,4,high ss1
FG033,86,1,Low-Fast,1,80,0.0,1,-4,0.18,1,0,0,1,4,high ss1
FG033,87,1,Low-Fast,1,80,0.49,1,-3,1.15,1,0,0,1,4,high ss1
FG033,88,1,Low-Fast,1,80,0.89,-1,-4,0.43,1,0,0,1,4,high ss1
FG033,89,1,Low-Fast,2,5,0.68,-1,-5,1.18,0,1,1,0,4,high ss1
FG033,90,1,Low-Fast,2,5,0.53,-1,-6,0.33,0,0,0,1,4,high ss1
FG033,91,1,Low-Fast,3,5,0.49,-1,-7,0.38,0,1,1,0,4,high ss1
FG033,92,1,Low-Fast,1,15,0.61,-1,-8,1.06,0,1,1,0,4,high ss1
FG033,93,1,Low-Fast,1,15,0.16,-1,-9,0.14,0,0,0,1,4,high ss1
FG033,94,1,Low-Fast,2,80,0.36,1,-8,0.52,0,1,1,0,4,high ss1
FG033,95,1,Low-Fast,2,80,0.35,1,-7,0.26,1,0,0,1,4,high ss1
FG033,96,1,Low-Fast,2,80,0.6,1,-6,0.18,1,0,0,1,4,high ss1
FG033,97,1,Low-Fast,2,80,0.11,1,-5,0.11,1,0,0,1,4,high ss1
FG033,98,1,Low-Fast,2,80,0.72,1,-4,0.31,1,0,0,1,4,high ss1
FG033,99,1,Low-Fast,2,80,0.84,-1,-5,0.71,1,0,0,1,4,high ss1
FG033,100,1,Low-Fast,3,5,0.46,-1,-6,2.5,0,1,1,0,4,high ss1
FG033,101,2,High-Slow,2,25,0.59,-1,-7,7.41,0,1,1,0,4,high ss1
FG033,102,2,High-Slow,1,60,0.6,1,-6,0.88,0,1,1,0,4,high ss1
FG033,103,2,High-Slow,1,60,0.8,-1,-7,0.64,1,0,0,1,4,high ss1
FG033,104,2,High-Slow,3,15,0.14,1,-6,0.37,0,1,1,0,4,high ss1
FG033,105,2,High-Slow,3,15,0.41,-1,-7,1.06,1,0,0,1,4,high ss1
FG033,106,2,High-Slow,2,25,0.54,-1,-8,0.68,0,1,1,0,4,high ss1
FG033,107,2,High-Slow,2,25,0.27,-1,-9,0.55,0,0,0,1,4,high ss1
FG033,108,2,High-Slow,2,25,0.05,1,-8,0.24,0,0,0,1,4,high ss1
FG033,109,2,High-Slow,2,25,0.9,-1,-9,0.47,1,0,0,1,4,high ss1
FG033,110,2,High-Slow,1,60,0.64,-1,-10,0.01,0,1,1,0,4,high ss1
FG033,111,2,High-Slow,1,60,0.81,-1,-11,0.15,0,0,0,1,4,high ss1
FG033,112,2,High-Slow,3,15,0.02,1,-10,1.2,0,1,1,0,4,high ss1
FG033,113,2,High-Slow,3,15,0.1,1,-9,0.27,1,0,0,1,4,high ss1
FG033,114,2,High-Slow,3,15,0.59,-1,-10,0.48,1,0,0,1,4,high ss1
FG033,115,2,High-Slow,3,15,0.93,-1,-11,0.78,0,0,0,1,4,high ss1
FG033,116,2,High-Slow,1,60,0.24,1,-10,0.83,0,1,1,0,4,high ss1
FG033,117,2,High-Slow,1,60,0.91,-1,-11,1.12,1,0,0,1,4,high ss1
FG033,118,2,High-Slow,3,15,0.68,-1,-12,0.5,0,1,1,0,4,high ss1
FG033,119,2,High-Slow,1,60,0.71,-1,-13,1.36,0,1,1,0,4,high ss1
FG033,120,2,High-Slow,3,15,0.77,-1,-14,0.29,0,1,1,0,4,high ss1
FG033,121,2,High-Slow,2,25,0.37,-1,-15,0.03,0,1,1,0,4,high ss1
FG033,122,2,High-Slow,1,60,0.63,-1,-16,0.43,0,1,1,0,4,high ss1
FG033,123,2,High-Slow,2,25,0.47,-1,-17,1.41,0,1,1,0,4,high ss1
FG033,124,2,High-Slow,2,25,0.09,1,-16,0.34,0,0,0,1,4,high ss1
FG033,125,2,High-Slow,2,25,0.45,-1,-17,0.18,1,0,0,1,4,high ss1
FG033,126,2,High-Slow,3,25,0.97,-1,-18,0.68,0,1,1,0,4,high ss1
FG033,127,2,High-Slow,3,25,1.0,-1,-19,1.01,0,0,0,1,4,high ss1
FG033,128,2,High-Slow,3,25,0.5,-1,-20,0.73,0,0,0,1,4,high ss1
FG033,129,2,High-Slow,1,15,0.42,-1,-21,0.41,0,1,1,0,4,high ss1
FG033,130,2,High-Slow,1,15,0.98,-1,-22,0.2,0,0,0,1,4,high ss1
FG033,131,2,High-Slow,1,15,0.61,-1,-23,0.09,0,0,0,1,4,high ss1
FG033,132,2,High-Slow,2,60,0.3,1,-22,0.48,0,1,1,0,4,high ss1
FG033,133,2,High-Slow,2,60,0.42,1,-21,0.17,1,0,0,1,4,high ss1
FG033,134,2,High-Slow,2,60,0.15,1,-20,0.2,1,0,0,1,4,high ss1
FG033,135,2,High-Slow,2,60,0.61,-1,-21,0.25,1,0,0,1,4,high ss1
FG033,136,2,High-Slow,2,60,0.41,1,-20,0.45,0,0,0,1,4,high ss1
FG033,137,2,High-Slow,2,60,0.2,1,-19,0.25,1,0,0,1,4,high ss1
FG033,138,2,High-Slow,2,60,0.53,1,-18,0.75,1,0,0,1,4,high ss1
FG033,139,2,High-Slow,2,60,0.64,-1,-19,0.42,1,0,0,1,4,high ss1
FG033,140,2,High-Slow,3,25,0.41,-1,-20,0.96,0,1,1,0,4,high ss1
FG033,141,2,High-Slow,2,60,0.68,-1,-21,0.21,0,1,1,0,4,high ss1
FG033,142,2,High-Slow,2,60,0.57,1,-20,0.7,0,0,0,1,4,high ss1
FG033,143,2,High-Slow,2,60,0.01,1,-19,0.22,1,0,0,1,4,high ss1
FG033,144,2,High-Slow,2,60,0.82,-1,-20,0.17,1,0,0,1,4,high ss1
FG033,145,2,High-Slow,2,60,0.97,-1,-21,0.14,0,0,0,1,4,high ss1
FG033,146,2,High-Slow,2,60,0.8,-1,-22,0.05,0,0,0,1,4,high ss1
FG033,147,2,High-Slow,2,60,0.06,1,-21,0.17,0,0,0,1,4,high ss1
FG033,148,2,High-Slow,2,60,0.46,1,-20,0.07,1,0,0,1,4,high ss1
FG033,149,2,High-Slow,2,60,0.08,1,-19,0.18,1,0,0,1,4,high ss1
FG033,150,2,High-Slow,2,60,0.66,-1,-20,0.29,1,0,0,1,4,high ss1
FG033,1,3,Low-Slow,2,15,0.14,1,-19,1.73,0,0,0,1,4,high ss1
FG033,2,3,Low-Slow,2,15,0.83,-1,-20,0.47,1,0,0,1,4,high ss1
FG033,3,3,Low-Slow,2,15,0.54,-1,-21,0.34,0,0,0,1,4,high ss1
FG033,4,3,Low-Slow,3,5,0.4,-1,-22,0.41,0,1,1,0,4,high ss1
FG033,5,3,Low-Slow,3,5,0.63,-1,-23,0.18,0,0,0,1,4,high ss1
FG033,6,3,Low-Slow,3,5,0.7,-1,-24,0.2,0,0,0,1,4,high ss1
FG033,7,3,Low-Slow,3,5,0.32,-1,-25,0.09,0,0,0,1,4,high ss1
FG033,8,3,Low-Slow,3,5,0.73,-1,-26,0.45,0,0,0,1,4,high ss1
FG033,9,3,Low-Slow,1,80,0.67,1,-25,0.01,0,1,1,0,4,high ss1
FG033,10,3,Low-Slow,1,80,0.28,1,-24,0.28,1,0,0,1,4,high ss1
FG033,11,3,Low-Slow,1,80,0.45,1,-23,0.7,1,0,0,1,4,high ss1
FG033,12,3,Low-Slow,1,80,0.42,1,-22,0.34,1,0,0,1,4,high ss1
FG033,13,3,Low-Slow,1,80,0.24,1,-21,0.57,1,0,0,1,4,high ss1
FG033,14,3,Low-Slow,1,80,0.75,1,-20,0.37,1,0,0,1,4,high ss1
FG033,15,3,Low-Slow,1,80,0.19,1,-19,0.21,1,0,0,1,4,high ss1
FG033,16,3,Low-Slow,1,80,0.3,1,-18,0.26,1,0,0,1,4,high ss1
FG033,17,3,Low-Slow,1,80,0.44,1,-17,0.2,1,0,0,1,4,high ss1
FG033,18,3,Low-Slow,1,80,0.69,1,-16,0.47,1,0,0,1,4,high ss1
FG033,19,3,Low-Slow,1,80,0.51,1,-15,0.36,1,0,0,1,4,high ss1
FG033,20,3,Low-Slow,1,80,0.62,1,-14,0.42,1,0,0,1,4,high ss1
FG033,21,3,Low-Slow,1,80,0.13,1,-13,0.51,1,0,0,1,4,high ss1
FG033,22,3,Low-Slow,1,80,0.0,1,-12,0.41,1,0,0,1,4,high ss1
FG033,23,3,Low-Slow,1,80,0.78,1,-11,0.32,1,0,0,1,4,high ss1
FG033,24,3,Low-Slow,1,80,0.03,1,-10,0.43,1,0,0,1,4,high ss1
FG033,25,3,Low-Slow,1,15,0.45,-1,-11,0.16,1,0,0,1,4,high ss1
FG033,26,3,Low-Slow,1,15,0.39,-1,-12,0.1,0,0,0,1,4,high ss1
FG033,27,3,Low-Slow,2,5,0.11,-1,-13,0.81,0,1,1,0,4,high ss1
FG033,28,3,Low-Slow,2,5,0.8,-1,-14,0.14,0,0,0,1,4,high ss1
FG033,29,3,Low-Slow,1,15,0.45,-1,-15,0.02,0,1,1,0,4,high ss1
FG033,30,3,Low-Slow,1,15,0.53,-1,-16,0.25,0,0,0,1,4,high ss1
FG033,31,3,Low-Slow,3,80,0.37,1,-15,0.54,0,1,1,0,4,high ss1
FG033,32,3,Low-Slow,3,80,0.27,1,-14,0.25,1,0,0,1,4,high ss1
FG033,33,3,Low-Slow,3,80,0.91,-1,-15,0.24,1,0,0,1,4,high ss1
FG033,34,3,Low-Slow,3,80,0.13,1,-14,0.03,0,0,0,1,4,high ss1
FG033,35,3,Low-Slow,3,80,0.35,1,-13,0.38,1,0,0,1,4,high ss1
FG033,36,3,Low-Slow,3,80,0.43,1,-12,0.11,1,0,0,1,4,high ss1
FG033,37,3,Low-Slow,3,80,0.62,1,-11,0.14,1,0,0,1,4,high ss1
FG033,38,3,Low-Slow,3,80,0.84,-1,-12,0.23,1,0,0,1,4,high ss1
FG033,39,3,Low-Slow,3,80,0.22,1,-11,0.12,0,0,0,1,4,high ss1
FG033,40,3,Low-Slow,3,80,0.52,1,-10,0.17,1,0,0,1,4,high ss1
FG033,41,3,Low-Slow,3,80,0.7,1,-9,0.07,1,0,0,1,4,high ss1
FG033,42,3,Low-Slow,3,80,0.2,1,-8,0.38,1,0,0,1,4,high ss1
FG033,43,3,Low-Slow,3,80,0.77,1,-7,0.22,1,0,0,1,4,high ss1
FG033,44,3,Low-Slow,3,80,0.77,1,-6,0.2,1,0,0,1,4,high ss1
FG033,45,3,Low-Slow,3,80,0.77,1,-5,0.1,1,0,0,1,4,high ss1
FG033,46,3,Low-Slow,3,80,0.86,-1,-6,0.86,1,0,0,1,4,high ss1
FG033,47,3,Low-Slow,3,80,0.68,1,-5,0.38,0,0,0,1,4,high ss1
FG033,48,3,Low-Slow,3,80,0.2,1,-4,0.36,1,0,0,1,4,high ss1
FG033,49,3,Low-Slow,3,80,0.6,1,-3,0.25,1,0,0,1,4,high ss1
FG033,50,3,Low-Slow,3,80,0.37,1,-2,0.01,1,0,0,1,4,high ss1
FG033,151,4,High-Fast,2,25,0.13,1,-1,2.31,0,0,1,0,4,high ss1
FG033,152,4,High-Fast,2,25,0.43,-1,-2,0.18,1,0,0,1,4,high ss1
FG033,153,4,High-Fast,2,25,0.2,1,-1,0.01,0,0,0,1,4,high ss1
FG033,154,4,High-Fast,2,25,0.44,-1,-2,0.3,1,0,0,1,4,high ss1
FG033,155,4,High-Fast,2,25,0.37,-1,-3,0.01,0,0,0,1,4,high ss1
FG033,156,4,High-Fast,2,25,0.56,-1,-4,0.31,0,0,0,1,4,high ss1
FG033,157,4,High-Fast,1,60,0.81,-1,-5,0.01,0,1,1,0,4,high ss1
FG033,158,4,High-Fast,1,60,0.49,1,-4,0.17,0,0,0,1,4,high ss1
FG033,159,4,High-Fast,1,60,0.21,1,-3,0.19,1,0,0,1,4,high ss1
FG033,160,4,High-Fast,1,60,0.43,1,-2,0.13,1,0,0,1,4,high ss1
FG033,161,4,High-Fast,1,25,0.69,-1,-3,0.49,1,0,0,1,4,high ss1
FG033,162,4,High-Fast,1,25,0.03,1,-2,0.18,0,0,0,1,4,high ss1
FG033,163,4,High-Fast,1,25,0.15,1,-1,0.01,1,0,0,1,4,high ss1
FG033,164,4,High-Fast,1,25,0.64,-1,-2,0.51,1,0,0,1,4,high ss1
FG033,165,4,High-Fast,1,25,0.92,-1,-3,0.02,0,0,0,1,4,high ss1
FG033,166,4,High-Fast,1,25,0.84,-1,-4,0.1,0,0,0,1,4,high ss1
FG033,167,4,High-Fast,3,60,0.01,1,-3,0.01,0,1,1,0,4,high ss1
FG033,168,4,High-Fast,3,60,0.4,1,-2,0.23,1,0,0,1,4,high ss1
FG033,169,4,High-Fast,3,60,0.13,1,-1,0.38,1,0,0,1,4,high ss1
FG033,170,4,High-Fast,3,60,0.38,1,0,0.27,1,0,0,1,4,high ss1
FG033,171,4,High-Fast,3,25,0.07,1,1,0.25,1,0,0,1,4,high ss1
FG033,172,4,High-Fast,3,25,0.79,-1,0,0.07,1,0,0,1,4,high ss1
FG033,173,4,High-Fast,3,25,0.79,-1,-1,0.02,0,0,0,1,4,high ss1
FG033,174,4,High-Fast,3,25,0.57,-1,-2,0.25,0,0,0,1,4,high ss1
FG033,175,4,High-Fast,2,60,0.72,-1,-3,0.51,0,1,1,0,4,high ss1
FG033,176,4,High-Fast,2,60,0.66,-1,-4,0.02,0,0,0,1,4,high ss1
FG033,177,4,High-Fast,1,15,0.34,-1,-5,0.11,0,1,1,0,4,high ss1
FG033,178,4,High-Fast,1,15,0.51,-1,-6,0.05,0,0,0,1,4,high ss1
FG033,179,4,High-Fast,1,15,0.79,-1,-7,0.05,0,0,0,1,4,high ss1
FG033,180,4,High-Fast,3,25,0.93,-1,-8,0.09,0,1,1,0,4,high ss1
FG033,181,4,High-Fast,2,15,0.59,-1,-9,0.01,0,1,1,0,4,high ss1
FG033,182,4,High-Fast,3,25,0.7,-1,-10,0.62,0,1,1,0,4,high ss1
FG033,183,4,High-Fast,3,25,0.87,-1,-11,0.15,0,0,0,1,4,high ss1
FG033,184,4,High-Fast,1,60,0.24,1,-10,0.43,0,1,1,0,4,high ss1
FG033,185,4,High-Fast,1,60,1.0,-1,-11,0.13,1,0,0,1,4,high ss1
FG033,186,4,High-Fast,1,60,0.79,-1,-12,0.24,0,0,0,1,4,high ss1
FG033,187,4,High-Fast,1,60,0.38,1,-11,0.39,0,0,0,1,4,high ss1
FG033,188,4,High-Fast,1,60,0.73,-1,-12,0.04,1,0,0,1,4,high ss1
FG033,189,4,High-Fast,1,60,0.78,-1,-13,0.17,0,0,0,1,4,high ss1
FG033,190,4,High-Fast,1,60,0.05,1,-12,0.02,0,0,0,1,4,high ss1
FG033,191,4,High-Fast,1,15,0.07,1,-11,0.55,1,0,0,1,4,high ss1
FG033,192,4,High-Fast,1,15,0.69,-1,-12,0.5,1,0,0,1,4,high ss1
FG033,193,4,High-Fast,1,15,0.14,1,-11,0.05,0,0,0,1,4,high ss1
FG033,194,4,High-Fast,1,15,0.41,-1,-12,0.05,1,0,0,1,4,high ss1
FG033,195,4,High-Fast,1,15,0.7,-1,-13,0.01,0,0,0,1,4,high ss1
FG033,196,4,High-Fast,1,15,0.74,-1,-14,0.53,0,0,0,1,4,high ss1
FG033,197,4,High-Fast,1,15,0.27,-1,-15,0.02,0,0,0,1,4,high ss1
FG033,198,4,High-Fast,2,25,0.01,1,-14,0.03,0,1,1,0,4,high ss1
FG033,199,4,High-Fast,2,25,0.93,-1,-15,0.07,1,0,0,1,4,high ss1
FG033,200,4,High-Fast,2,25,0.34,-1,-16,0.03,0,0,0,1,4,high ss1
